# Age (kyr)	GMGSL (m)Miller et al. (2024)
0.000000	-0.8300
0.001310	1.0272
0.002840	11.6032
0.003573	4.1218
0.004307	14.0819
0.005446	5.9742
0.006127	6.5913
0.006770	12.8149
0.007714	-4.0118
0.008900	-4.0219
0.009477	-1.5352
0.010025	-2.1628
0.010545	2.1933
0.010979	0.9439
0.011496	2.1855
0.011879	-22.1112
0.012261	-12.1478
0.012595	-23.3630
0.012916	4.6654
0.013238	-30.2203
0.013540	-25.2395
0.013842	-23.3733
0.014132	-24.6215
0.014434	-55.1466
0.014726	-37.7075
0.015018	-47.0536
0.015305	-41.4497
0.015592	-58.8935
0.015879	-76.9602
0.016163	-71.3563
0.016542	-83.8175
0.016825	-88.1802
0.017108	-88.8054
0.017390	-83.2014
0.017671	-80.7120
0.017952	-107.4994
0.018231	-106.2558
0.018497	-98.7830
0.018764	-93.1790
0.019026	-103.1476
0.019259	-101.9037
0.019525	-93.8079
0.019769	-92.5641
0.020003	-85.7139
0.020237	-101.2885
0.020466	-102.5361
0.020836	-91.3265
0.021125	-90.7058
0.021337	-98.1824
0.021550	-100.0528
0.021756	-86.9732
0.021961	-96.9414
0.022166	-93.2055
0.022367	-93.8300
0.022568	-86.9795
0.022768	-86.9810
0.022967	-91.3430
0.023166	-91.3445
0.023365	-92.5918
0.023565	-89.4788
0.023765	-89.4804
0.023966	-101.3172
0.024170	-91.3522
0.024374	-91.9767
0.024582	-90.1096
0.024794	-85.7508
0.024998	-91.3586
0.025223	-96.9665
0.025445	-88.2474
0.025667	-80.1512
0.025899	-88.8737
0.026135	-97.5962
0.026371	-88.8772
0.026622	-83.2728
0.026875	-78.9143
0.027129	-82.0308
0.027402	-82.0328
0.027676	-85.7723
0.027954	-78.9223
0.028251	-83.9078
0.028548	-77.0580
0.028850	-70.2082
0.029167	-65.8502
0.029484	-64.6068
0.029808	-74.5757
0.030140	-71.4636
0.030473	-73.3347
0.030814	-70.8455
0.031160	-53.4065
0.031506	-66.4901
0.031860	-64.0010
0.032217	-68.3639
0.032574	-66.4977
0.032940	-72.1066
0.033294	-70.8633
0.033673	-70.2431
0.034047	-64.6395
0.034446	-69.0028
0.034797	-71.4969
0.035178	-77.7287
0.035559	-65.8960
0.035942	-77.1111
0.036329	-64.0326
0.037106	-65.9067
0.037498	-62.7948
0.037890	-62.1746
0.038285	-57.1940
0.038682	-68.4091
0.039079	-62.1828
0.039478	-72.1521
0.039879	-70.9090
0.040279	-75.8950
0.041087	-60.9505
0.041491	-64.6906
0.041899	-64.6933
0.042306	-67.8105
0.042713	-70.3049
0.043534	-68.4415
0.046012	-64.0973
0.046428	-64.7228
0.046845	-72.8233
0.047680	-52.8954
0.048098	-49.7835
0.048517	-54.1466
0.048937	-47.9201
0.049357	-65.3643
0.050199	-65.3696
0.050621	-61.6346
0.051043	-62.2601
0.051466	-63.5085
0.051889	-65.3798
0.052313	-69.7428
0.052737	-67.2537
0.053162	-66.0104
0.053587	-59.7839
0.054154	-59.7874
0.054296	-57.9195
0.054367	-35.4951
0.054793	-44.2185
0.055220	-52.3188
0.055646	-51.0755
0.056074	-56.6842
0.056501	-40.4910
0.056929	-61.6724
0.057357	-60.4291
0.057786	-59.1858
0.058214	-75.3839
0.058643	-74.7635
0.059072	-69.1598
0.059500	-63.5561
0.059930	-74.7710
0.060359	-70.4130
0.060788	-64.8092
0.061217	-72.2865
0.062076	-71.0455
0.062936	-74.7877
0.063366	-69.8068
0.063797	-67.3175
0.064228	-72.9261
0.064660	-69.8140
0.065092	-66.7018
0.065524	-67.9499
0.065957	-72.9355
0.066391	-69.2003
0.066826	-61.1048
0.067773	-71.0764
0.068211	-68.5871
0.068658	-61.7374
0.069104	-59.8710
0.069553	-57.3818
0.070023	-59.8759
0.070493	-61.1241
0.071189	-62.9963
0.071774	-52.4098
0.072359	-43.0691
0.073046	-44.3184
0.073767	-48.0595
0.074488	-55.5381
0.075248	-53.0502
0.076014	-43.0873
0.076780	-45.5827
0.077569	-42.4719
0.078358	-39.9841
0.079149	-35.0046
0.079952	-33.7626
0.080755	-34.3892
0.081561	-31.2784
0.082373	-28.1675
0.083186	-33.7774
0.084001	-33.7812
0.084819	-42.5057
0.085638	-39.3947
0.086461	-49.9878
0.087288	-51.8601
0.088115	-54.3554
0.088953	-58.7194
0.089795	-46.2648
0.090636	-53.7433
0.091500	-52.5010
0.092657	-39.4247
0.093540	-37.5596
0.094455	-35.6947
0.095371	-43.7962
0.096303	-40.0624
0.097253	-33.8370
0.098204	-32.5949
0.099159	-34.4697
0.100120	-35.1103
0.101080	-36.3710
0.102010	-30.7958
0.102950	-42.6083
0.103880	-46.9589
0.104890	-44.4869
0.105760	-45.1131
0.106610	-40.7890
0.107930	-64.2830
0.108460	-50.0730
0.109230	-53.1607
0.110240	-56.2433
0.111000	-55.0082
0.111770	-32.8371
0.112530	-32.8496
0.113580	-31.0222
0.114400	-18.1337
0.115500	-14.4817
0.116420	-32.2978
0.117340	-4.7318
0.118610	3.7909
0.119610	6.8047
0.120610	0.0342
0.122000	3.0302
0.123050	9.0856
0.124100	-7.4206
0.125520	3.4906
0.126580	7.0964
0.127610	0.9731
0.128960	-6.9722
0.129950	-3.9705
0.130810	-38.5587
0.131960	-46.4418
0.132750	-32.5183
0.133470	-61.5700
0.134543	-75.4595
0.137692	-85.6458
0.140259	-54.8721
0.142274	-74.6960
0.144246	-78.2575
0.146325	-74.0142
0.148214	-69.1877
0.150104	-60.7863
0.151993	-68.2300
0.153882	-64.3236
0.156187	-72.3329
0.158488	-72.8858
0.161044	-71.9483
0.163345	-66.5716
0.165646	-60.6177
0.167946	-58.5234
0.170219	-55.8444
0.172142	-50.8146
0.174145	-48.1524
0.176243	-46.9671
0.178872	-51.9551
0.182001	-50.4696
0.185118	-50.4538
0.187781	-59.8047
0.190209	-36.6892
0.192157	-30.2661
0.194855	-34.6522
0.197280	-32.9079
0.200301	-11.0855
0.203534	-22.1663
0.206932	-16.0900
0.210101	-9.7350
0.213090	-5.7081
0.216208	-1.3999
0.219084	-21.0936
0.221579	-51.7308
0.224395	-56.6266
0.227520	-36.9965
0.230360	-44.2020
0.233485	-36.1326
0.236326	-24.0455
0.240091	-17.4424
0.243143	-18.0295
0.245306	-42.4546
0.247618	-41.5909
0.250065	-57.0878
0.252267	-63.1057
0.254469	-59.6551
0.256915	-62.2275
0.259362	-59.3531
0.262054	-59.6323
0.264636	-54.7566
0.267305	-55.0383
0.268417	-57.0406
0.269752	-48.4504
0.272151	-61.0414
0.272707	-55.3166
0.275766	-60.4631
0.277712	-48.4453
0.278547	-46.7286
0.280616	-35.5732
0.282435	-33.5721
0.284005	-22.1342
0.284595	-25.5665
0.285576	-23.8517
0.286362	-29.5713
0.287229	-30.1438
0.288456	-24.4264
0.290839	-27.0016
0.293907	-39.8683
0.297866	-34.7251
0.301023	-30.7251
0.303478	-41.0175
0.305537	-27.2977
0.307693	-25.5837
0.309130	-23.2975
0.311765	-24.4422
0.314880	-9.5756
0.316077	-21.5845
0.317274	-17.2956
0.319189	-35.8835
0.319749	-18.1536
0.323004	9.8764
0.323787	9.8777
0.326527	3.5887
0.329048	-2.7019
0.329520	-18.1521
0.333217	-17.5784
0.334888	-28.7408
0.337301	-69.6806
0.337703	-49.0687
0.339120	-69.1145
0.339525	-57.6625
0.340335	-65.6827
0.341189	-75.9953
0.341621	-67.9783
0.343041	-67.6971
0.344654	-73.7190
0.345148	-56.5324
0.347984	-64.5642
0.351069	-64.5759
0.353273	-69.1719
0.354756	-63.4434
0.355990	-66.8898
0.357473	-62.8805
0.358954	-86.4115
0.361424	-45.1041
0.365024	-37.6469
0.368879	-64.6515
0.372461	-40.5291
0.375216	-40.5334
0.377420	-39.3865
0.379899	-33.6368
0.382379	-38.2424
0.385759	-28.4579
0.389011	-16.9356
0.392783	-21.5394
0.395046	-4.8148
0.396303	-5.3865
0.397562	13.0770
0.399577	12.5138
0.400332	9.6335
0.403102	20.6207
0.405871	6.7815
0.408833	5.0661
0.412296	-3.0080
0.416506	-16.5853
0.420139	-52.7613
0.424041	-63.7829
0.426841	-80.0279
0.430011	-86.7236
0.433012	-86.4620
0.436301	-91.4283
0.438326	-86.5126
0.440113	-62.7093
0.441554	-73.7585
0.445041	-59.8280
0.446693	-59.8359
0.447985	-64.2056
0.449278	-59.8483
0.450569	-58.6903
0.453023	-58.1192
0.453411	-63.3623
0.454343	-65.1147
0.454827	-59.2923
0.456056	-70.3683
0.457995	-74.4611
0.460031	-67.4794
0.462502	-68.6611
0.464952	-70.4272
0.467983	-58.1852
0.471241	-48.2671
0.474457	-35.4142
0.477672	-37.7544
0.482822	-28.9752
0.486353	-22.5272
0.489650	-22.5198
0.492498	-53.5973
0.495135	-25.4413
0.497982	-29.5457
0.500835	-14.2716
0.503685	-40.1174
0.505974	-45.4102
0.508256	-48.3546
0.510539	-56.0081
0.512866	-55.4276
0.516372	-48.3720
0.517132	-37.1823
0.520362	-40.1296
0.523942	-37.7731
0.527645	-38.9541
0.532277	-48.4044
0.535989	-55.5023
0.540059	-54.9235
0.543533	-53.1589
0.548072	-61.4595
0.552177	-44.8870
0.556122	-52.5984
0.558831	-45.4881
0.562066	-40.1518
0.564072	-27.6880
0.566079	-25.9037
0.568750	-29.4627
0.570742	-17.5768
0.572428	-16.3830
0.575076	-8.0505
0.578446	-25.2864
0.581576	-53.8473
0.584935	-56.8324
0.588108	-45.5225
0.592229	-35.3937
0.596952	-33.6024
0.600442	-37.7775
0.605655	-33.5966
0.610520	-20.4462
0.614169	-34.1891
0.617846	-43.7580
0.620119	-56.3252
0.622913	-85.6619
0.625412	-79.6891
0.628001	-98.8688
0.629667	-80.3097
0.630969	-88.7046
0.632314	-92.3083
0.633905	-84.5265
0.635127	-78.5384
0.637610	-81.5480
0.639623	-73.1611
0.642217	-76.7706
0.644013	-76.7779
0.646008	-77.3861
0.647603	-76.1920
0.650748	-68.3981
0.653748	-66.0044
0.655111	-69.6120
0.657021	-65.4120
0.658384	-63.6128
0.660020	-61.2127
0.661963	-52.8026
0.663708	-66.0285
0.664289	-52.2045
0.667488	-66.0365
0.670396	-58.2250
0.672141	-55.8220
0.673433	-66.6491
0.674678	-58.2310
0.676202	-62.4434
0.677725	-59.4380
0.680270	-58.8395
0.684354	-34.7793
0.711083	-61.8606
0.719395	-70.8646
0.721480	-68.4582
0.722714	-71.4580
0.723751	-58.8480
0.724900	-46.8415
0.726739	-43.8421
0.729904	-49.2439
0.737662	-56.4341
0.742187	-51.0409
0.744151	-57.6218
0.745675	-53.4320
0.746764	-64.1952
0.748646	-71.9600
0.753270	-61.1865
0.756536	-61.1762
0.760101	-51.6254
0.763560	-39.7089
0.766705	-42.6907
0.769270	-34.9623
0.771784	-29.6219
0.774049	-32.0084
0.776565	-17.1824
0.779652	-14.2445
0.782581	-13.0881
0.785328	-19.6266
0.787417	-35.0220
0.789235	-41.2348
0.792812	-31.4971
0.794833	-73.3986
0.798259	-70.4185
0.801964	-68.6195
0.805330	-57.4203
0.807979	-59.1697
0.810035	-38.0288
0.812191	-55.6273
0.814506	-50.9291
0.816547	-43.3114
0.819036	-33.9511
0.821586	-25.1929
0.823882	-40.3904
0.832188	-36.3218
0.834818	-35.1645
0.837438	-36.9139
0.840057	-32.8566
0.842675	-20.1122
0.845295	-14.3433
0.847915	-17.2637
0.850797	-24.8025
0.853417	-35.7857
0.856629	-9.8527
0.860666	-11.6295
0.863780	-30.0569
0.866926	-59.9150
0.869956	-58.7423
0.873348	-78.7480
0.876316	-72.9808
0.878649	-78.0864
0.880823	-74.6261
0.883496	-65.4657
0.886170	-59.7415
0.889178	-64.2611
0.892854	-62.5158
0.897282	-59.0681
0.900335	-59.6044
0.902000	-36.4099
0.903435	-43.1897
0.904392	-46.0106
0.905587	-42.0547
0.906783	-38.6672
0.908458	-42.0478
0.910849	-42.0418
0.915869	-48.2089
0.921370	-56.0246
0.924478	-63.2716
0.926439	-59.3329
0.927666	-59.8784
0.928489	-47.0203
0.931866	-46.4443
0.935857	-35.2875
0.938927	-30.8385
0.942094	-6.4138
0.944549	-20.3099
0.947250	-13.1258
0.949575	-7.6143
0.952111	0.0935
0.954912	2.8108
0.957385	-38.0331
0.959626	-23.1559
0.965252	-45.1590
0.968792	-32.5227
0.972527	-27.5944
0.976260	-24.3225
0.979995	-17.2405
0.984034	-30.3436
0.988608	-33.6096
0.993230	-23.0252
0.997392	-31.4365
1.002018	-38.1893
1.006182	-36.8192
1.007108	-45.4447
1.011272	-45.9489
1.016749	-21.7315
1.018137	-36.7650
1.023766	-14.2460
1.025111	-28.1691
1.028992	-25.7604
1.029839	-52.2038
1.032915	-43.1002
1.036151	-55.3324
1.038576	-58.4971
1.040756	-53.6816
1.043033	-50.4678
1.045190	-44.6063
1.047218	-48.3044
1.049050	-45.6374
1.051329	-42.9713
1.053611	-44.5433
1.055896	-43.9977
1.058174	-41.3403
1.060228	-35.5217
1.062309	-22.3283
1.064603	-16.0073
1.067531	1.3535
1.070554	23.4078
1.072791	-29.6958
1.074740	-34.9429
1.076651	0.2154
1.078229	-12.9082
1.079894	-11.3435
1.081655	-24.9694
1.083255	-13.9777
1.084856	-12.9379
1.086457	-40.6566
1.088217	-45.8732
1.089983	-45.8613
1.091788	-47.9370
1.093979	-39.5765
1.096387	-48.9462
1.098509	-50.4929
1.100430	-37.4671
1.102139	-28.0985
1.105129	-33.2938
1.106625	-24.4609
1.108120	-27.5771
1.109584	-29.1337
1.111384	-43.6551
1.113263	-45.2011
1.115044	-49.3363
1.117469	-50.8742
1.119781	-58.1019
1.122442	-51.8756
1.125084	-54.9577
1.127396	-50.8111
1.129709	-44.0903
1.131795	-51.8168
1.134110	-35.8283
1.135959	-30.6749
1.138040	-29.1304
1.140350	-27.0734
1.142661	-27.5901
1.144930	-35.3009
1.147308	-26.0541
1.149470	-22.9773
1.151848	-13.7478
1.154009	-16.8344
1.155954	-17.8671
1.158116	-27.6095
1.160205	-21.9797
1.162904	-9.7041
1.165605	-22.5072
1.168312	-23.0266
1.171855	-7.7105
1.175231	-11.3047
1.178605	-30.2021
1.181983	-18.4806
1.185805	-38.8811
1.189669	-41.4315
1.193531	-40.4171
1.197392	-38.3876
1.201112	-26.7015
1.204427	-41.9588
1.207736	-37.9015
1.211720	-42.4811
1.215871	-34.3719
1.220014	-21.7070
1.224514	-21.7303
1.228078	-10.6008
1.231642	-21.2621
1.235208	-7.6092
1.238560	-8.6451
1.241084	-24.8591
1.243417	-36.5113
1.245556	-54.7359
1.246711	-47.1513
1.247402	-56.2600
1.247913	-52.7207
1.248594	-62.8400
1.249790	-59.8089
1.251585	-46.1604
1.253695	-48.6981
1.256144	-44.6645
1.258030	-43.1572
1.261412	-38.6260
1.265480	-32.5855
1.269393	-28.0630
1.273128	-26.0672
1.277158	-22.0549
1.279912	-17.5305
1.281927	-24.1079
1.284008	-27.1512
1.285907	-35.2400
1.287700	-46.3549
1.289492	-51.4124
1.291284	-47.8912
1.293052	-46.8933
1.294714	-44.8858
1.295876	-43.8845
1.297533	-46.9223
1.298527	-51.4688
1.299687	-38.3613
1.300847	-39.3782
1.302669	-40.3997
1.304656	-36.3791
1.307147	-30.8501
1.309636	-23.3053
1.311817	-22.3140
1.313479	-18.7981
1.315133	-23.8527
1.316317	-16.3005
1.318152	-25.8930
1.319532	-34.4727
1.320756	-41.0345
1.322469	-41.0473
1.324183	-41.5640
1.326007	-39.0580
1.328767	-42.1025
1.331820	-41.1179
1.335182	-38.6248
1.343083	-33.1466
1.345733	-28.6356
1.348541	-13.5522
1.350829	-11.0548
1.352653	-8.0502
1.355167	-4.5489
1.357453	-18.1618
1.359654	-21.4528
1.362498	-29.7820
1.365593	-36.8534
1.367903	-45.4265
1.370493	-44.9435
1.375117	-39.9490
1.377592	-43.4899
1.379907	-38.4784
1.382130	-39.5021
1.384992	-26.9540
1.387824	-29.9948
1.391002	-21.9783
1.394359	-11.9554
1.397152	-11.4788
1.399908	-18.5390
1.402403	-27.6045
1.405261	-35.1633
1.408343	-44.2280
1.412124	-48.2726
1.415981	-47.2956
1.419195	-38.7859
1.422452	-28.7748
1.425530	-27.7964
1.428604	-9.2644
1.431682	-10.2965
1.435149	-7.8228
1.437943	4.1780
1.440408	-2.3619
1.442871	3.1235
1.445580	1.0914
1.448638	-21.4702
1.451061	-35.0045
1.454048	-50.5365
1.457399	-52.0538
1.460751	-45.0692
1.464341	-36.5914
1.467319	-21.6210
1.469702	-22.1392
1.472390	-22.1599
1.474854	-12.1961
1.477319	-8.7254
1.479784	-3.2618
1.482393	-4.7842
1.485752	-5.8143
1.489831	-32.2509
1.494716	-51.1893
1.500838	-44.7395
1.507375	-38.3024
1.511960	-21.9458
1.516104	-14.0406
1.520143	-21.5036
1.523955	-31.4281
1.530967	-40.1072
1.534624	-55.1785
1.538282	-50.2384
1.541571	-50.2365
1.545310	-25.5982
1.548827	-27.0917
1.552080	-40.6336
1.555122	-29.0844
1.558396	-26.1489
1.561671	-21.7455
1.564478	-25.1931
1.568090	-29.8633
1.570622	-34.5229
1.572431	-43.8258
1.576268	-42.6004
1.578966	-40.3999
1.580122	-37.9573
1.583245	-27.2204
1.584028	-29.6630
1.589512	-26.2656
1.591440	-29.1943
1.592175	-24.8135
1.595485	-23.8524
1.599195	-21.4363
1.600308	-22.4130
1.601792	-21.9334
1.602831	-20.9666
1.603713	-18.5433
1.605200	-25.8300
1.605795	-22.4355
1.607281	-22.9265
1.608758	-27.7804
1.610244	-26.8150
1.611136	-20.5189
1.612028	-32.6327
1.614694	-29.7317
1.617667	-24.1754
1.620630	-30.7100
1.623297	-29.9900
1.626394	-27.3417
1.628982	-46.6373
1.631199	-19.1609
1.632754	-44.7008
1.634724	-38.4374
1.637089	-51.4291
1.639454	-12.2260
1.644183	-47.5608
1.650539	-48.9835
1.659994	-42.2601
1.667461	-42.7317
1.669312	-43.6851
1.670237	-47.5026
1.670976	-45.1152
1.671475	-40.8202
1.672225	-38.4346
1.672975	-37.0039
1.674225	-26.0371
1.678724	-20.3353
1.689365	-18.4837
1.691831	-9.4707
1.692905	-23.7261
1.693620	-23.2541
1.694694	-28.4809
1.695499	-35.6036
1.697510	-37.9795
1.699264	-40.8278
1.702580	-36.5647
1.709028	-35.6302
1.719684	-17.2283
1.725774	-29.0644
1.727749	-12.5574
1.729109	-15.8689
1.730016	-30.9682
1.731377	-24.8429
1.735005	-17.7911
1.739996	-19.9406
1.744010	-31.4950
1.747012	-24.4510
1.748577	-41.3914
1.751775	-28.2374
1.753679	-22.1368
1.755826	-26.8478
1.758404	-25.9219
1.760679	-9.0303
1.763203	-12.3354
1.766103	-16.1103
1.768586	-23.1634
1.771068	-7.7036
1.773963	-9.6016
1.776754	-15.2466
1.779601	-30.2572
1.781927	-30.2697
1.783737	-42.4534
1.785605	-33.0986
1.789485	-31.7151
1.793219	-35.4773
1.797105	-33.1596
1.797762	-31.3354
1.799178	-31.3434
1.800876	-29.9510
1.802009	-21.5466
1.803283	-13.6124
1.804700	-17.3604
1.805976	-20.6393
1.807394	-16.9129
1.808953	-19.2590
1.810370	-14.1334
1.813471	-22.5582
1.815016	-17.4355
1.816563	-34.7103
1.817955	-36.1176
1.819503	-23.5322
1.821050	-16.5472
1.822751	-16.0937
1.824142	-14.7055
1.825532	-8.6562
1.827231	0.1850
1.828622	-13.3421
1.830015	-14.2850
1.831713	-14.2982
1.833228	-20.3654
1.834743	-21.7735
1.835803	-28.7662
1.837466	-17.6025
1.838072	-23.6595
1.840643	-18.5574
1.842460	-18.1056
1.843975	-18.5823
1.847005	-15.8142
1.848402	-9.7790
1.849658	-7.4644
1.850723	-6.5437
1.851733	-13.5265
1.852743	-11.6751
1.853803	-11.6839
1.854863	-14.0165
1.855922	-14.9546
1.856982	-24.7213
1.858042	-34.0213
1.859203	-25.6659
1.860528	-39.6104
1.862037	-41.0121
1.863624	-39.6275
1.865211	-45.6719
1.866799	-50.7860
1.868386	-39.6537
1.869973	-31.7735
1.871561	-28.9997
1.873148	-29.9381
1.874789	-33.6595
1.876556	-29.4969
1.878322	-12.8171
1.880261	-10.5156
1.882056	-15.6295
1.883847	-20.2780
1.885638	-15.1955
1.887426	-20.3056
1.889215	-16.6145
1.891010	-14.3141
1.892919	-14.3302
1.896735	-18.0646
1.898644	-31.0343
1.900965	-34.2877
1.903353	-35.6904
1.905742	-29.6957
1.908121	-31.0990
1.910441	-20.0256
1.912532	-26.5101
1.915087	-27.9147
1.917410	-21.9298
1.919518	-17.3308
1.921375	-17.3469
1.923284	-13.2108
1.925216	-7.6927
1.927148	-10.9403
1.932946	-5.4647
1.934710	-6.4044
1.936888	-2.2801
1.939467	-5.9927
1.942046	-33.6494
1.944625	-37.3521
1.947351	-25.4059
1.950102	-24.9696
1.952853	-26.8341
1.955711	-27.3191
1.958964	-22.2911
1.962047	-29.2144
1.965094	-26.9446
1.968140	-26.5140
1.970907	-19.6523
1.973043	-18.2971
1.974992	-5.9229
1.976941	-6.4048
1.978903	-15.6061
1.980857	-7.8274
1.982739	-2.3443
1.984620	-19.3399
1.986501	-19.8196
1.988385	-17.0892
1.990269	-10.6914
1.992154	-17.1330
1.994036	-15.3214
1.995917	-19.4693
1.997798	-16.7418
1.999723	-18.1399
2.001733	-25.4855
2.003140	-24.1194
2.004224	-27.7912
2.005597	-30.5482
2.006970	-27.3499
2.008137	-14.9893
2.008991	-10.8727
2.010987	-22.3374
2.013561	-16.4015
2.016860	-7.2674
2.018900	-10.0305
2.021167	0.0246
2.023660	-10.0682
2.026155	-16.0401
2.028425	-12.3964
2.030240	-19.7361
2.032283	-13.3448
2.034778	-29.8459
2.037045	-13.8444
2.039312	-35.8375
2.041578	-12.0548
2.044263	-18.0311
2.046418	-30.8703
2.048570	-27.2294
2.051198	-30.9191
2.053593	-41.9333
2.056238	-25.0204
2.059228	-29.6327
2.061621	-31.4920
2.064345	-27.4015
2.066899	-40.2590
2.069806	-50.8343
2.073041	-49.9626
2.077243	-27.5610
2.081445	-41.3728
2.084771	-41.4215
2.088111	-27.2494
2.090450	-22.2345
2.094124	-6.2190
2.096129	-4.8668
2.097875	-32.4422
2.100058	-28.3420
2.102242	-22.8622
2.105153	-20.6076
2.108277	-23.8724
2.111685	-19.3257
2.115435	-31.8069
2.119218	-26.3466
2.122920	-25.0261
2.126622	-21.8615
2.130323	-9.0111
2.134025	-8.6040
2.137727	-10.9665
2.141428	-19.3366
2.144282	-33.7086
2.146572	-38.8368
2.148420	-38.8735
2.150474	-37.9894
2.152528	-48.6723
2.154581	-50.1054
2.156635	-45.5204
2.158688	-49.7327
2.160742	-40.5113
2.162797	-41.4805
2.164853	-34.1046
2.166909	-33.6809
2.168965	-28.6171
2.170964	-26.3335
2.173622	-22.6669
2.176281	-18.9970
2.178945	-13.4646
2.181875	-16.3009
2.184469	-10.2953
2.186690	-21.9635
2.189135	-19.6773
2.191139	-30.4224
2.193420	-25.3390
2.195992	-27.7142
2.198560	-30.5571
2.201136	-27.8041
2.203685	-18.5140
2.206625	-20.4274
2.209625	-6.9271
2.212625	-13.0427
2.215867	-11.6854
2.218491	-14.0599
2.221407	-16.9078
2.224217	-16.0104
2.226552	-17.9151
2.228887	-18.4151
2.231214	-11.4161
2.233679	-13.3211
2.236105	-29.2953
2.238100	-45.7411
2.240095	-42.4882
2.242090	-39.2324
2.244085	-39.7303
2.246082	-27.0800
2.248079	-23.3467
2.250076	-16.7928
2.252073	-20.1022
2.254689	-14.0192
2.257495	-3.7013
2.260613	-5.1366
2.263731	-5.1596
2.266848	-11.2987
2.269654	-16.9671
2.273084	-33.4697
2.276089	-32.5509
2.278582	-39.1626
2.281072	-45.3042
2.283819	-34.0140
2.286065	-32.6125
2.288477	-27.9108
2.290864	-19.4357
2.293248	-18.0286
2.295639	-5.7763
2.300480	-12.8562
2.303465	-11.4434
2.306450	-13.3304
2.309436	-26.5365
2.312720	-27.4768
2.317496	-30.7705
2.319885	-22.7453
2.322327	-17.5479
2.324238	-10.9369
2.325991	-15.1755
2.328153	-13.2789
2.330119	-9.9679
2.330513	-18.9283
2.333265	-11.3660
2.336116	-18.4243
2.338645	-20.2941
2.341177	-6.5997
2.343709	1.4351
2.346030	-0.4340
2.348212	-12.2036
2.351105	-22.5495
2.353478	-33.3676
2.356116	-38.9948
2.358754	-30.0108
2.361127	-30.4544
2.363754	-21.9430
2.366128	-25.6826
2.368508	-17.6464
2.370635	-18.5617
2.372977	-8.1741
2.375086	-10.5017
2.377629	0.8260
2.379504	2.2604
2.381378	1.3429
2.383440	-0.5123
2.385315	-9.4234
2.387192	-15.5092
2.389257	-24.4105
2.390946	-22.9733
2.392823	-29.0521
2.395066	-19.1479
2.397402	-34.1405
2.399730	-27.9939
2.402000	-24.1980
2.404270	-25.5665
2.406533	-22.7108
2.408802	-12.3506
2.411072	-7.1544
2.413343	-17.4320
2.415613	-15.9862
2.417876	-13.1353
2.420135	-11.2228
2.421959	-19.1528
2.423974	-36.9065
2.425989	-27.0359
2.428004	-43.8412
2.430218	-49.8734
2.432286	-15.2222
2.434701	-40.8885
2.437116	-44.5739
2.439531	-40.3154
2.441946	-32.3245
2.446120	-32.7044
2.448132	-32.6623
2.450145	-31.2212
2.451956	-35.8456
2.453969	-24.1517
2.456090	-18.5201
2.458671	-8.6936
2.461511	-6.3190
2.464093	-10.4639
2.466674	-2.5155
2.469684	-7.5814
2.472908	-23.7859
2.476107	-23.7252
2.479274	-37.5827
2.481819	-42.1652
2.483645	-46.2962
2.485673	-46.2495
2.487499	-40.1867
2.489324	-36.9061
2.491387	-32.2350
2.493903	-34.9603
2.496147	-15.4959
2.500864	-11.2628
2.503059	-18.1552
2.505491	-24.1141
2.507688	-32.8392
2.512324	-39.6618
2.514207	-46.5316
2.514402	-42.8429
2.516352	-43.7226
2.518692	-42.2927
2.520837	-42.2480
2.522787	-42.2079
2.524542	-40.7931
2.526492	-40.2947
2.528247	-31.0780
2.530198	-36.5498
2.532345	-30.0885
2.534720	-36.4648
2.536790	-24.5145
2.538860	-17.6133
2.540722	-16.2145
2.542790	-14.3572
2.545272	-10.6679
2.547961	0.7852
2.551271	-0.0997
2.555196	2.2136
2.556167	-13.2806
2.558108	-21.9164
2.560050	-19.1568
2.561977	-17.7666
2.563901	-11.8278
2.567750	-12.2416
2.569677	-12.6754
2.571605	-11.7472
2.573532	-6.2820
2.575458	-9.4404
2.577383	0.0969
2.579307	-1.7028
2.581232	-3.9537
2.583156	-0.7716
2.585081	-3.0208
2.586880	-6.6253
2.588613	-4.3524
2.590347	-14.7275
2.592081	-23.7382
2.593814	-27.3256
2.595545	-24.5964
2.597276	-38.5460
2.599007	-36.7148
2.600741	-29.9332
2.602475	-32.6086
2.604209	-27.6353
2.605941	-32.5566
2.607673	-22.6473
2.609404	-23.0758
2.611170	-16.3235
2.613020	-11.8208
2.614869	-8.2196
2.616727	-8.6549
2.618634	-9.9846
2.620951	-10.4150
2.623520	-4.1384
2.626425	-5.4629
2.629330	-7.2312
2.632200	-16.5730
2.634526	-14.7704
2.636852	-38.3334
2.639178	-15.6203
2.641503	-25.8175
2.643820	-25.3453
2.646149	-26.6476
2.648560	-18.1984
2.650970	-14.6338
2.653776	-12.3997
2.656786	-1.7756
2.659797	6.1770
2.662627	0.8875
2.665032	0.0118
2.667438	-3.5028
2.669848	2.2203
2.672259	-7.4381
2.674669	-4.3548
2.676876	-15.7434
2.678802	-10.4715
2.680728	-24.9021
2.682654	-31.0013
2.684483	-28.3527
2.686221	-24.8362
2.687958	-18.2702
2.689695	-11.7136
2.691423	-13.8811
2.692814	-16.0480
2.694361	-15.5999
2.695908	-26.4591
2.697454	-25.1357
2.698998	-22.5110
2.700541	-27.7018
2.701930	-28.1171
2.703477	-27.6626
2.705023	-29.8074
2.706724	-18.0973
2.708271	-19.8132
2.709817	-13.3145
2.711342	-12.0083
2.713002	-33.5773
2.714515	-5.5186
2.715877	-12.8415
2.717431	-20.1534
2.718961	-17.5555
2.720490	-21.8430
2.722060	-17.5283
2.723555	-16.6561
2.725104	-11.4927
2.726847	-29.0647
2.728591	-19.6133
2.730334	-22.1650
2.732583	-14.4426
2.735002	13.3410
2.737499	7.3521
2.740554	14.1582
2.743608	6.4802
2.746729	8.1692
2.751078	2.2177
2.753367	6.4481
2.757942	-0.7483
2.760000	-1.1699
2.762286	-7.9131
2.764344	-5.8006
2.766859	-9.1585
2.769137	-9.1491
2.771267	-15.8534
2.773397	-5.3598
2.775743	-5.3548
2.777235	0.0862
2.778942	1.3390
2.780648	1.7544
2.782354	-1.1688
2.784415	-7.0039
2.786634	-1.1690
2.789592	-5.7418
2.793420	-6.9778
2.796653	-18.9814
2.798747	-5.7208
2.801059	-22.6622
2.802793	-35.0330
2.804238	-23.0407
2.805972	-24.2587
2.807417	-24.2420
2.809411	-23.8074
2.812612	-12.2630
2.815622	-8.9623
2.819137	-10.1765
2.822185	-4.0244
2.828074	-3.6036
2.830623	-5.6359
2.832885	-4.4074
2.834863	-9.2832
2.836871	-9.2731
2.838879	-12.9173
2.841087	-17.3644
2.843227	-10.0516
2.845111	-11.6610
2.846808	-16.1010
2.848692	-16.0856
2.850385	-10.4159
2.852267	-19.2857
2.854336	-4.7463
2.856233	-6.3515
2.858075	-3.5247
2.859868	-2.3119
2.861576	-4.3178
2.863284	3.3238
2.864821	-8.3226
2.866358	-0.2867
2.868069	-1.4864
2.869609	-3.8878
2.871319	-4.2822
2.873030	-11.8828
2.874909	-17.0717
2.876561	-16.2579
2.878191	-21.0399
2.879821	-19.8259
2.881747	-11.0275
2.883561	-12.2128
2.885421	-11.0048
2.887352	-5.8145
2.889206	-7.0008
2.890875	-4.6057
2.892819	-3.8028
2.894794	-3.0010
2.896769	-1.0087
2.898745	-8.1468
2.900720	-6.5507
2.902843	-4.1632
2.904764	-1.7796
2.906492	-6.5257
2.908413	-11.2662
2.910142	-12.8388
2.912062	-12.4322
2.913983	-10.4459
2.916096	-14.3839
2.918019	-15.9511
2.919942	-19.4892
2.921672	-16.7169
2.923403	-14.3415
2.925201	-11.9680
2.927118	-2.1149
2.929277	-4.0776
2.931886	0.6491
2.935648	1.8336
2.939937	-0.5173
2.945042	14.0008
2.948804	5.7651
2.951276	4.9815
2.953216	8.1140
2.954675	-5.1966
2.954918	3.0242
2.956133	-1.6718
2.957106	-9.1053
2.957349	-2.4531
2.959537	3.0251
2.961063	1.0701
2.961645	-2.0575
2.963005	2.6344
2.963588	9.2791
2.964753	-5.1813
2.965530	-11.4323
2.967464	-2.4438
2.969381	-2.4426
2.971299	-9.4687
2.973217	-12.1980
2.975134	-1.6597
2.977053	-3.9999
2.978972	2.6305
2.980892	17.4449
2.982812	3.0179
2.984732	13.1485
2.986650	11.9758
2.988604	8.0767
2.990630	6.1264
2.992655	3.0088
2.995115	-3.2219
2.998777	-5.1696
3.000733	-8.6736
3.002781	-8.2899
3.005223	-6.7411
3.007665	-19.9672
3.010367	-7.1453
3.013080	-16.0923
3.016057	-6.3868
3.018559	-5.6185
3.021061	-6.4045
3.023091	-8.7421
3.025090	-7.1961
3.027089	-1.3797
3.029088	-4.1056
3.031088	12.5780
3.033087	7.9102
3.035098	6.7362
3.037317	7.5017
3.039535	5.9387
3.041754	0.1081
3.043973	2.0375
3.045970	-7.6702
3.048190	0.8536
3.050411	-11.9567
3.052633	-2.6585
3.055074	8.5762
3.057240	6.2383
3.059404	-1.5280
3.061568	12.0321
3.063732	9.6943
3.065896	5.0305
3.068572	9.2810
3.071280	12.7554
3.073983	5.7635
3.076686	6.9121
3.079394	6.5101
3.082101	6.8833
3.084685	-3.9821
3.087265	0.2676
3.089852	-1.2961
3.092439	-4.4096
3.095026	0.2269
3.097612	-5.9863
3.100191	3.2995
3.102778	7.9352
3.105365	-1.7644
3.107952	4.4208
3.110538	-7.9896
3.113117	3.6189
3.115704	-7.6283
3.118291	-1.4437
3.120878	-16.1755
3.123455	-1.0826
3.126042	-1.4830
3.128630	-12.7270
3.131217	-12.3521
3.133419	-15.8476
3.135487	-23.6015
3.137589	-20.5132
3.139767	-20.5228
3.142242	-8.5318
3.144723	-7.7690
3.147019	-10.8763
3.149953	1.4970
3.153051	-0.4529
3.156149	4.5637
3.159247	-0.8684
3.162345	-1.2692
3.165443	-0.5091
3.168355	-7.0979
3.170831	-5.9475
3.173555	-5.1849
3.178516	-10.6176
3.180997	-7.1469
3.183489	-5.2232
3.186587	3.6550
3.189437	4.4163
3.192851	5.1753
3.196550	-1.7923
3.201103	2.8262
3.205940	-5.6839
3.207363	-6.8459
3.209640	3.1822
3.212770	-3.7735
3.215330	2.7776
3.217892	1.6125
3.219883	0.4497
3.220759	-2.2519
3.223007	-6.1128
3.223650	4.6798
3.224294	1.9795
3.225902	2.7459
3.227511	3.1268
3.227832	3.8966
3.228476	-1.4998
3.230593	-0.7342
3.231680	4.6563
3.235737	0.4097
3.240161	0.4004
3.244585	-1.1469
3.249009	8.0743
3.252466	1.1477
3.255814	8.0581
3.258908	3.8269
3.263020	2.6694
3.268092	6.4992
3.272697	3.8095
3.277763	0.7414
3.281914	0.7410
3.286061	-3.4658
3.288611	-25.6381
3.292686	-22.9428
3.296454	-15.2880
3.299872	-17.5639
3.303153	-25.5562
3.306433	-18.2944
3.309699	-11.4219
3.316024	-7.9709
3.319055	-9.0988
3.322332	-7.1847
3.325608	-1.0978
3.328611	-11.7072
3.330929	-2.2170
3.333025	-25.6986
3.335122	-18.4834
3.337093	-25.6586
3.339027	-14.2896
3.340962	-16.9220
3.342897	-16.9057
3.344832	-17.6447
3.346854	-10.4530
3.349268	-14.2086
3.351681	-10.0402
3.354100	-7.7608
3.356519	-8.1200
3.358938	-17.5099
3.361353	3.9510
3.363765	-3.9301
3.366184	0.5932
3.368603	0.9826
3.371021	0.2468
3.373431	-0.4875
3.375850	1.4009
3.378268	-1.9514
3.380687	1.4319
3.382668	0.3241
3.384601	-13.1055
3.386561	-0.0210
3.388578	-4.1081
3.390596	0.3825
3.392614	-3.3263
3.394631	1.1586
3.396649	12.3327
3.398605	10.1106
3.400498	-5.8523
3.402392	-7.3168
3.404286	-0.6180
3.406176	-2.0834
3.408056	0.5284
3.409936	0.1752
3.411655	5.3712
3.413329	-1.6415
3.414959	0.2229
3.416463	-1.9783
3.417967	-6.7609
3.419471	-2.3149
3.420975	-4.8793
3.422482	-8.9144
3.423988	-5.9472
3.425495	-5.5598
3.427001	-1.4939
3.428505	-3.6827
3.430009	1.1126
3.431513	1.4959
3.433018	11.0538
3.434634	4.4633
3.436306	7.4117
3.437961	10.3562
3.439789	10.7360
3.441617	11.8470
3.443445	8.9365
3.445370	-3.4628
3.447323	3.1320
3.449276	5.7060
3.451229	3.1762
3.453465	9.7528
3.455897	12.3193
3.458337	5.0755
3.460778	8.7309
3.463220	4.0440
3.465661	0.8157
3.468094	4.8269
3.470113	8.8255
3.472066	8.4852
3.474019	6.3425
3.475972	17.8959
3.477923	11.7893
3.479874	9.6502
3.481824	12.1867
3.483775	11.8468
3.485725	8.2797
3.487676	5.4363
3.489626	7.6105
3.491772	10.4985
3.493333	7.2998
3.493723	10.1632
3.494309	10.5272
3.495481	9.4908
3.495481	9.8266
3.497050	9.1318
3.498854	16.2822
3.501460	10.6103
3.503462	15.2569
3.505465	8.8819
3.507467	13.1667
3.509269	12.1228
3.511917	11.4455
3.515360	8.3063
3.518489	5.1741
3.521305	-6.0578
3.524122	1.3931
3.527075	6.3654
3.530409	4.3136
3.534076	15.5776
3.537781	11.0779
3.541173	6.9402
3.544523	3.8616
3.547508	6.0008
3.550492	7.4396
3.553477	8.5279
3.556462	7.8837
3.559446	5.5152
3.562431	7.6369
3.565416	8.7194
3.568401	12.5482
3.571385	15.6787
3.574370	8.1797
3.577528	9.2583
3.580715	2.4813
3.583900	4.5892
3.587083	0.5652
3.590266	8.7841
3.593449	10.5321
3.596716	11.9369
3.599999	9.6190
3.603285	5.2841
3.606571	11.0702
3.609854	20.5371
3.613136	14.5259
3.616524	11.5526
3.620215	3.2384
3.623909	2.3026
3.627606	2.7032
3.631297	-4.5575
3.634899	5.4905
3.638185	14.5067
3.640485	13.2071
3.644754	14.2521
3.648036	13.9588
3.651318	17.6286
3.654568	14.3611
3.657781	9.7820
3.660993	5.8705
3.664527	2.9569
3.667741	0.7007
3.671600	2.7203
3.675138	5.0571
3.678351	6.4018
3.682022	13.6340
3.685827	13.0100
3.689633	22.1788
3.693440	9.4765
3.697597	10.8096
3.700985	16.3680
3.704553	11.1770
3.708122	8.2673
3.711691	6.0090
3.715259	5.0507
3.718723	9.6147
3.721765	17.4213
3.724503	11.5811
3.727241	13.5358
3.730283	19.7103
3.733021	15.1681
3.735759	15.4953
3.738498	15.1723
3.741543	15.4976
3.744283	12.9000
3.747042	8.0285
3.750223	14.1943
3.753084	14.5153
3.755946	17.4339
3.758807	20.6775
3.761987	18.3970
3.767508	21.6347
3.770300	15.4482
3.773510	8.6041
3.776398	5.3353
3.780249	4.0106
3.784101	14.0881
3.787955	14.3940
3.792621	9.7989
3.796181	10.7543
3.800808	8.4334
3.805079	9.7083
3.809350	6.7260
3.813900	11.2748
3.819110	13.8574
3.823913	12.5037
3.829016	4.2303
3.833120	0.8890
3.833867	8.7898
3.837972	16.3367
3.842076	20.5969
3.845436	22.2258
3.849443	22.5291
3.853662	10.5679
3.857891	19.8153
3.862023	18.1213
3.865369	10.1108
3.869055	9.0716
3.872209	5.3700
3.876081	4.9882
3.880012	15.2943
3.883588	14.2569
3.886450	8.8738
3.888953	18.8931
3.891097	10.4963
3.893597	7.7858
3.896455	11.1089
3.900742	12.4072
3.903243	10.3633
3.906101	14.0348
3.906816	14.0277
3.909677	14.3366
3.910393	14.3297
3.913254	11.7451
3.913254	4.1836
3.916075	10.2241
3.918535	7.1578
3.921348	9.1535
3.924511	12.8404
3.928729	13.8148
3.933236	17.8408
3.937301	18.1459
3.941365	5.2008
3.944577	7.8845
3.947439	5.4721
3.950513	7.8215
3.953497	16.3091
3.955700	12.8812
3.958299	7.0581
3.960732	8.0567
3.963164	8.0321
3.966261	7.3175
3.969575	4.8903
3.972889	7.9352
3.976865	0.3622
3.980179	6.1510
3.983051	-4.5066
3.985260	0.6126
3.987969	2.9858
3.990457	-2.5331
3.992943	1.9047
3.994724	-4.9856
3.997053	-14.2932
4.000031	-10.5481
4.003025	-4.7276
4.005907	-6.8177
4.009260	11.4077
4.012308	0.7077
4.015049	-4.8280
4.017789	3.0819
4.020834	5.4764
4.023879	10.9797
4.026923	14.0707
4.030152	4.7272
4.033925	4.0128
4.037434	10.2151
4.040970	6.3914
4.044511	-1.2418
4.048262	-6.1125
4.052192	-3.7148
4.056122	-4.0863
4.060052	-2.0313
4.063983	-4.1351
4.067916	3.4723
4.071947	3.4512
4.075978	8.6371
4.080972	6.5307
4.086413	10.3264
4.092021	5.7846
4.096438	6.1122
4.100472	10.6145
4.103877	7.8183
4.107650	7.4545
4.111201	3.2645
4.114925	0.8122
4.118396	4.2774
4.121867	13.6621
4.124504	17.1339
4.127105	11.5533
4.129470	10.4996
4.131816	9.0975
4.133690	6.6520
4.135565	6.9929
4.137439	4.8952
4.138840	16.3868
4.140650	14.9868
4.142698	5.9196
4.144746	8.0024
4.147086	9.7361
4.149427	10.4244
4.152226	3.7907
4.155350	2.3837
4.158802	2.0212
4.162581	4.7959
4.166674	16.6389
4.170768	15.9271
4.175407	15.2132
4.180017	12.7543
4.184621	10.2945
4.187841	15.1697
4.191092	7.8267
4.193256	13.7540
4.195420	10.9528
4.197224	12.3429
4.199030	6.7486
4.201559	11.2792
4.203822	11.2708
4.207661	8.1122
4.213767	14.7279
4.216546	4.9319
4.219011	11.2133
4.221230	-1.3797
4.223388	13.6436
4.224958	12.5888
4.226733	13.2813
4.228114	11.1779
4.229691	9.4231
4.231860	1.7197
4.234230	2.4087
4.236859	6.2451
4.240146	12.1793
4.242835	12.1683
4.245524	4.4568
4.248213	5.8447
4.251263	-3.6233
4.254496	-4.6911
4.258053	5.4484
4.261612	1.5767
4.264848	1.5597
4.268294	4.6964
4.271391	1.8750
4.275260	12.3768
4.280130	13.7357
4.280130	13.4063
4.285187	17.9462
4.292206	6.6713
4.296084	-1.7873
4.299256	5.9262
4.302782	6.6078
4.305787	9.4041
4.308609	11.8512
4.311421	1.6225
4.314290	3.3629
4.317167	11.8002
4.320045	17.4235
4.322911	15.9970
4.325789	21.2733
4.328666	13.8454
4.331544	-1.3597
4.334894	13.4523
4.338128	21.9166
4.342081	15.5271
4.345878	11.9616
4.349939	9.4514
4.353965	21.4758
4.357842	4.7737
4.361720	11.8408
4.365597	-0.6320
4.369475	5.3733
4.373352	8.8957
4.377229	6.7210
4.381107	4.1847
4.384772	4.8588
4.387639	9.4728
4.390506	11.9476
4.393372	9.0576
4.396228	-0.2839
4.399045	6.1311
4.401778	6.0998
4.404785	-0.3975
4.407519	5.6732
4.409968	-1.5477
4.412702	6.6897
4.415162	10.9815
4.417529	6.9913
4.420064	-0.9748
4.422422	2.9604
4.425035	6.5368
4.427647	11.9268
4.430260	9.7262
4.432865	4.2616
4.435474	16.5509
4.438087	7.4534
4.440699	-4.2035
4.443307	9.2013
4.445632	5.5329
4.447722	18.6110
4.449812	8.0234
4.452110	9.8155
4.454199	18.1830
4.456287	10.8563
4.458166	0.9622
4.460253	5.3173
4.462341	22.8603
4.464637	12.2132
4.466724	9.6191
4.468812	12.5269
4.470691	11.7682
4.472780	17.2559
4.474661	16.4993
4.476751	11.6879
4.478841	10.9227
4.481518	18.2661
4.484717	8.6240
4.487982	10.7951
4.491425	8.1520
4.495122	9.2084
4.498818	0.6007
4.502604	7.2323
4.506739	16.4936
4.510873	6.7233
4.515421	6.2725
4.519952	14.8302
4.523919	-1.7718
4.527129	-5.6063
4.529513	-0.3810
4.531292	-7.5890
4.533524	-1.5966
4.535779	-0.8876
4.538566	7.3876
4.541627	8.8535
4.545254	4.2350
4.546928	11.8105
4.548044	12.1746
4.549439	8.7275
4.550834	5.2757
4.551671	6.4043
4.553895	6.3659
4.556682	6.3177
4.560777	5.8641
4.561310	-0.6556
4.563444	8.1177
4.565384	4.2489
4.567303	4.9821
4.569221	1.4882
4.571140	4.9139
4.572419	-7.8144
4.574421	-4.3936
4.576219	-13.3050
4.577218	-8.7005
4.577817	0.5495
4.579216	-6.8172
4.580816	-2.6021
4.582950	-0.3253
4.585796	4.2677
4.588108	0.3478
4.589808	-3.1792
4.591202	-0.4893
4.593119	1.0281
4.596258	3.6943
4.599400	0.9095
4.601842	3.2059
4.603271	7.8683
4.604699	-0.3623
4.606127	2.7395
4.607425	-0.0230
4.608596	-0.4366
4.610096	-6.3425
4.611940	-8.7352
4.613785	0.6428
4.615517	-17.0636
4.617561	0.5741
4.619605	-4.9714
4.621785	2.8611
4.623965	10.7087
4.625946	-1.1543
4.627925	-5.1394
4.629903	1.1446
4.631881	-12.3374
4.633678	1.4758
4.635791	-6.8792
4.637904	-2.1636
4.640017	6.9258
4.642131	0.9379
4.644242	10.4434
4.646564	7.2310
4.648674	6.0072
4.650785	4.3832
4.653107	-7.2184
4.655218	-7.2584
4.657328	-3.3029
4.659439	-0.5403
4.661159	2.2327
4.663137	4.6054
4.665116	2.1740
4.667314	6.1515
4.669953	8.1236
4.672814	3.6695
4.676555	8.0432
4.682492	12.0031
4.687765	-10.6589
4.689825	-13.5221
4.690855	-9.9037
4.691885	-11.1336
4.693121	-8.3240
4.694563	0.1485
4.696406	1.7431
4.698240	-5.5703
4.699891	-2.7583
4.700808	-8.4452
4.701908	-9.2730
4.702458	-8.8761
4.703375	-4.0230
4.704291	-6.4700
4.707036	3.2346
4.712626	-4.5556
4.715102	-4.1816
4.716586	1.0908
4.717904	-7.0682
4.719372	-4.2367
4.721788	-3.8596
4.723885	2.2315
4.725337	0.9920
4.726466	2.2039
4.727112	-5.5571
4.728080	-12.5086
4.729048	-8.4391
4.731303	-9.6935
4.735653	-8.5224
4.737606	-13.8643
4.738861	-1.6051
4.739758	-4.0701
4.740833	0.4212
4.742805	2.0398
4.742985	0.8095
4.744777	-0.8466
4.747156	3.4911
4.747156	0.3598
4.749331	6.0802
4.749726	1.1558
4.750517	-2.5427
4.751505	-10.3466
4.751716	-1.3236
4.751927	-0.9153
4.754037	4.4006
4.755935	-0.1310
4.757623	7.2464
4.759311	7.2339
4.760788	6.4013
4.762900	-0.6018
4.765013	0.2030
4.767547	-7.6326
4.771558	-12.6071
4.781473	-10.6339
4.785341	-0.3565
4.787404	6.2288
4.789749	0.0285
4.791860	1.2538
4.793963	0.8292
4.795369	8.2504
4.797479	9.4788
4.800115	3.2738
4.803630	-1.2856
4.808319	5.3022
4.813596	0.3231
4.816407	-10.0192
4.818243	-1.7606
4.819292	-0.5243
4.820604	-0.5288
4.821391	-3.4246
4.822440	5.2522
4.823489	0.7022
4.824790	6.0721
4.826462	16.4019
4.830032	10.6057
4.842354	10.9949
4.844190	-11.3271
4.845763	-14.6346
4.847337	-12.5688
4.848648	-24.1403
4.850484	-19.1810
4.853397	-15.0479
4.857872	-15.8706
4.861069	-12.9756
4.862784	13.8668
4.863455	0.6536
4.864364	-9.2549
4.864860	1.0673
4.866101	0.2426
4.866349	-2.2341
4.868087	2.7209
4.869328	0.6584
4.870569	10.9763
4.871809	1.8993
4.873050	3.5511
4.873795	11.3900
4.875532	7.2662
4.876029	6.4418
4.878262	0.6717
4.881136	-0.9715
4.884125	-1.7883
4.887113	-7.9586
4.889830	-7.5364
4.892068	-16.1718
4.894508	-19.0389
4.897414	-18.6094
4.899347	-22.2979
4.901245	-18.1732
4.902971	-14.4626
4.904351	-7.4687
4.905904	-16.9083
4.907632	-5.3973
4.909359	-1.2825
4.911087	0.3676
4.912987	6.5308
4.914712	5.7169
4.916438	2.4436
4.917991	-1.2383
4.919888	-2.0474
4.921614	2.0591
4.923512	-2.8449
4.925065	-1.1979
4.926790	2.9049
4.928515	0.4596
4.930475	1.2892
4.932434	2.9359
4.934590	0.4968
4.936941	-4.7968
4.938898	-3.5572
4.940660	8.6972
4.942421	-6.3855
4.944242	-5.1471
4.945712	-5.5425
4.949922	-5.5066
4.953666	-3.0325
4.957405	-0.5619
4.960989	3.1223
4.964972	1.9345
4.969353	-4.1106
4.974132	-6.0888
4.977968	7.2976
4.981128	3.6829
4.983234	-4.3783
4.987090	5.3459
4.991652	6.1883
4.997731	10.0219
4.997731	-3.0194
4.999349	9.0653
5.000644	3.4411
5.003881	8.2719
5.007765	5.0672
5.008088	4.2653
5.010677	0.6626
5.014282	2.2791
5.017563	1.8899
5.021368	-4.4968
5.025425	5.1150
5.029727	3.9298
5.034029	7.5324
5.038756	7.9418
5.043913	3.9755
5.047034	3.1906
5.050881	-10.2995
5.054727	-9.0840
5.058573	-4.6991
5.061650	-3.8909
5.066650	1.6741
5.070496	-1.8707
5.073958	1.3054
5.077804	2.1089
5.081650	5.2780
5.086031	-1.4111
5.092165	5.3058
5.096790	13.5782
5.101040	-0.1751
5.104863	13.1931
5.109107	6.1317
5.112740	14.7698
5.115901	17.9087
5.118710	2.2319
5.120705	1.8451
5.122683	4.9836
5.124331	-5.5864
5.125980	-2.8401
5.127298	-3.2276
5.129276	1.0831
5.132314	4.2196
5.133579	1.8753
5.135056	10.4812
5.136744	4.2277
5.138854	22.6012
5.140963	13.2221
5.142949	11.6607
5.144923	20.2545
5.146788	16.7397
5.148611	21.0344
5.150437	12.0561
5.151806	8.5444
5.153403	7.7655
5.154772	1.9144
5.155912	5.8173
5.157279	6.9890
5.158418	2.3098
5.160013	9.3312
5.161607	3.8736
5.163658	3.8759
5.167533	3.8799
5.172024	4.6630
5.175550	0.7708
5.178112	1.1625
5.180034	-9.3488
5.182276	-10.1244
5.184838	-5.8394
5.187726	-2.3340
5.190933	-2.7212
5.194141	-6.6105
5.196804	-4.6639
5.198513	2.7281
5.200222	5.4511
5.201589	18.2874
5.203298	7.0066
5.204665	5.4504
5.206715	5.8389
5.208657	12.0610
5.212072	3.5037
5.216845	7.7791
5.220126	3.1106
5.221916	6.6093
5.223706	6.6080
5.225496	6.6066
5.226988	8.9387
5.228778	9.3261
5.232357	9.3230
5.238324	9.7060
5.242853	5.4217
5.245239	6.5857
5.246975	5.0270
5.248714	6.5809
5.250018	15.1399
5.251540	1.5178
5.264086	3.4405
5.265997	1.4891
5.267734	4.6014
5.269124	16.6750
5.270480	3.0372
5.271567	-14.4990
5.273088	-1.2554
5.274393	6.9253
5.275912	8.0914
5.277428	6.9189
5.279776	6.5238
5.282491	9.2476
5.284934	12.3631
5.287650	11.9679
5.290367	8.4499
5.295168	10.3909
5.300539	3.3453
5.305190	12.3223
5.310199	4.0956
5.310808	7.2235
5.313410	4.0847
5.313670	5.2579
5.316013	3.2925
5.316273	-1.0153
5.318615	3.2829
5.320917	-5.3452
5.321030	-2.5622
5.324030	-1.4003
5.327030	-3.3753
5.330030	-2.6057
5.333040	0.5198
5.336040	0.1131
5.339040	1.6705
5.342040	-5.4207
5.345040	-7.0123
5.348040	2.8087
5.351040	8.3082
5.354040	6.7208
5.357040	2.3714
5.360040	-3.5614
5.363040	-1.2118
5.366040	3.1153
5.369040	5.8665
5.372040	-0.4750
5.375040	0.2984
5.378040	0.2805
5.381040	-1.3226
5.384040	0.6406
5.387040	-2.5520
5.390040	-1.7786
5.393040	-2.9910
5.396040	2.9518
5.399040	1.3427
5.402050	1.3238
5.405050	5.2896
5.408050	-0.7083
5.411050	2.0644
5.414050	0.0486
5.417050	1.6267
5.420050	-1.1927
5.423050	-0.4140
5.426050	-2.8389
5.429050	2.3495
5.432050	0.7252
5.435050	-0.5003
5.438050	-2.1296
5.441050	1.0646
5.444050	1.4463
5.447050	1.0229
5.450050	4.2271
5.453050	-2.2469
5.456050	-10.7502
5.459050	3.7676
5.462050	1.7265
5.465050	-0.3179
5.468050	-1.1503
5.471060	2.0702
5.474060	-4.8478
5.477060	0.4055
5.480060	-0.8351
5.483060	2.8029
5.486060	4.0046
5.489060	0.3199
5.492060	1.5217
5.495060	-0.5385
5.498060	-2.1936
5.501060	-1.3992
5.504060	-14.9164
5.507060	-15.7671
5.510060	-11.7042
5.513060	-1.4871
5.516060	-0.6884
5.519060	1.7534
5.522060	-0.7301
5.525060	-6.0940
5.528060	-2.8276
5.531060	-4.0840
5.534060	-4.1063
5.537060	-7.8377
5.540070	-11.9862
5.543070	-12.4256
5.546070	-10.3874
5.549070	-7.5199
5.552070	-4.2352
5.555070	-0.1188
5.558070	1.1050
5.561070	-0.1545
5.564070	-1.0009
5.567070	-1.8481
5.570070	3.1123
5.573070	2.2668
5.576070	-3.9781
5.579070	-0.6725
5.582070	-1.9362
5.585070	0.1263
5.588070	-0.7217
5.591070	-3.2354
5.594070	-2.4194
5.597070	-2.8524
5.600070	-3.2855
5.603070	-3.3018
5.606080	-2.9008
5.609080	-2.4992
5.612080	-2.0971
5.615080	-1.6945
5.618080	-2.9626
5.621080	-5.0671
5.624080	-4.2465
5.627080	2.0113
5.630080	-5.5313
5.633080	-12.6599
5.636080	1.5544
5.639080	4.4725
5.642080	1.5291
5.645080	-0.9968
5.648080	-2.6858
5.651080	-4.3756
5.654080	-6.4852
5.657080	-5.6605
5.660080	-1.8993
5.663080	1.0246
5.666080	2.2714
5.669080	0.1616
5.672080	-1.9490
5.675090	-3.2205
5.678090	-3.6527
5.681090	-1.1451
5.684090	-1.1568
5.687090	-4.9493
5.690090	-4.1210
5.693090	-0.3510
5.696090	0.8985
5.699090	-5.8375
5.702090	-9.2122
5.705090	-9.2242
5.708090	-9.6566
5.711090	-7.9864
5.714090	3.3564
5.717090	5.0281
5.720090	6.7002
5.723090	2.4837
5.726090	0.3699
5.729090	0.7800
5.732090	0.7695
5.735090	-1.3446
5.738090	-4.3005
5.741090	-8.9396
5.744100	-18.6286
5.747100	-17.7980
5.750100	-16.1256
5.753100	-17.8197
5.756100	-11.9387
5.759100	-4.3739
5.762100	-9.4345
5.765100	-10.2865
5.768100	-4.4048
5.771100	-3.1524
5.774100	-4.4251
5.777100	-1.9101
5.780100	0.6050
5.783100	-2.3512
5.786100	-3.2029
5.789100	-7.4214
5.792100	-20.8981
5.795100	-13.3328
5.798100	-1.1387
5.801100	0.1138
5.804100	3.0494
5.807100	0.5146
5.810100	-3.2823
5.813110	-1.1883
5.816110	-6.2471
5.819110	4.2616
5.822110	0.4651
5.825110	-1.6482
5.828110	3.3903
5.831110	6.7458
5.834110	-7.1457
5.837110	-10.9408
5.840110	-2.1171
5.843110	-3.3884
5.846110	-0.8744
5.849110	1.6394
5.852110	2.0504
5.855110	4.1433
5.858110	3.7132
5.861110	-0.9218
5.864110	-5.5562
5.867110	-9.3494
5.870110	-5.1541
5.873110	-0.5387
5.876110	-1.3887
5.879110	-1.8183
5.882120	-0.1461
5.885120	1.5261
5.888120	1.5169
5.891120	1.0874
5.894120	0.2376
5.897120	-2.2930
5.900120	-4.8235
5.903120	-7.3537
5.906120	-7.7827
5.909120	-8.2116
5.912120	-7.8001
5.915120	-6.5483
5.918120	-5.2964
5.921120	-4.0447
5.924120	-3.2132
5.927120	-2.3817
5.930120	-1.9704
5.933120	-1.5590
5.936120	-1.1477
5.939120	-0.7363
5.942120	-2.8456
5.945120	-5.3750
5.948120	-7.4842
5.951130	-7.9131
5.954130	-7.9219
5.957130	-7.9307
5.960130	-7.5194
5.963130	-7.5282
5.966130	-7.9572
5.969130	-8.8064
5.972130	-10.0757
5.975130	-7.9841
5.978130	-2.9514
5.981130	-1.2797
5.984130	-0.4483
5.987130	-0.0370
5.990130	-0.0460
5.993130	-5.9378
5.996130	-10.1493
5.999130	-10.1588
6.002130	-6.3775
6.005130	-3.0128
6.008130	-3.0102
6.011130	-1.7467
6.014130	3.7206
6.017140	2.0419
6.020140	2.0446
6.023140	-2.5778
6.026140	-4.6780
6.029140	-2.1528
6.032140	-0.0478
6.035140	-0.0455
6.038140	-3.4084
6.041140	-2.9859
6.044140	-2.9841
6.047140	-5.9278
6.050140	-7.6099
6.053140	-8.0297
6.056140	-2.5569
6.059140	1.2333
6.062140	0.3931
6.065140	-3.8162
6.068140	-6.7632
6.071140	-1.7083
6.074140	-1.7072
6.077140	-8.8689
6.080140	-11.8190
6.083140	-12.6628
6.086150	-10.9777
6.089150	-6.3410
6.092150	-3.8111
6.095150	-6.3417
6.098150	-2.9675
6.101150	-2.1236
6.104150	-1.2795
6.107150	-4.6561
6.110150	-8.4562
6.113150	-13.5247
6.116150	-6.7699
6.119150	-5.9264
6.122150	-3.3925
6.125150	-5.5064
6.128150	-2.9715
6.131150	-3.8179
6.134150	-2.5503
6.137150	-5.0893
6.140150	-7.6294
6.143150	-2.9764
6.146150	-3.4009
6.149150	-7.6363
6.152150	-6.7917
6.155160	4.6435
6.158160	-9.3386
6.161160	-4.6796
6.164160	1.2535
6.167160	0.8291
6.170160	4.6459
6.173160	-1.7175
6.176160	-0.4456
6.179160	-5.5402
6.182160	-0.0229
6.185160	1.2504
6.188160	-1.7236
6.191160	-1.3000
6.194160	-5.1262
6.197160	-11.5052
6.200160	-5.9808
6.203160	-11.5126
6.206160	-8.5380
6.209160	-14.4987
6.212160	-7.2666
6.215160	-3.8627
6.218160	-5.5678
6.221160	-10.2556
6.224170	-2.5886
6.227170	2.9511
6.230170	5.0832
6.233170	-0.0328
6.236170	-7.2837
6.239170	-12.4049
6.242170	-8.5673
6.245170	-5.5813
6.248170	-10.7054
6.251170	-3.4481
6.254170	3.8127
6.257170	7.2319
6.260170	8.9434
6.263170	4.2449
6.266170	-8.1505
6.269170	-9.4338
6.272170	-9.0068
6.275170	-9.0072
6.278170	-4.3012
6.281170	-6.4399
6.284170	-10.2913
6.287170	-6.0104
6.290170	-1.7277
6.293180	-1.2974
6.296180	-4.7216
6.299180	-3.0062
6.302180	-3.0038
6.305180	-4.2868
6.308180	-4.2842
6.311180	-5.1388
6.314180	-4.7072
6.317180	-8.5631
6.320180	-11.1333
6.323180	-5.5549
6.326180	-4.2644
6.329180	-6.4053
6.332180	-5.9722
6.335180	-11.5462
6.338180	-8.9673
6.341180	-8.5336
6.344180	-5.0950
6.347180	3.0663
6.350180	-4.2255
6.353180	-7.2248
6.356180	-3.3546
6.359180	0.5164
6.362190	0.5233
6.365190	-0.7579
6.368190	-2.0390
6.371190	-2.8905
6.374190	-3.3124
6.377190	-4.5931
6.380190	-5.0146
6.383190	-3.2881
6.386190	-1.5613
6.389190	-1.9821
6.392190	-3.6914
6.395190	-5.8301
6.398190	-8.3980
6.401190	-4.5223
6.404190	-0.6463
6.407190	-2.7841
6.410190	-6.2102
6.413190	-10.0655
6.416190	-10.4842
6.419190	-7.0370
6.422190	-4.4488
6.425190	-1.8607
6.428190	-2.7082
6.431200	-6.9909
6.434200	-6.1200
6.437200	-4.8198
6.440200	-4.8075
6.443200	-6.0831
6.446200	-7.7875
6.449200	-7.3453
6.452200	-9.0491
6.455200	-6.0314
6.458200	-0.8686
6.461200	-2.5720
6.464200	-4.7040
6.467200	-8.5515
6.470200	-4.2478
6.473200	-3.8052
6.476200	-15.3704
6.479200	-8.0655
6.482200	-5.9073
6.485200	-6.3216
6.488200	-3.7354
6.491200	-4.5784
6.494200	-7.1350
6.497210	-6.2633
6.500210	-11.8175
6.503210	-9.6602
6.506210	-4.5059
6.509210	-8.3449
6.512210	-5.3329
6.515210	-5.3180
6.518210	-1.4516
6.521210	-4.8605
6.524210	1.5715
6.527210	-6.5420
6.530210	-8.2375
6.533210	-7.3670
6.536210	-2.6493
6.539210	-6.4818
6.542210	-8.1762
6.545210	-13.7152
6.548210	-2.1654
6.551210	-11.1201
6.554210	-4.2725
6.557210	-0.4161
6.560210	-2.1099
6.563210	-10.6307
6.566220	-8.4821
6.569220	4.3288
6.572220	-6.3202
6.575220	-3.7479
6.578220	3.0856
6.581220	-9.2609
6.584220	-5.8379
6.587220	-6.6762
6.590220	-3.6814
6.593220	-3.6685
6.596220	-7.4866
6.599220	-5.3452
6.602220	-7.8850
6.605220	-9.5730
6.608220	-3.1807
6.611220	-12.0967
6.614220	-12.9327
6.617220	-5.2700
6.620220	-3.5586
6.623220	-0.1495
6.626220	1.9839
6.629220	-3.1004
6.632220	-6.0604
6.635230	-5.6246
6.638230	1.5973
6.641230	2.0305
6.644230	-2.6242
6.647230	-6.8528
6.650230	-6.4183
6.653230	-13.6093
6.656230	-4.7036
6.659230	2.0803
6.662230	2.0879
6.665230	0.4028
6.668230	-9.3197
6.671230	-10.5784
6.674230	-2.1116
6.677230	1.2780
6.680230	-7.5898
6.683230	-0.3986
6.686230	-1.2365
6.689230	1.7262
6.692230	-3.7558
6.695230	-2.9044
6.698230	3.0091
6.701230	-0.7820
6.704240	3.0191
6.707240	3.0237
6.710240	4.2927
6.713240	0.5045
6.716240	3.4580
6.719240	-2.0127
6.722240	1.3605
6.725240	1.3646
6.728240	5.5763
6.731240	3.0549
6.734240	0.5347
6.737240	1.7996
6.740240	-3.2412
6.743240	-1.1359
6.746240	3.4889
6.749240	1.3911
6.752240	-0.7059
6.755240	-1.1227
6.758240	6.8541
6.761240	7.2743
6.764240	5.1773
6.767240	-6.1448
6.770240	-4.8835
6.773250	1.8258
6.776250	-1.1065
6.779250	-5.2944
6.782250	-6.9673
6.785250	-5.7084
6.788250	-3.1944
6.791250	-4.8672
6.794250	-1.9364
6.797250	0.5745
6.800250	-2.3534
6.803250	-3.1893
6.806250	-11.1325
6.809250	-10.7125
6.812250	0.1546
6.815250	-5.6956
6.818250	-9.0373
6.821250	-1.9367
6.824250	2.6555
6.827250	0.1486
6.830250	-5.2793
6.833250	-1.1071
6.836250	1.3945
6.839250	-7.3684
6.842260	-1.1133
6.845260	3.4714
6.848260	1.8002
6.851260	0.9632
6.854260	-4.8753
6.857260	-4.4611
6.860260	-2.3806
6.863260	-1.1342
6.866260	0.1117
6.869260	2.1900
6.872260	-4.4772
6.875260	-4.0646
6.878260	0.9270
6.881260	-0.3266
6.884260	-1.9963
6.887260	-4.9141
6.890260	-1.1740
6.893260	-4.9236
6.896260	-1.6007
6.899260	0.4734
6.902260	-0.3643
6.905260	2.5406
6.908270	-0.3766
6.911270	-0.3829
6.914270	-0.3894
6.917270	-2.4745
6.920270	-1.6498
6.923270	0.0058
6.926270	-0.8325
6.929270	3.3158
6.932270	-4.1711
6.935270	-5.8402
6.938270	-4.1856
6.941270	-0.8698
6.944270	-4.6162
6.947270	-0.4704
6.950270	-1.3092
6.953270	-4.6398
6.956270	1.9964
6.959270	-0.5037
6.962270	4.0551
6.965270	1.9701
6.968270	13.1708
6.971270	10.2551
6.974270	3.6034
6.977280	-0.5571
6.980280	-3.4719
6.983280	-5.9714
6.986280	1.0751
6.989280	2.3106
6.992280	0.2258
6.995280	8.5156
6.998280	5.1858
7.001280	-1.0492
7.004280	1.0134
7.007280	-3.9773
7.010280	-1.0852
7.013280	-1.9270
7.016280	-2.7688
7.019280	1.7818
7.022280	-4.4523
7.025280	6.3190
7.028280	4.2325
7.031280	-8.2213
7.034280	0.0601
7.037280	-2.4405
7.040280	-0.7946
7.043280	1.2657
7.046290	-2.0638
7.049290	5.7998
7.052290	-2.9184
7.055290	-16.6094
7.058290	1.2006
7.061290	2.0163
7.064290	-5.0419
7.067290	4.0615
7.070290	3.6336
7.073290	-0.5231
7.076290	9.4064
7.079290	-5.5207
7.082290	0.6795
7.085290	4.3936
7.088290	4.7938
7.091290	3.1234
7.094290	-9.7270
7.097290	-7.2557
7.100290	-0.6447
7.103290	-1.9004
7.106290	-2.7421
7.109290	-3.5836
7.112290	-4.8390
7.115300	-6.0942
7.118300	-6.9355
7.121300	-7.7767
7.124300	-9.4453
7.127300	-10.6999
7.130300	-8.2316
7.133300	-4.1093
7.136300	-1.6421
7.139300	-6.2058
7.142300	-9.5282
7.145300	-8.3019
7.148300	0.3660
7.151300	2.4178
7.154300	-0.0778
7.157300	2.8002
7.160300	1.5446
7.163300	1.1156
7.166300	1.0999
7.169300	2.3236
7.172300	4.7867
7.175300	3.9440
7.178300	-3.0956
7.181300	-18.3964
7.184310	2.2421
7.187310	0.1601
7.190310	2.6216
7.193310	1.3657
7.196310	4.2395
7.199310	11.6555
7.202310	3.3789
7.205310	9.1424
7.208310	11.1890
7.211310	-0.3900
7.214310	7.4369
7.217310	2.8772
7.220310	-2.0953
7.223310	-4.1777
7.226310	-3.7832
7.229310	4.0421
7.232310	6.5003
7.235310	6.0685
7.238310	3.5725
7.241310	-3.8777
7.244310	7.6622
7.247310	3.1015
7.250310	5.5589
7.253320	-1.0667
7.256320	-6.8671
7.259320	-4.8232
7.262320	-5.2567
7.265320	-8.5809
7.268320	-3.6469
7.271320	2.5264
7.274320	-6.9934
7.277320	-7.4282
7.280320	5.3541
7.283320	9.4636
7.286320	4.0720
7.289320	-2.5600
7.292320	-5.4748
7.295320	1.1138
7.298320	-3.8679
7.301320	-5.5444
7.304320	-10.5284
7.307320	-4.7650
7.310320	-2.3082
7.313320	0.9762
7.316320	8.3971
7.319320	9.2017
7.322330	8.7653
7.325330	3.7772
7.328330	9.5471
7.331330	2.0739
7.334330	-5.4021
7.337330	-3.3577
7.340330	-1.7269
7.343330	-10.0367
7.346330	-1.7783
7.349330	1.0964
7.352330	-1.8303
7.355330	0.6307
7.358330	13.8735
7.361330	5.5556
7.364330	-4.8404
7.367330	0.5261
7.370330	0.0845
7.373330	-1.1878
7.376330	3.3528
7.379330	-0.4117
7.382330	-2.9320
7.385330	3.6893
7.388340	-0.4944
7.391340	-3.8488
7.394340	5.6891
7.397340	8.1594
7.400340	6.4690
7.403340	-0.6347
7.406340	3.5014
7.409340	-1.9416
7.412340	-1.5540
7.415340	-0.7493
7.418340	7.1450
7.421340	7.1187
7.424340	5.0058
7.427340	-0.4483
7.430340	6.6217
7.433340	4.5063
7.436340	0.2996
7.439340	6.9596
7.442340	5.2600
7.445340	1.4670
7.448340	0.1824
7.451340	-4.0343
7.454340	-3.2278
7.457350	-0.7445
7.460350	-1.6130
7.463350	-2.9018
7.466350	-2.9329
7.469350	-0.4453
7.472350	1.6245
7.475350	1.1751
7.478350	0.7253
7.481350	-0.1455
7.484350	-1.8586
7.487350	-3.9943
7.490350	-5.7110
7.493350	-6.1653
7.496350	-4.5122
7.499350	-2.8576
7.502350	-1.2012
7.505350	0.0345
7.508350	-0.4181
7.511350	0.3968
7.514350	2.4811
7.517350	1.6060
7.520350	4.1167
7.523350	8.7480
7.526360	12.1131
7.529360	4.4569
7.532360	-2.3594
7.535360	3.1280
7.538360	-1.9978
7.541360	-0.3289
7.544360	0.9167
7.547360	-2.9429
7.550360	-9.3622
7.553360	-7.2675
7.556360	-1.7594
7.559360	-1.3638
7.562360	-4.8099
7.565360	1.5650
7.568360	9.2310
7.571360	8.3520
7.574360	4.0474
7.577360	5.7341
7.580360	3.1366
7.583360	0.9647
7.586360	-7.6492
7.589360	-6.3953
7.592360	-8.1486
7.595370	-3.0214
7.598370	-6.4967
7.601370	-9.5464
7.604370	-7.4266
7.607370	-3.5773
7.610370	0.2778
7.613370	3.2749
7.616370	2.8167
7.619370	0.1936
7.622370	-3.7331
7.625370	-6.3655
7.628370	-8.1342
7.631370	-6.4314
7.634370	-9.0722
7.637370	-12.1523
7.640370	-10.4484
7.643370	-6.5624
7.646370	-7.0311
7.649370	-8.8102
7.652370	-8.8445
7.655370	-8.4415
7.658370	-8.4753
7.661370	-5.8803
7.664380	-2.4034
7.667380	-5.5037
7.670380	-8.1705
7.673380	-8.6431
7.676380	-8.2362
7.679380	-8.7095
7.682380	-10.5067
7.685380	-10.0998
7.688380	-9.2499
7.691380	-10.1676
7.694380	-14.6292
7.697380	-15.1103
7.700380	-8.9370
7.703380	-2.7508
7.706380	-2.3314
7.709380	-5.4711
7.712380	-6.8348
7.715380	-8.2010
7.718380	-2.8735
7.721380	-2.0034
7.724380	-5.6042
7.727380	-1.1520
7.730380	-0.7244
7.733390	-4.7822
7.736390	-11.0935
7.739390	-9.7740
7.742390	-2.6008
7.745390	-0.8187
7.748390	-7.1491
7.751390	-9.4292
7.754390	-5.8397
7.757390	-1.7904
7.760390	0.9091
7.763390	0.8956
7.766390	-1.3850
7.769390	-4.5772
7.772390	-4.1399
7.775390	0.3915
7.778390	0.8351
7.781390	-3.2759
7.784390	-3.2899
7.787390	1.7167
7.790390	-3.7732
7.793390	-11.5576
7.796390	-14.3218
7.799390	-15.7164
7.802400	-17.1127
7.805400	-10.7139
7.808400	-7.5173
7.811400	-8.9089
7.814400	-9.3829
7.817400	-8.9370
7.820400	-9.4109
7.823400	-9.8852
7.826400	-8.5152
7.829400	-3.9126
7.832400	0.2353
7.835400	-0.2319
7.838400	-5.7867
7.841400	-11.3492
7.844400	-14.1405
7.847400	-11.8373
7.850400	-8.1394
7.853400	-4.9000
7.856400	-0.2628
7.859400	4.3809
7.862400	-3.0599
7.865400	-0.7382
7.868410	-3.0697
7.871410	-8.1997
7.874410	-10.5387
7.877410	-11.4807
7.880410	-5.8879
7.883410	-7.7620
7.886410	-9.1708
7.889410	-8.7103
7.892410	-7.3129
7.895410	-8.7234
7.898410	-9.6669
7.901410	-6.8604
7.904410	-4.5196
7.907410	-4.0535
7.910410	-4.0563
7.913410	-3.5890
7.916410	-5.9423
7.919410	-12.5321
7.922410	-18.6583
7.925410	-24.7910
7.928410	-28.5739
7.931410	-26.7028
7.934410	-24.3577
7.937420	-22.4818
7.940420	-20.1315
7.943420	-18.2510
7.946420	-16.3683
7.949420	-14.4836
7.952420	-13.0699
7.955420	-12.1281
7.958420	-10.7115
7.961420	-9.7673
7.964420	-8.8220
7.967420	-8.8242
7.970420	-11.6731
7.973420	-14.9990
7.976420	-17.8526
7.979420	-20.2334
7.982420	-17.8630
7.985420	-14.5395
7.988420	-11.2131
7.991420	-7.8839
7.994420	-7.4082
7.997420	-7.8844
8.000420	-7.8874
8.003420	-8.3855
8.006430	-9.8372
8.009430	-11.7666
8.012430	-13.6970
8.015430	-15.6284
8.018430	-14.6969
8.021430	-9.4673
8.024430	-4.2345
8.027430	1.0014
8.030430	3.8509
8.033430	0.9660
8.319300	-19.5943
8.321400	-19.6111
8.323600	-14.8280
8.325700	-17.2452
8.327800	-20.6228
8.330000	-20.1605
8.332100	-15.8562
8.334200	-21.1550
8.338500	-18.3090
8.340600	-18.3261
8.342800	-15.9429
8.344900	-16.9206
8.347000	-11.6545
8.349200	-13.5936
8.351300	-13.6108
8.353400	-10.2654
8.355600	-16.0481
8.357700	-19.4284
8.359800	-18.4852
8.362000	-13.6989
8.364100	-9.8723
8.366200	-6.0452
8.368400	-13.2715
8.370500	-8.0026
8.372600	-12.3454
8.374800	-16.2090
8.376900	-13.8234
8.379000	-18.6482
8.381200	-19.1479
8.383300	-4.7427
8.385400	-7.1640
8.387500	-0.4496
8.390100	-6.2413
8.392200	-11.0679
8.394400	-21.6677
8.396500	-16.3954
8.398600	-18.8188
8.400800	-7.7736
8.402900	-15.0079
8.405000	-15.5074
8.407200	-10.7148
8.409300	-11.2140
8.411400	-14.6010
8.413600	-4.5128
8.415700	-14.1574
8.417800	-16.1015
8.420000	-12.2695
8.422100	-22.8805
8.424200	-19.0477
8.426400	-11.3625
8.428500	-26.3111
8.430600	-25.3676
8.432800	-19.6078
8.434900	-12.8824
8.437000	-18.6827
8.439200	-13.4025
8.441300	-15.3489
8.443400	-14.4039
8.445600	-13.4597
8.447700	-11.5503
8.449800	-13.9796
8.452000	-10.1421
8.454100	-15.4651
8.456200	-12.1083
8.458400	-11.6457
8.460500	-9.7350
8.462600	-15.5428
8.464800	-7.3606
8.466900	-9.3091
8.469000	-9.3277
8.473300	-6.9522
8.475400	-11.7983
8.477600	-14.7152
8.479700	-21.0122
8.481800	-12.8219
8.484000	-16.2231
8.486100	-15.7595
8.488200	-8.5319
8.492500	-10.9862
8.494600	-11.0051
8.496800	-7.1577
8.498900	-8.1430
8.503100	-13.9831
8.505300	-11.5851
8.507400	-38.6925
8.509500	-24.6853
8.511700	-22.7716
8.513800	-16.5012
8.515900	-13.6169
8.518100	-16.5414
8.520200	-11.2357
8.522300	-11.2546
8.524500	-9.3373
8.526600	-10.8090
8.528700	-15.1876
8.530900	-13.7545
8.533000	-6.9899
8.535100	-6.5236
8.537300	-3.1496
8.539400	-8.0151
8.541500	-1.2454
8.543700	-11.4473
8.545800	-8.0711
8.547900	-14.8806
8.550100	-18.7823
8.552200	-12.4941
8.554300	-23.6755
8.556500	-13.9892
8.558600	-20.3196
8.560700	-22.7676
8.562900	-16.4758
8.565000	-17.9525
8.567100	-5.3415
8.569300	-16.0494
8.571400	-11.2092
8.573500	-19.0044
8.575700	-10.2749
8.577800	-2.0279
8.579900	-8.8528
8.582100	-11.3035
8.584200	-8.4033
8.586300	-13.2863
8.588500	-11.3594
8.590600	-29.8713
8.592700	-1.6609
8.594900	-25.5330
8.597000	-17.2759
8.599100	-20.2168
8.601300	-24.1334
8.603400	-31.4601
8.605300	-26.1199
8.607300	-27.6006
8.609200	-26.6441
8.611200	-25.6882
8.613100	-33.0175
8.615100	-29.6244
8.617000	-21.3539
8.619000	-26.7355
8.620900	-27.7282
8.622900	-24.8202
8.624100	-19.9533
8.626000	-12.6526
8.628000	-26.8171
8.629900	-20.4911
8.631900	-20.5082
8.637700	-22.0213
8.639700	-10.8110
8.641600	-35.2344
8.643600	-27.4407
8.645500	-19.6448
8.647500	-14.2899
8.649500	-21.6302
8.651400	-21.1571
8.653400	-17.2661
8.655300	-19.7229
8.657300	-15.3428
8.659200	-13.4036
8.661200	-16.8380
8.663100	-12.4562
8.665100	-4.6553
8.667000	-7.6003
8.669000	-7.1265
8.670900	2.6301
8.672900	-0.8041
8.674800	-22.3138
8.676800	-30.1453
8.678800	-25.7630
8.680700	-20.8912
8.682700	-20.9057
8.684600	-26.2933
8.686600	-23.3763
8.688500	-20.4584
8.690500	-11.1903
8.692400	-11.2038
8.694400	-11.2179
8.696300	-13.1854
8.698300	-24.9232
8.700200	-16.6319
8.702200	-22.0188
8.704100	-21.0547
8.706100	-18.1377
8.708100	-19.1281
8.710000	-4.4894
8.712000	-7.9221
8.713900	-13.3069
8.715900	-12.8322
8.717800	-22.6107
8.719800	-12.8587
8.721700	-19.7066
8.723700	-21.1842
8.725600	-24.6135
8.727600	-33.4122
8.729700	-22.6870
8.731900	-24.6531
8.734000	-29.0580
8.736100	-18.3358
8.738200	-16.3977
8.740400	-18.3634
8.742500	-12.0353
8.744600	-18.8780
8.746800	-22.3059
8.748900	-15.0040
8.751000	-10.1417
8.753200	-6.7437
8.755300	-4.8083
8.757400	0.5387
8.759500	-0.9389
8.761700	-6.8028
8.763800	-9.2537
8.765900	-10.2424
8.768100	-19.5128
8.770200	-19.5258
8.772300	-20.9999
8.774400	-12.7346
8.776600	-13.2360
8.778700	-12.2762
8.780800	-5.4758
8.783000	-11.3315
8.785100	-8.9126
8.787200	-6.9810
8.789400	-6.5101
8.791500	-8.4705
8.793600	-14.8072
8.795700	-16.7658
8.797900	-24.5584
8.800000	-20.1958
8.802100	-18.7507
8.804300	-19.7363
8.806400	-22.6644
8.808500	-18.3050
8.810600	-19.2896
8.812800	-24.6450
8.814900	-27.5704
8.817000	-22.2423
8.819200	-28.0799
8.821300	-20.8124
8.823400	-21.3106
8.825600	-30.5412
8.827700	-15.5167
8.829800	-12.1360
8.831900	-11.1809
8.834100	-20.8917
8.836200	-17.5120
8.838300	-21.8872
8.840500	-10.2726
8.842600	-18.5228
8.844700	-22.4111
8.846800	-20.9714
8.849000	-15.6596
8.851100	-20.5145
8.853200	-23.4318
8.855400	-22.9614
8.857500	-19.5880
8.859600	-12.3462
8.861800	-20.5833
8.863900	-18.1794
8.866000	-12.3924
8.868100	-5.6410
8.870700	-10.9769
8.873200	-14.3772
8.875700	-15.8441
8.878300	-9.1020
8.880800	-27.4667
8.883300	-25.0684
8.885800	-21.2237
8.888400	-24.6180
8.890900	-27.5279
8.893400	-23.6854
8.896000	-17.9171
8.898500	-24.2006
8.901000	-26.1444
8.903600	-23.2702
8.906100	-21.8418
8.911200	-19.4694
8.913700	-25.2628
8.916200	-26.2416
8.918700	-24.3334
8.921300	-27.2366
8.923800	-20.5205
8.926300	-21.0189
8.928900	-29.6889
8.931400	-18.1717
8.933900	-21.0727
8.936500	-14.3668
8.941500	-13.9255
8.944100	-11.5459
8.946600	-15.8850
8.949100	-13.0256
8.951600	-10.1675
8.954200	-23.6165
8.956700	-28.9082
8.959200	-25.0901
8.961800	-31.8176
8.964300	-19.8553
8.966800	-34.2451
8.971900	-25.6584
8.977000	-20.9084
8.979500	-13.7494
8.982000	-12.3345
8.984500	-21.4434
8.987100	-17.6372
8.989600	-27.6976
8.992100	-17.6766
8.994700	-26.3000
8.997200	-22.0176
8.999700	-16.3036
9.002300	-10.0896
9.004800	-14.8589
9.007300	-9.5994
9.009800	-7.2063
9.012400	-18.6553
9.014900	-18.1703
9.017400	-26.7507
9.020000	-22.4478
9.022500	-14.8083
9.025000	-15.2781
9.030100	-15.2636
9.032600	-7.1541
9.035100	8.5774
9.037200	-0.9494
9.039400	2.8659
9.043700	-2.8423
9.045800	-3.7905
9.050200	1.4555
9.052300	-11.3934
9.054500	-1.3927
9.056600	-3.2922
9.061000	-8.9924
9.063100	-17.5503
9.065300	-23.2518
9.067400	-18.4891
9.069600	-22.2869
9.071700	-18.9519
9.073900	-19.4209
9.076100	-9.9069
9.078200	-17.0315
9.080400	-10.3716
9.082500	-16.5441
9.084700	-20.8143
9.086800	-19.3826
9.089000	-19.8512
9.091200	-24.5946
9.093300	-22.2131
9.095500	-17.9323
9.097600	-19.8256
9.099800	-18.8695
9.102000	-11.2672
9.104100	-19.3317
9.106300	-10.3069
9.108400	-7.4541
9.110600	-10.7707
9.112700	-10.2908
9.114900	-12.1831
9.117100	-3.6381
9.119200	-9.3258
9.121400	-13.5891
9.123500	-14.0578
9.125700	-11.2065
9.127900	-3.6141
9.130000	-5.0318
9.132200	-3.6045
9.134300	-3.1258
9.136500	-21.6064
9.138600	-15.9127
9.140800	-16.3805
9.143000	-12.1097
9.145100	-6.4185
9.147300	-9.7296
9.149400	-12.0929
9.151600	-8.2978
9.153700	-4.0301
9.155900	-2.6044
9.158100	-4.4937
9.160200	-16.3258
9.162400	-10.1651
9.164500	-9.6863
9.166700	-11.1008
9.168900	-12.5150
9.171000	-2.5714
9.173200	-6.3522
9.175300	-11.5519
9.177500	-2.0842
9.179600	4.0700
9.181800	-6.8050
9.184000	-12.4753
9.186100	-12.4698
9.188300	-26.1770
9.190400	-19.0780
9.192600	-22.3809
9.194800	-13.3926
9.196900	-15.7504
9.199100	-17.6348
9.201200	-16.6837
9.203400	-17.1501
9.205500	-12.4195
9.207700	-12.8863
9.209900	-14.2977
9.216300	-27.5027
9.218500	-28.9120
9.220600	-23.2396
9.222800	-24.1770
9.224900	-27.0025
9.227100	-24.6356
9.229200	-19.9101
9.231300	-18.0167
9.233400	-15.6519
9.235600	-15.1743
9.237700	-14.2255
9.239800	-12.3335
9.241900	-17.0444
9.244000	-13.2664
9.246200	-13.2610
9.248300	-8.5414
9.250400	-17.0218
9.252500	-22.2010
9.254700	-21.2521
9.256800	-27.3721
9.258900	-24.0673
9.261000	-23.5899
9.263200	-26.8810
9.265300	-27.8166
9.267400	-17.9196
9.269500	-25.4489
9.271600	-21.6756
9.273800	-17.9030
9.275900	-11.3068
9.278000	-15.5386
9.280100	-11.2974
9.282300	-11.7632
9.284400	-13.6408
9.286500	-8.9307
9.288600	-10.3378
9.290800	-17.8598
9.292900	-24.4397
9.295000	-6.0913
9.297100	-15.4928
9.299200	-15.0176
9.301400	-15.4827
9.303500	-12.6570
9.305600	-18.2934
9.307700	-9.3576
9.309900	-10.2931
9.312000	-6.9992
9.314100	-8.8747
9.316200	-3.7022
9.318400	-1.8191
9.320500	-11.6806
9.322600	-14.0248
9.324700	-11.6718
9.326900	-15.4242
9.329000	-15.4195
9.331100	-21.5189
9.333200	-24.8002
9.335300	-21.0390
9.337500	-15.4005
9.339600	-17.7428
9.341700	-9.7592
9.343800	-15.3866
9.346000	-13.5047
9.348100	-11.1541
9.350200	-6.4580
9.352300	-5.5158
9.354500	-5.5117
9.356600	-9.7295
9.358700	-3.6278
9.360800	-15.3492
9.362900	-12.9997
9.365100	-12.0572
9.367200	-16.7418
9.369300	-20.0192
9.371400	-10.1687
9.373600	-20.4779
9.375700	-6.8785
9.377800	-11.5618
9.379900	-12.0261
9.382100	-4.9912
9.384200	-7.7990
9.386300	-4.0458
9.388400	1.5813
9.390500	-4.9748
9.392700	-8.7187
9.394800	-11.9939
9.396900	-16.2055
9.399000	-18.5429
9.401200	-20.8796
9.403300	-13.3801
9.405400	-18.5273
9.407500	-15.2437
9.409700	-17.5800
9.411800	-22.2576
9.413900	-16.6330
9.416000	-18.5007
9.418100	-24.1138
9.420300	-20.8305
9.422400	-16.6114
9.424500	-12.8609
9.426600	-18.0048
9.428800	2.5966
9.430900	-8.1640
9.433000	-4.8826
9.435100	-9.5575
9.437300	-7.2119
9.439400	-18.9051
9.441500	-10.9444
9.443600	-20.7643
9.445700	-15.1435
9.447900	-20.7510
9.450000	-24.4868
9.452100	-14.6567
9.454200	-17.4567
9.456400	-13.7080
9.458500	-14.6368
9.460600	-13.6949
9.462700	-20.7022
9.464900	-14.6161
9.467000	-18.8168
9.469100	-8.9919
9.471200	-8.9851
9.473300	-6.6410
9.475500	-7.1013
9.477600	-10.3657
9.479700	-3.8161
9.481800	-8.9490
9.484000	-9.8756
9.486100	-0.5245
9.488200	-16.8670
9.490300	-14.9901
9.492500	-21.0525
9.496700	-17.2981
9.498800	-21.0239
9.500900	-14.4784
9.503100	-17.2693
9.505200	-15.3927
9.507300	-12.5831
9.509400	-11.1738
9.511600	-13.9630
9.513700	-3.6907
9.517900	-5.5384
9.520500	4.2645
9.522600	-2.7204
9.524700	-19.0254
9.526800	-15.7512
9.529000	-20.3989
9.531100	-17.5911
9.533200	-19.9081
9.535300	-20.8268
9.537500	-18.4848
9.539600	-15.2130
9.541700	-15.6660
9.543800	-10.9993
9.546000	-14.2438
9.548100	-14.2309
9.550200	-6.3108
9.552300	-10.4844
9.554400	-4.8926
9.556600	0.2327
9.558700	-3.4745
9.560800	-2.5336
9.562900	-8.5609
9.565100	-5.2963
9.567200	-14.5700
9.568900	-18.7360
9.571000	-15.0072
9.573100	-14.9919
9.575300	-8.4814
9.577400	-14.0326
9.579500	-13.0897
9.581600	-8.4388
9.583700	-11.2048
9.585900	-7.0191
9.588000	-2.8362
9.590100	-6.9900
9.592200	0.4312
9.594400	-5.5713
9.596500	2.3082
9.598600	9.2583
9.600700	4.6453
9.602900	5.5825
9.605000	-5.0334
9.607100	-13.3330
9.609200	-16.5476
9.613500	-17.8925
9.615600	-20.1793
9.617700	-19.2359
9.619800	-23.3646
9.622000	-7.2095
9.624100	-15.4857
9.626200	-10.8595
9.628300	-6.2363
9.630500	-3.9167
9.632600	-3.8999
9.634700	-2.0432
9.636800	-2.0268
9.638900	-6.6066
9.641100	-13.0198
9.643200	-3.8132
9.645300	-6.0913
9.647400	-13.8750
9.649600	-3.7592
9.651700	-6.4929
9.653800	-1.4309
9.655900	-9.2041
9.658100	-5.0599
9.660200	-7.7884
9.664400	-10.9508
9.666500	-5.4405
9.668700	-4.0483
9.670800	-1.2870
9.672900	-5.8370
9.675000	-2.6202
9.677200	-3.0567
9.679300	7.4570
9.681400	2.9114
9.683500	-1.1746
9.685700	1.1238
9.687800	-4.7799
9.689900	-13.4106
9.692000	-7.4693
9.694100	-18.8213
9.696300	-19.7027
9.698400	-14.2204
9.700500	-12.8321
9.702600	-18.2576
9.704800	-10.9653
9.706900	-12.3025
9.709000	-10.4632
9.711100	-4.5447
9.713300	-3.6155
9.715400	-8.5770
9.717500	-7.1948
9.719500	-0.8360
9.721400	-8.9614
9.723400	-4.8680
9.725000	-0.3297
9.727300	-10.7006
9.729300	-10.6766
9.731200	-18.7811
9.733200	-14.6914
9.735100	-16.9225
9.737100	-19.6012
9.739100	-20.0237
9.741000	-17.2931
9.743000	-8.7080
9.744900	-1.4817
9.746900	-12.2615
9.748800	-5.4895
9.750800	-5.0170
9.752800	-2.7470
9.754700	-5.4221
9.756700	-3.1536
9.758600	4.0499
9.761000	0.9320
9.763000	2.2980
9.764900	3.2135
9.766900	-0.3516
9.768800	1.9082
9.770800	-0.7579
9.772700	-5.6604
9.774700	-20.3993
9.776700	-11.4259
9.778600	-11.4008
9.780600	-14.9486
9.782500	-6.8832
9.784500	-10.4299
9.786500	-1.9257
9.788400	1.2179
9.790400	-0.9900
9.792300	5.2703
9.794300	-0.5010
9.796200	-10.2757
9.798200	-4.0182
9.800200	0.0095
9.802100	0.9200
9.804100	-4.8367
9.806000	-0.8147
9.808000	-9.2303
9.810000	-7.8722
9.811900	-16.2787
9.813900	-2.4991
9.815800	-24.6449
9.817800	-15.7481
9.819700	-17.9350
9.821400	-31.1937
9.823100	-22.7523
9.824500	-8.5686
9.834600	-7.5510
9.836300	3.9475
9.838000	-1.7702
9.839700	0.4554
9.841400	0.9159
9.843100	-1.7090
9.844800	-3.0103
9.846500	-3.4297
9.848200	0.1134
9.849800	-5.5891
9.851500	4.9912
9.853200	-10.8222
9.854900	-18.2714
9.856600	-12.5318
9.858300	-15.5820
9.860000	-12.9214
9.861700	-12.0186
9.863400	-9.7999
9.865100	-8.0216
9.866800	-6.6829
9.868500	-2.7154
9.870100	-8.3912
9.871800	-6.6157
9.873500	-3.0902
9.875200	-4.8193
9.876900	-13.1096
9.878600	-7.8360
9.880300	-7.8126
9.882000	5.7587
9.883700	-2.5231
9.885400	19.3337
9.887100	8.4338
9.888800	-3.3308
9.890400	7.1595
9.892100	-5.4683
9.893800	-4.5736
9.895500	-8.4727
9.897200	-11.9333
9.898900	-13.6496
9.900600	-13.1882
9.902300	-9.2462
9.904000	-10.9615
9.905700	-9.1971
9.907400	1.2588
9.909000	0.4094
9.910700	-3.9127
9.912400	-4.7582
9.914100	-4.7350
9.915800	-3.8441
9.917500	-3.3875
9.919200	-3.3647
9.920900	2.7254
9.922600	-1.5861
9.924300	-1.1308
9.926000	-5.4377
9.927700	-1.0865
9.929300	-6.6894
9.931000	-10.9895
9.932700	-7.0730
9.934400	-6.6163
9.936100	-10.4796
9.937800	-2.6811
9.939500	-6.1113
9.941200	-16.4429
9.942900	-6.9251
9.944600	-12.5059
9.946300	-0.4100
9.948000	-5.9889
9.949600	-5.5351
9.951300	-2.9271
9.953000	-2.0427
9.954700	2.2833
9.956400	2.7353
9.958100	4.4768
9.959800	3.6383
9.961500	-2.3552
9.963200	-1.0430
9.964900	6.7084
9.966600	2.4372
9.968300	2.8884
9.969900	5.9113
9.971600	5.0750
9.973300	7.2393
9.975000	6.8316
9.976700	2.9982
9.978400	10.7266
9.980100	5.6107
9.981800	-3.7794
9.983500	2.6604
9.985600	-1.5860
9.991700	10.8822
9.994700	6.2249
9.997700	11.8066
10.001000	4.1687
10.004000	4.6120
10.007000	11.0123
10.010000	11.4511
10.013000	1.2651
10.016000	8.0808
10.019000	-8.4563
10.022000	-2.4908
10.025000	-2.0434
10.028000	-6.2561
10.031000	-5.8062
10.034000	-5.3566
10.037000	-4.4844
10.040000	-3.1906
10.043000	-1.4756
10.046000	-1.0287
10.049000	2.3702
10.055000	6.6285
10.058000	3.7032
10.061000	3.7263
10.064000	1.6479
10.067000	9.2348
10.070000	-1.6602
10.073000	4.6610
10.076000	-1.6041
10.079000	2.6144
10.082000	2.6404
10.086000	4.3489
10.089000	-4.8235
10.095000	3.5910
10.098000	2.7834
10.101000	12.8186
10.104000	7.4226
10.107000	7.0312
10.110000	0.8142
10.113000	-0.8195
10.116000	5.0301
10.119000	-5.7410
10.122000	-8.1965
10.125000	-5.6713
10.128000	-5.6361
10.131000	-4.7724
10.134000	-5.5655
10.137000	-0.9796
10.139000	8.1388
10.142000	-1.3384
10.145000	9.4308
10.148000	0.7911
10.151000	-0.0018
10.154000	-2.4418
10.157000	3.7696
10.160000	5.4459
10.163000	10.4101
10.166000	3.8603
10.169000	-1.8591
10.172000	-0.1832
10.175000	-1.7905
10.178000	2.3425
10.181000	0.7358
10.184000	7.7265
10.188000	2.8570
10.191000	8.6093
10.194000	8.2285
10.197000	4.9919
10.200000	4.6143
10.203000	1.3850
10.206000	5.0826
10.209000	2.6714
10.212000	-9.0884
10.215000	10.0494
10.218000	3.1738
10.221000	12.1320
10.224000	6.8867
10.227000	11.7778
10.230000	7.3504
10.233000	-4.3525
10.236000	-1.8891
10.239000	4.2064
10.242000	0.6053
10.245000	3.8667
10.251000	0.7094
10.254000	0.3418
10.257000	6.8110
10.260000	0.8143
10.263000	4.0614
10.266000	1.6871
10.269000	4.1271
10.272000	5.7623
10.275000	6.5946
10.278000	5.8261
10.281000	9.0548
10.284000	5.8903
10.287000	3.9279
10.290000	4.3606
10.293000	3.1996
10.296000	-2.7346
10.299000	-4.6826
10.302000	-3.0516
10.305000	-3.0108
10.308000	-9.7122
10.311000	-5.7028
10.314000	-3.6795
10.316000	-1.2773
10.318000	4.2861
10.321000	9.4582
10.323000	8.2942
10.325000	8.3157
10.328000	4.4047
10.330000	2.8523
10.333000	10.3708
10.335000	3.7017
10.337000	6.4793
10.340000	8.8714
10.342000	14.3909
10.344000	12.8395
10.347000	10.9083
10.349000	6.2266
10.351000	3.1171
10.354000	0.8079
10.356000	3.9633
10.359000	7.1267
10.361000	8.7120
10.363000	9.9052
10.366000	9.1584
10.368000	8.7912
10.370000	2.5840
10.375000	-1.2370
10.378000	-0.4163
10.380000	-1.5521
10.382000	-3.4621
10.385000	-3.0283
10.387000	-1.0610
10.389000	7.0974
10.392000	-0.6004
10.394000	2.5209
10.396000	0.2310
10.399000	11.0793
10.402000	-5.0793
10.404000	3.0442
10.406000	3.4567
10.409000	2.3436
10.411000	5.4472
10.414000	4.7183
10.416000	7.0481
10.418000	6.6897
10.421000	4.8118
10.423000	4.8386
10.425000	6.3965
10.428000	-0.4480
10.430000	0.7287
10.433000	2.6820
10.435000	2.3287
10.437000	3.8827
10.440000	5.4481
10.442000	6.2364
10.444000	7.0236
10.447000	-8.1444
10.449000	5.9483
10.451000	13.9485
10.453000	7.1397
10.456000	18.1728
10.458000	12.8875
10.460000	13.6671
10.462000	15.9595
10.464000	11.4416
10.466000	9.5749
10.468000	3.1776
10.469000	2.8141
10.471000	0.5780
10.473000	8.1513
10.475000	5.5378
10.477000	4.0576
10.478000	8.5908
10.480000	8.2392
10.482000	9.7689
10.484000	9.0412
10.485000	5.6709
10.487000	7.9511
10.489000	7.2254
10.491000	9.1268
10.492000	9.1390
10.494000	10.2879
10.496000	12.5593
10.498000	10.3351
10.500000	8.8617
10.501000	7.7516
10.503000	7.0287
10.505000	1.0751
10.507000	5.2118
10.512000	5.2769
10.514000	7.1665
10.515000	9.4147
10.517000	14.2798
10.519000	7.2282
10.521000	12.4611
10.523000	6.1617
10.524000	10.2631
10.526000	9.9142
10.528000	12.1648
10.530000	11.4440
10.531000	13.6810
10.533000	15.1848
10.535000	13.3512
10.537000	7.8149
10.538000	10.4190
10.540000	5.6286
10.542000	3.0629
10.544000	6.7860
10.546000	4.9612
10.547000	6.0817
10.549000	2.7810
10.551000	2.0675
10.553000	2.0924
10.554000	1.3671
10.556000	2.1294
10.558000	0.6797
10.560000	9.1768
10.561000	6.6092
10.563000	3.6863
10.565000	2.9734
10.567000	10.7194
10.569000	11.8415
10.570000	12.2184
10.572000	9.2980
10.574000	11.1535
10.576000	12.6401
10.577000	13.0158
10.579000	10.8325
10.581000	9.3840
10.583000	11.9679
10.584000	10.5110
10.586000	10.5287
10.588000	12.3767
10.590000	10.1974
10.592000	6.1904
10.593000	4.7366
10.595000	4.0242
10.597000	2.2156
10.599000	3.3309
10.600000	4.0707
10.602000	8.4706
10.604000	15.4224
10.606000	11.7870
10.607000	15.0778
10.609000	18.3736
10.611000	19.8440
10.613000	23.8646
10.615000	16.5872
10.616000	17.3218
10.618000	14.7839
10.620000	11.1552
10.622000	12.6239
10.623000	16.2693
10.625000	19.1910
10.627000	17.7460
10.629000	20.3015
10.631000	17.7659
10.632000	18.4977
10.634000	15.9632
10.636000	13.4296
10.638000	8.3544
10.640000	6.9126
10.641000	-3.6120
10.643000	6.9286
10.645000	6.2129
10.647000	8.7630
10.649000	8.4094
10.651000	11.3202
10.652000	12.7750
10.654000	16.0465
10.656000	23.3051
10.658000	12.7968
10.660000	12.4409
10.663000	12.0877
10.665000	8.8323
10.667000	9.2004
10.669000	9.2058
10.671000	8.8486
10.674000	8.1311
10.676000	6.6865
10.678000	7.4146
10.680000	-0.1865
10.682000	3.4378
10.685000	8.5110
10.687000	2.3576
10.689000	4.5316
10.691000	4.5327
10.694000	7.4299
10.696000	5.6196
10.698000	7.7915
10.700000	12.8598
10.702000	9.2376
10.705000	15.7532
10.707000	9.5947
10.709000	19.0084
10.711000	21.9035
10.713000	21.5387
10.716000	23.7080
10.718000	21.5308
10.725000	8.4664
10.727000	8.0967
10.729000	7.3640
10.731000	8.0813
10.733000	4.8081
10.736000	8.4220
10.738000	6.5977
10.740000	18.5666
10.742000	13.4749
10.745000	19.2716
10.747000	21.8055
10.749000	21.7967
10.751000	13.4269
10.753000	14.1422
10.756000	12.6688
10.758000	11.5638
10.760000	17.7377
10.762000	14.4480
10.764000	21.7185
10.767000	16.9628
10.769000	19.5004
10.771000	26.4155
10.773000	18.7426
10.776000	25.6557
10.778000	21.9910
10.780000	30.3791
10.782000	18.6719
10.785000	13.1608
10.787000	6.1890
10.790000	3.5906
10.792000	1.0007
10.794000	-0.4925
10.797000	-4.2034
10.799000	-0.1986
10.806000	4.8397
10.809000	6.2668
10.811000	5.1331
10.813000	4.3658
10.816000	3.9496
10.818000	7.6051
10.820000	6.0981
10.823000	10.8509
10.825000	6.3856
10.828000	5.5950
10.830000	6.3007
10.832000	4.7840
10.835000	3.9881
10.837000	5.8053
10.840000	6.1214
10.842000	4.2257
10.844000	3.0710
10.847000	3.0102
10.849000	7.8119
10.851000	1.8093
10.854000	2.1179
10.856000	1.3277
10.859000	2.3826
10.861000	7.9500
10.866000	7.8478
10.868000	11.9319
10.873000	9.5793
10.875000	7.2816
10.878000	8.3453
10.880000	13.5771
10.882000	10.8979
10.885000	4.7951
10.887000	5.8812
10.890000	9.9721
10.892000	1.9791
10.894000	4.9595
10.897000	5.2664
10.899000	6.3569
10.901000	3.6502
10.904000	2.4341
10.906000	7.7115
10.909000	0.0191
10.911000	0.7283
10.913000	4.4917
10.916000	3.2697
10.918000	3.2181
10.920000	7.3765
10.923000	-1.1265
10.925000	0.3522
10.928000	-0.1134
10.930000	0.6004
10.932000	0.1615
10.935000	-0.3054
10.937000	1.5660
10.940000	3.8001
10.942000	4.1342
10.944000	11.8095
10.947000	9.8071
10.949000	11.3083
10.951000	12.4245
10.954000	9.2544
10.956000	13.0881
10.959000	13.4101
10.961000	11.8107
10.963000	12.1547
10.966000	5.8548
10.968000	8.9242
10.970000	5.3664
10.973000	4.5115
10.975000	2.5078
10.978000	3.2142
10.980000	0.8151
10.982000	2.7226
10.985000	3.4323
10.987000	4.5607
10.989000	4.1200
10.992000	6.4068
10.994000	4.0005
10.997000	4.7171
10.999000	5.4587
11.001000	2.6585
11.004000	4.5773
11.006000	0.5937
11.009000	2.1197
11.011000	1.2934
11.013000	4.4239
11.016000	7.9391
11.018000	7.5122
11.020000	10.6541
11.023000	14.5810
11.024000	11.3920
11.026000	16.5289
11.028000	15.7101
11.029000	10.1320
11.031000	4.9339
11.033000	3.7106
11.034000	4.8900
11.036000	-1.9101
11.038000	-1.5433
11.039000	-2.7549
11.041000	-1.1911
11.043000	-4.0145
11.045000	-4.4450
11.046000	-4.4604
11.048000	-6.0889
11.050000	-3.3220
11.051000	-4.5358
11.053000	-2.9651
11.055000	-0.5923
11.056000	0.9956
11.058000	-7.0384
11.060000	0.1439
11.061000	-5.0774
11.063000	-0.6945
11.065000	-6.7345
11.066000	-3.9398
11.068000	-3.1619
11.070000	5.2442
11.071000	4.4313
11.073000	3.2062
11.075000	-0.8323
11.076000	2.3725
11.078000	1.1469
11.080000	1.5295
11.082000	-0.5007
11.083000	-0.5102
11.085000	-2.1392
11.087000	-6.5871
11.088000	-4.9858
11.090000	-4.6017
11.092000	-2.6042
11.093000	-5.4341
11.095000	-9.4834
11.097000	-11.1141
11.098000	-6.6858
11.100000	-6.7020
11.102000	-5.9097
11.103000	-1.0731
11.105000	2.9515
11.107000	-1.9057
11.108000	1.7236
11.110000	0.0968
11.112000	1.2991
11.113000	4.1235
11.115000	0.8807
11.117000	7.7462
11.119000	6.1219
11.120000	3.2873
11.122000	3.6856
11.124000	2.8703
11.125000	8.5326
11.127000	2.8626
11.129000	-1.5948
11.130000	-6.0506
11.132000	3.2574
11.134000	-4.0349
11.135000	-2.8218
11.137000	-2.8244
11.139000	2.0345
11.140000	5.2748
11.142000	2.8439
11.144000	6.4908
11.145000	18.6481
11.147000	11.7614
11.149000	9.3319
11.151000	5.6868
11.153000	6.9061
11.155000	2.4504
11.157000	3.6711
11.159000	5.7031
11.161000	5.7088
11.163000	10.9861
11.165000	3.6943
11.167000	6.5404
11.169000	2.8990
11.171000	-6.4182
11.173000	-9.2469
11.175000	-9.6425
11.178000	-7.1927
11.180000	-9.6135
11.182000	-4.3301
11.184000	-0.6684
11.186000	-1.4653
11.188000	3.8185
11.190000	-3.8675
11.192000	0.6067
11.194000	0.2178
11.196000	-1.7910
11.198000	-2.9882
11.200000	1.8911
11.202000	-3.7598
11.204000	-4.9543
11.206000	-2.0989
11.208000	-1.2676
11.210000	-4.8885
11.212000	-4.0554
11.214000	-6.8636
11.216000	-4.8158
11.218000	-4.3856
11.220000	-1.9337
11.222000	0.1142
11.224000	9.0320
11.226000	0.5721
11.228000	-1.0157
11.230000	-3.0062
11.232000	7.9248
11.234000	12.7958
11.236000	9.5949
11.238000	14.4639
11.240000	6.0231
11.242000	-0.3956
11.244000	-1.1681
11.246000	-4.3563
11.248000	-0.2929
11.250000	2.5603
11.252000	5.4126
11.254000	3.8382
11.256000	-1.7552
11.258000	6.7245
11.260000	13.9923
11.262000	13.2230
11.264000	3.2214
11.266000	1.6557
11.268000	2.0976
11.270000	4.9448
11.272000	0.1769
11.274000	5.0265
11.276000	5.8688
11.278000	8.7117
11.280000	16.7514
11.283000	13.6109
11.285000	4.4634
11.287000	5.3073
11.289000	3.7565
11.291000	-3.7738
11.293000	-3.7223
11.295000	-10.8406
11.298000	-1.2029
11.301000	-1.5221
11.304000	-5.0175
11.307000	-6.9172
11.309000	-1.7020
11.312000	1.5524
11.315000	-0.3453
11.318000	2.5088
11.321000	2.1972
11.324000	-0.0860
11.326000	4.3119
11.329000	0.4564
11.332000	2.5146
11.335000	1.8171
11.338000	3.4791
11.340000	2.3616
11.343000	7.1579
11.346000	2.9384
11.349000	5.7696
11.352000	1.9544
11.354000	-0.3233
11.357000	4.8451
11.360000	6.1079
11.363000	1.9242
11.366000	15.6194
11.368000	23.4375
11.371000	11.4959
11.374000	6.1666
11.377000	10.5175
11.380000	6.7492
11.383000	2.2207
11.385000	12.6934
11.388000	7.3988
11.391000	12.1096
11.394000	9.5175
11.397000	9.9989
11.399000	3.9383
11.402000	1.3686
11.405000	-3.4843
11.408000	0.8284
11.411000	0.9412
11.413000	3.6797
11.416000	7.2085
11.419000	6.5552
11.422000	10.8291
11.425000	11.3086
11.427000	11.3759
11.430000	14.4961
11.433000	18.7387
11.436000	12.8090
11.439000	15.5397
11.442000	8.1315
11.444000	10.0777
11.447000	12.8032
11.450000	15.8950
11.453000	8.9002
11.456000	11.2442
11.458000	-0.9743
11.461000	6.5847
11.464000	11.8946
11.467000	13.8526
11.470000	6.1796
11.472000	3.6660
11.475000	12.2773
11.478000	9.0627
11.481000	14.3278
11.484000	10.7524
11.486000	12.6609
11.489000	9.0971
11.492000	3.3462
11.495000	5.6593
11.498000	11.6188
11.501000	13.9141
11.503000	8.1532
11.506000	10.0846
11.509000	10.9207
11.512000	7.4011
11.515000	7.5147
11.517000	19.1727
11.520000	9.5112
11.523000	11.7877
11.526000	7.5708
11.529000	6.9651
11.531000	7.4013
11.534000	9.6700
11.537000	9.0643
11.540000	14.9047
11.543000	15.3664
11.545000	11.1497
11.548000	12.6861
11.551000	11.7253
11.554000	13.9683
11.557000	19.7567
11.560000	22.3371
11.562000	17.4400
11.565000	12.9422
11.568000	11.2838
11.571000	5.0440
11.574000	6.5726
11.576000	5.9469
11.579000	10.6345
11.582000	19.5208
11.585000	24.8774
11.588000	15.8697
11.590000	12.0933
11.593000	14.2985
11.596000	20.3332
11.599000	15.2092
11.602000	15.6629
11.604000	16.7754
11.607000	14.4512
11.610000	21.1399
11.613000	10.1692
11.616000	7.5194
11.619000	8.6715
11.621000	10.1270
11.624000	21.5962
11.627000	18.6011
11.630000	21.7910
11.633000	18.1191
11.635000	22.2953
11.638000	17.9479
11.640000	17.6750
11.642000	26.6142
11.645000	23.9790
11.647000	18.5958
11.649000	10.5026
11.651000	9.2193
11.654000	13.0658
11.656000	14.1555
11.658000	10.8416
11.660000	17.0053
11.663000	17.1089
11.665000	15.4908
11.667000	17.9210
11.669000	12.9374
11.672000	12.0378
11.674000	8.0799
11.676000	14.1990
11.678000	11.9233
11.680000	9.3173
11.683000	7.4245
11.685000	15.8569
11.687000	10.9189
11.689000	9.9929
11.694000	23.4890
11.696000	17.5684
11.698000	20.2924
11.703000	21.4484
11.705000	19.5270
11.707000	28.8480
11.710000	16.7203
11.712000	19.0966
11.714000	20.1507
11.716000	20.5445
11.719000	23.2695
11.721000	21.3616
11.727000	18.2791
11.730000	11.8443
11.732000	15.8338
11.734000	12.9682
11.736000	13.0400
11.739000	16.7249
11.741000	13.2191
11.743000	19.4568
11.745000	17.5767
11.748000	17.6770
11.750000	20.9775
11.752000	19.7487
11.754000	19.8133
11.757000	19.5880
11.759000	21.2619
11.766000	17.3141
11.768000	19.3030
11.770000	19.0484
11.772000	18.7941
11.774000	16.9444
11.777000	21.8270
11.779000	19.3425
11.781000	21.6340
11.783000	22.6498
11.786000	21.7909
11.788000	22.4872
11.790000	23.4987
11.792000	28.3012
11.795000	25.2288
11.797000	25.6030
11.799000	27.8659
11.802000	30.1506
11.804000	24.8662
11.807000	24.6422
11.810000	22.8546
11.815000	26.7543
11.817000	19.6432
11.820000	16.6307
11.823000	25.1215
11.825000	26.4225
11.828000	18.1477
11.831000	20.4142
11.836000	27.0519
11.839000	18.5225
11.841000	17.3612
11.844000	22.6816
11.847000	25.5331
11.850000	22.8719
11.852000	25.0728
11.855000	20.8968
11.858000	25.8639
11.860000	19.5422
11.863000	26.0142
11.866000	23.9848
11.868000	25.5596
11.871000	21.4245
11.874000	20.9207
11.876000	23.6961
11.879000	22.5894
11.882000	22.6865
11.884000	19.4567
11.887000	19.8588
11.889000	17.8370
11.892000	17.9433
11.894000	19.2048
11.896000	16.5983
11.899000	16.1136
11.902000	18.5931
11.904000	17.4799
11.907000	19.6545
11.910000	23.0003
11.912000	26.3036
11.915000	22.8686
11.917000	24.1077
11.920000	21.8594
11.922000	25.1444
11.924000	24.0378
11.927000	28.8006
11.929000	28.2758
11.931000	24.8423
11.934000	24.6459
11.936000	23.8384
11.938000	16.6582
11.941000	22.2625
11.943000	18.5726
11.945000	19.5084
11.948000	17.0195
11.950000	23.1325
11.952000	23.1970
11.955000	27.8825
11.957000	25.9358
11.959000	25.9967
11.962000	23.8029
11.964000	23.0103
11.966000	19.9400
11.969000	19.7570
11.971000	18.4042
11.973000	23.5817
11.980000	23.2366
11.983000	30.6674
11.985000	26.4945
11.987000	26.5537
11.992000	29.7890
11.994000	31.2462
11.997000	32.7260
11.999000	35.2943
12.001000	36.7395
12.004000	34.0213
12.006000	33.7926
12.008000	30.2254
12.010000	29.4454
12.013000	29.5270
12.015000	31.7987
12.017000	28.8046
12.019000	27.7530
12.022000	26.7319
12.024000	25.6850
12.026000	27.6716
12.028000	31.8563
12.031000	35.2309
12.033000	31.9831
12.035000	34.7765
12.038000	31.8349
12.040000	26.4129
12.042000	30.8418
12.044000	31.9850
12.047000	30.4234
12.049000	36.1945
12.051000	31.8858
12.053000	30.5757
12.056000	26.3078
12.058000	25.2771
12.060000	24.2483
12.062000	27.2817
12.065000	30.8747
12.067000	36.8650
12.069000	33.6707
12.071000	35.8733
12.074000	35.1317
12.076000	28.1833
12.078000	35.4890
12.080000	36.0698
12.083000	31.0401
12.085000	30.0159
12.087000	33.2756
12.089000	33.0532
12.092000	37.6609
12.094000	39.3028
12.096000	38.0089
12.098000	31.3888
12.101000	29.8604
12.103000	29.1092
12.105000	29.9529
12.107000	34.7766
12.110000	35.6345
12.112000	36.9998
12.114000	38.3629
12.117000	36.3050
12.120000	33.9873
12.123000	33.5210
12.125000	32.2440
12.128000	32.3063
12.130000	31.8212
12.133000	31.6202
12.135000	30.8732
12.138000	29.0982
12.141000	30.2096
12.143000	31.5601
12.146000	29.5259
12.148000	33.2275
12.151000	35.1128
12.154000	33.0787
12.156000	31.8113
12.159000	37.0795
12.161000	36.3318
12.164000	34.8210
12.166000	37.7161
12.169000	33.8665
12.172000	26.9069
12.174000	27.9820
12.177000	29.5918
12.178000	38.1635
12.180000	35.8618
12.183000	34.0956
12.185000	33.3505
12.188000	35.9827
12.193000	32.6974
12.196000	28.8701
12.198000	28.9007
12.201000	30.2350
12.203000	30.7793
12.206000	31.5942
12.209000	33.6942
12.211000	30.8889
12.214000	32.2139
12.216000	27.3532
12.219000	31.2470
12.221000	31.5278
12.224000	30.5351
12.227000	28.5151
12.229000	32.6438
12.232000	35.7533
12.234000	35.0030
12.237000	38.1079
12.240000	41.4663
12.242000	36.8687
12.245000	37.6617
12.248000	33.8416
12.251000	31.0464
12.253000	34.1340
12.256000	28.0082
12.259000	30.0758
12.262000	30.0932
12.265000	27.0371
12.267000	32.4229
12.270000	30.1324
12.273000	31.9361
12.276000	33.7388
12.279000	32.2114
12.281000	31.4482
12.284000	38.3696
12.287000	36.3261
12.290000	39.4050
12.292000	35.8196
12.295000	36.8467
12.298000	41.2060
12.301000	38.1286
12.304000	36.8438
12.306000	40.9479
12.309000	35.0395
12.312000	39.9132
12.315000	35.0243
12.318000	38.3571
12.320000	33.7210
12.323000	33.1932
12.326000	26.2251
12.329000	29.8121
12.331000	30.3146
12.334000	32.3578
12.337000	31.8207
12.340000	33.8652
12.343000	33.3254
12.348000	38.7217
12.351000	36.1082
12.354000	36.0827
12.357000	34.4981
12.359000	37.0767
12.362000	39.3894
12.365000	35.4579
12.368000	36.2077
12.371000	33.3057
12.374000	33.2691
12.377000	35.8461
12.380000	30.0508
12.383000	27.9098
12.386000	27.5995
12.389000	28.3382
12.392000	25.6574
12.395000	27.4471
12.398000	30.2955
12.401000	28.1316
12.404000	30.9869
12.407000	33.0546
12.410000	33.5357
12.413000	31.8918
12.416000	33.1693
12.419000	26.9882
12.422000	29.0612
12.428000	32.6892
12.431000	32.9020
12.434000	33.3834
12.437000	37.9018
12.440000	28.9596
12.442000	30.2659
12.444000	28.3337
12.446000	30.4532
12.448000	28.7871
12.450000	32.5378
12.452000	30.3272
12.454000	31.9148
12.456000	28.6101
12.458000	28.2929
12.460000	25.5212
12.462000	25.7452
12.464000	27.6094
12.466000	32.4876
12.468000	30.8030
12.470000	32.4054
12.472000	31.5403
12.474000	32.0477
12.476000	32.2810
12.478000	36.0980
12.480000	31.3695
12.482000	36.8526
12.484000	35.7097
12.486000	38.1650
12.488000	31.7514
12.490000	27.2655
12.492000	28.6073
12.494000	28.8389
12.496000	31.5798
12.498000	28.7457
12.500000	27.8607
12.502000	31.1706
12.504000	33.6485
12.506000	26.3143
12.508000	27.3881
12.510000	27.3396
12.512000	28.1360
12.514000	26.6787
12.516000	28.6058
12.518000	27.7109
12.520000	27.3800
12.522000	26.7649
12.524000	24.7292
12.526000	26.3827
12.528000	27.7560
12.530000	27.7084
12.532000	29.9433
12.534000	29.8987
12.536000	29.8542
12.538000	30.0961
12.540000	29.7652
12.542000	28.8593
12.544000	23.9257
12.546000	26.4650
12.548000	25.8400
12.550000	26.3681
12.552000	30.0773
12.554000	24.2455
12.557000	23.8792
12.559000	22.9569
12.561000	29.8824
12.563000	26.3458
12.565000	27.1726
12.567000	29.4613
12.569000	23.2804
12.571000	25.2777
12.573000	28.4526
12.575000	26.6479
12.577000	29.8332
12.579000	31.5562
12.581000	21.5014
12.583000	29.7072
12.585000	29.9606
12.587000	32.2850
12.589000	29.8781
12.591000	31.3193
12.593000	24.4524
12.594000	22.6461
12.596000	26.4627
12.598000	27.0134
12.600000	29.0567
12.602000	29.3140
12.604000	25.9845
12.606000	24.4428
12.608000	28.8922
12.610000	28.2511
12.612000	27.6087
12.614000	26.6639
12.616000	25.7169
12.618000	27.4828
12.620000	24.7226
12.622000	23.4679
12.624000	25.5412
12.626000	26.1040
12.628000	24.5435
12.630000	29.3625
12.632000	22.9330
12.634000	26.5438
12.636000	31.3843
12.638000	29.2109
12.640000	21.8323
12.642000	23.9296
12.644000	23.8859
12.646000	29.0617
12.648000	26.8731
12.650000	23.4482
12.652000	25.8702
12.654000	29.5324
12.656000	27.3346
12.658000	26.6782
12.660000	30.0460
12.662000	38.6928
12.668000	26.4881
12.670000	24.2701
12.672000	23.9184
12.674000	22.0050
12.676000	20.0873
12.678000	22.2344
12.680000	22.5066
12.682000	29.0543
12.684000	25.2527
12.686000	27.7315
12.688000	20.3945
12.690000	20.1007
12.692000	17.5981
12.694000	22.3551
12.696000	25.6370
12.703000	23.6444
12.708000	18.1447
12.713000	25.0651
12.719000	26.2493
12.724000	29.0631
12.729000	21.5969
12.734000	19.2574
12.740000	17.2154
12.745000	24.9101
12.750000	26.7937
12.755000	17.2921
12.761000	23.7289
12.766000	25.3043
12.769000	16.4316
12.772000	16.7179
12.774000	11.7711
12.777000	12.0552
12.780000	13.3273
12.783000	14.6034
12.785000	20.8334
12.788000	19.4848
12.791000	20.4435
12.794000	17.1139
12.796000	19.0753
12.799000	11.7754
12.802000	16.6076
12.802000	10.7508
12.805000	14.3607
12.808000	11.6830
12.810000	20.9442
12.813000	22.5814
12.816000	26.8766
12.819000	24.8690
12.822000	24.1890
12.829000	19.8317
12.832000	23.8101
12.835000	28.4584
12.838000	19.1250
12.841000	18.4470
12.844000	16.7700
12.848000	18.0898
12.851000	17.0809
12.854000	25.7439
12.857000	28.0736
12.861000	20.3948
12.865000	15.7179
12.870000	20.3846
12.874000	11.3714
12.878000	13.3728
12.882000	17.3782
12.886000	18.0474
12.890000	12.3778
12.894000	9.3801
12.899000	12.0573
12.903000	13.0658
12.907000	17.4091
12.911000	18.0847
12.915000	18.7609
12.919000	17.7721
12.924000	21.4494
12.928000	22.1264
12.932000	25.4652
12.935000	19.8197
12.939000	16.5097
12.942000	16.8544
12.945000	12.8810
12.948000	22.5252
12.951000	24.5281
12.954000	21.5530
12.957000	17.2542
12.961000	17.9370
12.964000	21.5963
12.967000	20.6167
12.970000	26.9199
12.974000	21.9747
12.977000	15.7086
12.981000	12.7606
12.982000	18.0521
12.985000	18.0704
12.989000	10.1791
12.992000	12.5107
12.996000	6.9422
12.999000	9.9324
13.003000	14.5508
13.006000	14.5535
13.010000	22.1108
13.012000	20.7970
13.014000	17.5163
13.017000	19.1583
13.019000	17.5214
13.021000	18.8339
13.023000	16.8720
13.025000	17.8569
13.027000	14.5901
13.030000	15.2516
13.032000	19.8286
13.034000	22.4426
13.036000	19.1827
13.038000	17.5568
13.040000	17.8879
13.043000	20.8257
13.045000	24.4083
13.047000	31.2377
13.049000	33.1852
13.051000	30.9095
13.053000	22.7962
13.055000	23.1248
13.057000	17.6203
13.059000	16.0097
13.061000	16.9904
13.063000	18.9403
13.065000	15.0711
13.067000	15.4057
13.069000	17.9990
13.071000	14.7849
13.073000	18.6644
13.075000	26.4018
13.077000	21.2594
13.079000	23.5188
13.081000	19.9934
13.084000	22.5763
13.086000	27.0732
13.088000	19.0720
13.090000	32.2054
13.092000	19.0980
13.094000	21.3477
13.096000	25.1899
13.098000	25.5176
13.100000	28.0754
13.102000	35.7225
13.105000	31.5898
13.108000	27.1514
13.111000	28.7494
13.114000	26.2279
13.117000	27.5075
13.120000	33.5192
13.123000	26.2747
13.126000	27.5502
13.129000	27.2508
13.132000	26.3251
13.135000	26.2958
13.135000	25.7160
13.138000	34.1817
13.141000	39.4981
13.145000	37.0016
13.149000	37.0042
13.153000	29.2457
13.156000	24.3003
13.159000	19.0608
13.163000	21.2626
13.167000	21.2977
13.171000	20.1020
13.175000	20.1385
13.178000	25.0693
13.182000	25.0946
13.186000	26.9508
13.190000	24.2286
13.194000	29.7265
13.198000	26.4003
13.202000	30.9624
13.205000	27.6403
13.209000	31.5795
13.213000	31.8855
13.217000	37.3062
13.220000	30.6865
13.223000	28.2855
13.227000	28.2895
13.230000	29.0930
13.230000	27.9917
13.233000	20.2136
13.237000	32.4733
13.240000	30.5874
13.240000	36.3473
13.243000	36.6342
13.246000	32.1525
13.250000	33.3298
13.253000	35.9939
13.256000	37.7614
13.259000	30.9134
13.261000	22.5927
13.264000	21.0991
13.267000	27.3138
13.269000	31.1559
13.272000	30.8402
13.277000	29.0287
13.280000	23.0877
13.282000	28.6942
13.285000	28.0775
13.288000	29.8250
13.290000	27.7364
13.293000	26.2287
13.295000	24.7301
13.298000	22.3330
13.301000	19.3429
13.303000	18.7279
13.306000	19.5773
13.309000	21.9033
13.311000	23.3547
13.314000	20.9462
13.316000	22.9877
13.319000	20.8709
13.321000	19.9513
13.324000	28.1933
13.327000	23.1094
13.329000	23.9643
13.332000	38.7370
13.335000	29.1983
13.338000	27.0683
13.341000	18.6966
13.344000	16.8513
13.347000	20.0585
13.350000	17.3155
13.353000	23.5043
13.356000	27.0185
13.359000	20.3912
13.362000	27.7898
13.365000	28.3247
13.368000	30.9547
13.371000	34.1884
13.373000	29.0532
13.376000	31.3892
13.378000	29.5458
13.381000	25.8735
13.383000	23.1198
13.386000	24.2515
13.388000	25.4091
13.390000	21.7424
13.393000	22.5728
13.395000	20.7099
13.398000	23.0530
13.400000	23.3060
13.403000	25.0503
13.405000	24.0918
13.407000	26.1680
13.410000	32.4801
13.412000	33.6545
13.415000	37.8562
13.417000	31.7221
13.419000	29.5440
13.420000	33.4889
13.421000	34.3841
13.423000	32.2050
13.424000	26.9880
13.425000	37.6666
13.426000	33.3655
13.428000	37.3040
13.429000	33.6103
13.430000	19.8042
13.431000	33.5698
13.433000	31.3825
13.434000	23.6911
13.435000	23.9742
13.436000	20.5730
13.438000	17.4506
13.439000	21.1135
13.440000	18.6290
13.441000	25.0637
13.443000	14.2437
13.444000	25.3034
13.445000	19.4277
13.447000	26.7775
13.448000	25.5222
13.449000	23.9576
13.450000	15.2940
13.452000	24.1989
13.453000	18.9249
13.454000	24.1545
13.455000	18.5681
13.457000	18.2112
13.458000	15.7120
13.459000	17.5448
13.460000	20.9271
13.462000	20.5724
13.463000	15.5911
13.464000	18.6676
13.466000	19.2427
13.467000	17.9791
13.468000	20.1294
13.469000	20.7286
13.471000	22.8605
13.472000	19.1107
13.473000	22.5085
13.474000	25.2865
13.476000	24.9363
13.477000	22.7385
13.478000	27.0764
13.481000	25.7746
13.482000	25.4444
13.483000	27.2958
13.485000	26.3243
13.486000	24.1230
13.487000	25.6644
13.488000	27.2067
13.490000	26.2352
13.491000	29.0280
13.492000	25.8882
13.493000	28.6822
13.495000	25.5241
13.496000	28.0076
13.497000	27.3660
13.498000	29.8511
13.500000	27.6300
13.501000	31.9939
13.503000	28.8343
13.506000	31.2932
13.507000	27.8339
13.509000	28.4304
13.510000	22.1500
13.512000	23.9994
13.513000	24.6112
13.515000	26.4627
13.516000	15.1621
13.518000	21.0896
13.519000	27.6610
13.521000	30.8733
13.521000	28.2612
13.523000	23.2152
13.524000	33.5552
13.526000	35.0991
13.527000	30.3798
13.529000	39.4564
13.530000	42.2694
13.532000	27.8076
13.533000	23.7149
13.535000	34.3643
13.536000	37.8060
13.538000	37.7836
13.539000	36.8306
13.541000	40.5760
13.542000	35.2280
13.544000	38.4725
13.544000	36.1484
13.545000	38.0214
13.546000	33.9298
13.548000	24.1778
13.549000	23.5401
13.551000	21.3237
13.552000	21.6282
13.553000	17.8528
13.555000	26.9359
13.556000	25.0440
13.557000	20.3286
13.559000	24.0767
13.560000	26.2643
13.561000	15.2771
13.564000	24.3499
13.565000	27.7914
13.567000	17.7438
13.568000	19.9315
13.570000	13.6505
13.571000	20.5387
13.572000	26.1720
13.574000	12.3764
13.576000	19.2563
13.578000	15.4893
13.579000	16.4238
13.580000	14.8546
13.582000	24.2320
13.583000	19.2222
13.584000	17.9670
13.586000	26.7126
13.587000	27.6451
13.589000	24.5103
13.590000	27.3172
13.591000	32.3093
13.593000	30.7370
13.594000	36.3498
13.596000	26.6659
13.598000	23.8516
13.600000	19.7936
13.602000	16.0517
13.604000	23.2122
13.605000	24.1439
13.607000	20.7171
13.609000	29.4220
13.611000	32.2128
13.613000	30.9629
13.615000	26.9210
13.617000	30.3302
13.619000	20.7134
13.621000	26.6020
13.623000	19.1683
13.625000	26.5986
13.627000	28.4532
13.629000	32.1598
13.631000	25.9795
13.633000	33.3868
13.635000	34.9246
13.636000	30.9147
13.638000	24.1362
13.639000	17.3639
13.641000	17.9885
13.642000	18.6083
13.644000	12.4710
13.645000	18.0078
13.647000	16.1766
13.648000	21.0921
13.650000	15.8890
13.651000	20.7990
13.653000	18.3592
13.654000	20.8138
13.655000	20.8190
13.657000	17.4675
13.658000	17.7801
13.660000	17.1838
13.661000	16.2760
13.663000	14.1584
13.664000	17.2149
13.666000	16.6224
13.667000	19.3697
13.669000	15.7367
13.670000	19.3925
13.672000	18.4977
13.673000	19.4165
13.674000	18.5149
13.676000	21.8655
13.677000	16.1190
13.679000	23.0982
13.680000	24.0125
13.682000	21.3074
13.683000	17.0888
13.685000	22.8410
13.686000	18.0254
13.688000	26.1778
13.689000	11.7365
13.690000	14.4582
13.692000	12.6810
13.693000	19.6034
13.695000	16.9242
13.696000	24.1334
13.698000	30.1414
13.699000	26.5541
13.701000	28.9615
13.702000	25.3810
13.704000	23.6064
13.705000	25.7046
13.707000	26.6158
13.708000	29.6028
13.709000	24.2503
13.710000	24.2600
13.711000	25.1619
13.712000	25.4684
13.713000	27.8540
13.714000	23.4089
13.715000	21.3427
13.716000	19.2789
13.717000	14.5506
13.718000	18.1208
13.719000	19.3189
13.720000	21.1074
13.721000	21.4156
13.722000	23.5695
13.722000	24.3828
13.723000	18.1924
13.724000	22.3386
13.725000	17.2148
13.725000	19.1086
13.725000	15.8621
13.726000	17.0574
13.727000	18.8405
13.728000	18.2663
13.729000	24.4602
13.730000	16.2381
13.731000	21.2504
13.732000	12.4533
13.733000	19.2230
13.734000	19.8247
13.735000	20.1325
13.736000	16.6315
13.737000	19.8690
13.738000	19.5914
13.739000	19.6066
13.740000	19.3297
13.741000	17.5930
13.742000	22.8633
13.743000	19.0850
13.744000	19.9755
13.745000	20.8650
13.746000	21.2164
13.746000	18.5511
13.747000	13.0399
13.748000	19.4567
13.749000	20.4185
13.749000	21.2163
13.750000	20.9412
13.751000	25.8899
13.752000	18.6522
13.753000	19.8286
13.754000	25.3480
13.755000	18.7038
13.756000	16.4072
13.757000	20.7621
13.759000	18.1965
13.760000	13.5988
13.761000	13.3317
13.762000	20.8441
13.763000	18.2694
13.764000	21.7406
13.765000	20.0315
13.766000	17.4629
13.767000	15.1850
13.768000	20.4455
13.768000	21.2319
13.769000	14.0798
13.770000	22.4121
13.771000	19.5646
13.772000	19.2967
13.773000	21.0312
13.774000	21.0487
13.775000	19.0671
13.776000	26.2211
13.777000	17.1088
13.778000	17.1293
13.779000	15.7259
13.780000	21.1552
13.782000	18.6335
13.783000	26.8900
13.784000	20.6602
13.785000	18.1264
13.786000	22.9652
13.787000	24.9652
13.788000	23.5660
13.789000	24.9972
13.790000	26.1439
13.791000	27.5715
13.792000	24.4815
13.793000	21.9601
13.794000	16.6241
13.795000	23.4056
13.796000	26.5191
13.797000	25.6912
13.798000	27.3936
13.799000	23.4775
13.800000	27.9854
13.801000	35.2910
13.802000	25.7739
13.803000	28.5906
13.804000	21.8905
13.805000	29.1795
13.806000	25.8415
13.807000	30.0463
13.808000	20.5754
13.809000	31.4684
13.810000	26.7461
13.812000	32.0645
13.813000	37.6362
13.814000	30.9798
13.815000	30.1613
13.816000	34.0583
13.817000	32.6847
13.818000	32.6977
13.819000	25.2405
13.820000	33.0004
13.821000	33.2897
13.823000	35.5223
13.824000	39.6679
13.825000	36.9221
13.826000	36.1070
13.827000	40.7928
13.828000	41.6247
13.829000	34.2188
13.830000	40.5415
13.831000	29.3105
13.832000	34.8056
13.833000	31.2603
13.834000	30.7290
13.835000	35.1172
13.836000	29.3961
13.837000	25.0483
13.838000	27.2502
13.839000	27.2695
13.840000	28.6497
13.841000	24.0450
13.842000	30.3170
13.843000	21.9176
13.848000	32.5853
13.850000	33.6973
13.852000	30.4941
13.855000	35.1191
13.857000	30.5861
13.860000	37.0672
13.862000	37.3616
13.865000	36.0695
13.867000	43.5498
13.869000	39.5827
13.872000	40.9442
13.874000	46.5204
13.876000	45.7417
13.879000	44.9743
13.881000	43.6772
13.883000	36.6141
13.886000	37.1867
13.888000	35.6524
13.891000	36.4872
13.893000	42.7596
13.896000	45.9049
13.898000	48.2510
13.901000	51.3673
13.903000	46.9994
13.905000	50.8706
13.906000	51.9024
13.908000	48.5802
13.910000	46.5499
13.912000	44.7831
13.914000	48.8810
13.916000	49.9131
13.917000	40.0179
13.919000	51.7075
13.921000	30.9827
13.923000	35.8307
13.925000	31.5933
13.926000	33.8839
13.928000	39.4558
13.930000	35.2342
13.932000	33.0309
13.934000	43.0625
13.936000	41.1021
13.937000	46.5914
13.939000	43.3896
13.941000	45.6500
13.943000	38.7581
13.945000	44.2253
13.947000	43.7644
13.948000	41.3228
13.950000	39.3989
13.952000	40.4204
13.954000	39.9730
13.956000	40.0153
13.957000	40.2799
13.959000	33.7662
13.961000	38.1844
13.963000	32.4307
13.965000	37.5569
13.967000	31.1096
13.968000	37.3919
13.970000	38.8820
13.972000	39.4089
13.974000	40.4112
13.976000	40.2186
13.977000	38.3385
13.979000	39.5763
13.981000	40.5720
13.983000	41.7999
13.985000	43.7298
13.987000	41.4181
13.988000	44.9643
13.990000	46.4080
13.992000	52.5213
13.993000	48.5616
13.995000	46.7278
13.996000	46.9778
13.997000	49.7839
13.998000	40.5116
14.000000	45.1934
14.001000	40.5919
14.002000	45.0127
14.003000	35.1145
14.005000	36.1101
14.006000	41.2057
14.007000	36.6422
14.008000	36.6781
14.010000	35.1477
14.011000	37.2430
14.012000	34.3101
14.013000	38.2261
14.015000	36.7022
14.016000	40.8290
14.017000	36.0939
14.018000	38.8516
14.020000	38.0148
14.021000	43.4715
14.022000	37.6336
14.023000	46.0077
14.025000	35.9417
14.026000	45.1866
14.027000	47.9050
14.028000	42.1038
14.030000	42.1649
14.031000	43.7581
14.033000	39.1385
14.035000	39.8735
14.036000	29.2545
14.038000	37.7274
14.038000	35.9884
14.040000	28.9960
14.042000	32.1736
14.043000	33.3166
14.045000	35.8145
14.047000	32.3855
14.049000	33.1255
14.050000	37.7517
14.052000	37.3879
14.054000	39.8511
14.056000	36.6654
14.057000	42.9835
14.059000	39.3695
14.061000	42.6713
14.062000	42.7014
14.064000	37.6042
14.066000	44.1076
14.068000	41.5971
14.069000	43.1240
14.071000	40.6238
14.073000	44.9429
14.075000	42.2372
14.076000	41.6309
14.078000	40.8455
14.080000	40.4856
14.082000	40.9700
14.083000	40.5798
14.085000	39.8017
14.087000	42.3809
14.089000	36.7902
14.090000	40.3776
14.092000	40.6476
14.094000	41.1243
14.096000	40.3525
14.097000	45.7785
14.099000	44.1709
14.101000	47.1172
14.103000	46.3380
14.104000	44.3003
14.106000	47.2318
14.108000	50.1519
14.110000	45.6815
14.112000	47.7748
14.114000	47.6135
14.116000	48.2680
14.118000	44.0352
14.120000	46.9279
14.122000	44.3340
14.123000	40.7096
14.125000	42.9876
14.127000	38.9962
14.129000	38.8487
14.131000	40.3118
14.133000	32.5230
14.135000	40.0113
14.137000	37.0554
14.139000	39.1102
14.141000	33.3661
14.143000	35.4190
14.145000	31.0902
14.147000	39.9029
14.149000	43.9225
14.151000	42.3755
14.152000	44.5773
14.154000	48.9716
14.156000	49.0037
14.158000	46.8632
14.160000	41.7691
14.162000	47.9155
14.164000	43.6188
14.166000	39.1355
14.168000	38.3916
14.170000	43.5302
14.172000	43.7610
14.174000	44.2126
14.174000	41.0565
14.176000	45.1965
14.178000	43.4713
14.180000	42.1393
14.181000	43.5204
14.183000	37.3225
14.185000	40.4722
14.187000	39.9234
14.189000	41.1222
14.191000	40.5728
14.193000	42.5429
14.195000	41.2180
14.197000	45.6973
14.199000	43.7915
14.201000	46.5223
14.203000	46.7404
14.205000	47.5360
14.207000	42.5522
14.209000	46.7243
14.209000	46.2360
14.210000	51.0572
14.212000	46.6565
14.214000	46.8719
14.216000	46.1271
14.218000	46.1503
14.220000	43.8734
14.222000	40.8336
14.224000	44.4960
14.226000	44.7107
14.228000	43.3960
14.230000	46.0936
14.232000	44.3556
14.232000	45.1611
14.234000	45.1833
14.236000	44.2524
14.238000	45.9894
14.240000	45.6299
14.242000	46.2222
14.244000	43.9616
14.246000	45.8841
14.248000	46.4750
14.250000	45.7365
14.252000	41.5850
14.254000	43.6937
14.256000	42.5794
14.258000	44.3065
14.260000	43.1932
14.261000	46.4204
14.263000	52.1128
14.265000	45.1397
14.267000	49.6934
14.269000	48.0142
14.271000	51.6179
14.273000	47.3012
14.275000	54.2919
14.276000	46.3913
14.278000	52.6238
14.279000	51.3159
14.281000	53.4034
14.282000	47.9614
14.283000	47.5963
14.285000	41.2334
14.286000	45.0227
14.286000	46.1274
14.287000	41.8226
14.289000	42.5989
14.290000	42.2368
14.292000	43.2000
14.293000	41.9019
14.294000	44.7240
14.296000	48.3046
14.297000	45.3233
14.298000	49.6368
14.300000	47.9776
14.301000	53.0332
14.303000	51.9340
14.304000	55.1171
14.306000	51.2211
14.308000	54.9706
14.310000	51.8258
14.312000	51.6630
14.314000	52.2444
14.315000	53.1852
14.317000	51.1658
14.319000	53.6028
14.321000	51.7725
14.323000	50.8718
14.325000	50.1581
14.327000	46.4877
14.329000	45.9649
14.331000	44.3362
14.333000	43.0799
14.335000	43.1162
14.336000	45.7127
14.338000	49.6109
14.340000	48.9073
14.342000	54.6319
14.344000	53.7424
14.346000	52.4889
14.348000	54.3500
14.350000	46.7005
14.352000	50.5741
14.354000	48.6021
14.356000	52.2838
14.358000	48.8598
14.359000	52.5167
14.361000	49.6445
14.363000	53.2816
14.363000	54.9449
14.365000	53.1653
14.367000	50.1241
14.369000	51.4293
14.371000	46.4140
14.373000	45.9195
14.375000	47.5874
14.377000	46.1955
14.379000	47.8600
14.380000	49.6773
14.382000	54.3794
14.384000	51.9142
14.386000	56.7790
14.388000	53.4274
14.390000	57.7421
14.392000	50.1347
14.394000	52.3128
14.396000	45.0943
14.398000	46.7445
14.400000	44.5052
14.402000	46.8578
14.403000	45.3014
14.405000	49.2302
14.407000	46.6521
14.409000	51.9680
14.411000	47.1224
14.413000	51.1979
14.415000	48.4638
14.417000	49.5668
14.419000	48.4099
14.421000	47.9512
14.423000	46.9764
14.424000	47.0089
14.426000	53.9703
14.428000	50.7535
14.430000	56.6508
14.432000	55.6706
14.434000	54.3529
14.436000	57.6488
14.437000	55.9677
14.438000	52.5874
14.439000	52.2763
14.441000	49.2802
14.442000	45.9220
14.443000	51.3790
14.444000	42.2734
14.445000	45.0187
14.446000	41.0051
14.447000	45.4327
14.450000	44.8750
14.451000	45.0821
14.452000	46.1275
14.453000	46.5006
14.454000	47.7098
14.455000	50.2536
14.456000	50.6214
14.458000	51.0217
14.459000	50.5558
14.460000	50.5898
14.461000	54.9401
14.463000	55.8265
14.464000	52.0498
14.466000	54.0960
14.467000	53.3023
14.468000	54.4865
14.469000	51.3919
14.470000	55.8614
14.471000	51.9522
14.472000	52.9691
14.473000	51.0372
14.475000	53.7198
14.476000	51.7942
14.477000	49.3846
14.478000	49.9099
14.479000	49.1339
14.480000	49.0092
14.481000	48.8849
14.483000	45.4027
14.484000	51.4224
14.485000	50.1669
14.486000	54.0714
14.487000	54.9084
14.488000	51.8851
14.489000	52.5623
14.491000	53.9121
14.492000	55.3845
14.493000	57.1730
14.494000	57.8401
14.495000	55.1585
14.500000	56.2657
14.501000	58.6691
14.503000	57.3032
14.504000	59.5390
14.505000	58.6207
14.506000	60.6922
14.507000	59.1467
14.509000	56.3808
14.510000	55.7854
14.511000	54.7228
14.513000	52.7615
14.514000	49.9944
14.515000	49.1000
14.517000	49.1793
14.518000	49.6836
14.519000	50.1867
14.521000	50.5721
14.522000	48.7605
14.523000	50.0322
14.525000	48.5740
14.526000	49.8413
14.527000	48.9613
14.529000	50.7219
14.530000	47.5554
14.531000	51.7120
14.533000	54.8257
14.534000	50.9109
14.535000	51.7068
14.537000	50.8725
14.538000	53.9317
14.539000	53.8148
14.541000	55.2375
14.542000	51.9625
14.543000	54.2510
14.545000	57.0139
14.546000	58.0911
14.547000	57.2234
14.549000	57.1340
14.550000	60.5874
14.551000	59.5724
14.553000	56.8086
14.554000	57.8757
14.555000	56.4254
14.556000	58.0814
14.558000	57.4019
14.559000	55.8122
14.560000	57.9020
14.561000	57.6372
14.563000	57.1097
14.564000	57.4321
14.565000	58.3384
14.566000	58.3667
14.568000	55.6569
14.569000	54.3796
14.570000	54.5580
14.571000	52.9951
14.573000	53.6433
14.574000	51.2200
14.575000	55.1547
14.576000	54.3215
14.578000	57.1206
14.579000	57.1502
14.580000	56.4622
14.581000	58.0692
14.583000	56.9820
14.584000	59.1540
14.585000	58.8958
14.586000	60.9178
14.588000	61.5361
14.589000	61.7023
14.591000	60.3338
14.592000	62.1984
14.594000	60.6925
14.596000	60.6017
14.598000	58.6853
14.599000	58.4320
14.601000	53.8677
14.603000	55.7489
14.605000	53.9987
14.606000	54.5880
14.608000	52.1523
14.610000	54.4380
14.612000	50.9082
14.613000	53.5672
14.615000	51.8421
14.617000	59.0576
14.619000	55.1341
14.620000	59.1368
14.622000	56.7296
14.624000	57.6054
14.626000	56.1648
14.627000	60.1348
14.629000	59.6424
14.631000	58.8817
14.633000	57.5844
14.634000	57.0728
14.636000	57.6673
14.638000	58.7961
14.639000	58.6882
14.641000	57.1353
14.643000	59.0601
14.645000	57.1136
14.646000	59.4034
14.648000	58.7903
14.650000	58.9747
14.652000	57.9686
14.653000	58.7876
14.655000	57.2582
14.657000	58.1020
14.659000	57.8926
14.660000	56.6088
14.662000	56.9264
14.664000	56.4597
14.666000	55.3440
14.667000	57.5846
14.669000	58.4172
14.671000	57.6919
14.673000	56.7112
14.674000	59.3212
14.676000	59.4999
14.678000	62.1207
14.680000	60.4966
14.681000	61.6737
14.683000	61.4626
14.685000	64.6985
14.686000	59.8728
14.688000	63.6109
14.690000	62.3817
14.692000	61.7913
14.693000	60.6743
14.695000	60.5945
14.697000	59.2547
14.699000	58.9268
14.700000	58.4492
14.702000	61.1337
14.704000	58.8005
14.706000	59.9752
14.707000	59.6241
14.709000	61.1694
14.711000	58.7234
14.713000	59.5191
14.714000	61.6565
14.716000	64.5565
14.718000	64.2254
14.720000	62.1622
14.721000	63.5449
14.723000	64.6985
14.725000	64.3688
14.727000	64.9022
14.728000	65.0453
14.730000	64.1018
14.732000	66.9654
14.733000	64.2860
14.735000	68.4903
14.737000	65.1009
14.739000	64.4077
14.740000	60.7672
14.742000	60.4471
14.744000	60.0063
14.746000	62.8474
14.747000	65.0542
14.749000	65.6997
14.751000	65.0114
14.753000	62.6323
14.754000	60.4786
14.756000	62.4545
14.758000	60.4486
14.760000	63.1410
14.761000	62.1998
14.763000	60.9215
14.765000	63.9636
14.767000	64.0036
14.768000	64.1432
14.770000	60.7172
14.772000	61.2386
14.774000	59.1367
14.775000	57.6114
14.777000	56.3510
14.779000	59.4886
14.781000	57.3985
14.783000	56.3800
14.785000	57.0203
14.787000	57.1861
14.793000	62.5052
14.797000	61.7625
14.801000	61.7254
14.804000	63.5379
14.808000	63.3784
14.812000	64.8471
14.816000	65.9597
14.820000	66.9502
14.824000	60.6592
14.827000	64.9807
14.831000	69.0704
14.835000	69.3529
14.837000	68.8050
14.839000	66.8832
14.842000	64.4074
14.844000	61.4651
14.846000	61.3825
14.848000	63.3526
14.850000	62.9254
14.852000	61.5876
14.853000	66.7236
14.855000	63.6448
14.855000	65.7245
14.857000	63.9313
14.859000	65.5462
14.861000	64.2087
14.864000	64.2447
14.866000	61.4376
14.868000	60.1046
14.870000	61.9382
14.872000	62.2998
14.875000	63.4608
14.877000	63.0295
14.879000	64.1762
14.881000	63.9688
14.883000	65.9004
14.886000	66.0361
14.888000	64.2511
14.890000	64.3780
14.892000	61.3575
14.895000	61.9396
14.897000	62.2888
14.899000	60.8410
14.901000	61.0762
14.903000	62.6566
14.906000	63.6783
14.908000	64.5824
14.910000	67.7278
14.914000	66.2790
14.918000	65.6119
14.922000	65.7261
14.926000	65.9489
14.930000	69.5342
14.933000	67.7338
14.937000	69.7454
14.941000	62.4282
14.945000	64.4318
14.949000	67.7870
14.953000	65.2837
14.957000	62.8836
14.961000	64.0909
14.964000	64.1758
14.968000	64.9287
14.972000	63.9772
14.976000	62.1085
14.980000	61.2552
14.984000	59.9377
14.987000	62.1770
14.991000	63.3747
14.995000	62.7349
14.999000	62.5501
15.003000	63.2668
15.007000	61.7753
15.010000	63.0896
15.014000	63.3340
15.018000	62.5259
15.022000	61.7107
15.026000	61.4767
15.030000	62.8914
15.034000	59.2227
15.037000	61.9735
15.041000	63.1608
15.045000	63.5186
15.049000	63.7579
15.053000	65.2020
15.057000	63.0310
15.060000	60.8768
15.064000	62.0800
15.068000	59.7514
15.072000	61.2038
15.076000	65.4967
15.080000	69.5756
15.084000	63.3966
15.088000	62.1479
15.092000	65.8875
15.096000	64.5142
15.100000	64.5229
15.103000	59.7490
15.107000	57.5682
15.111000	57.5418
15.115000	55.1990
15.119000	62.0243
15.122000	60.8886
15.126000	56.4426
15.129000	58.1627
15.133000	56.9616
15.136000	55.3916
15.139000	57.6665
15.142000	57.6913
15.146000	54.3275
15.148000	57.4763
15.151000	59.5301
15.154000	55.5014
15.158000	56.0332
15.161000	56.0613
15.164000	56.3656
15.168000	56.7771
15.171000	58.4737
15.174000	59.0730
15.177000	60.0957
15.181000	54.2421
15.184000	55.6815
15.187000	57.6955
15.191000	60.6865
15.194000	65.9991
15.200000	62.8763
15.205000	58.5988
15.211000	60.8914
15.217000	61.3288
15.223000	57.8376
15.228000	55.0760
15.234000	55.2114
15.240000	50.4741
15.246000	51.1965
15.251000	52.5536
15.257000	52.1046
15.263000	53.7611
15.269000	50.7602
15.274000	49.7341
15.280000	53.9937
15.286000	56.9154
15.290000	53.0260
15.295000	56.5962
15.299000	55.1439
15.303000	59.9846
15.308000	55.2853
15.312000	51.5386
15.312000	51.0481
15.316000	49.4232
15.321000	56.2916
15.325000	56.8438
15.328000	55.0842
15.330000	50.0723
15.333000	49.0788
15.336000	49.6423
15.339000	49.5829
15.341000	47.3553
15.344000	47.1366
15.347000	47.7008
15.350000	50.3065
15.352000	51.2099
15.355000	50.5237
15.358000	55.5046
15.361000	48.3573
15.363000	46.8960
15.366000	51.4158
15.369000	50.5671
15.372000	51.4264
15.372000	51.9346
15.374000	49.2001
15.377000	47.8685
15.380000	48.4417
15.383000	49.1757
15.385000	50.4101
15.388000	52.5853
15.391000	50.2898
15.393000	46.7285
15.396000	49.5475
15.399000	48.5224
15.402000	47.9764
15.404000	51.6338
15.407000	45.6123
15.413000	45.4745
15.415000	45.1047
15.418000	46.0068
15.421000	45.7756
15.424000	48.1440
15.426000	49.8897
15.429000	50.8040
15.432000	51.5579
15.437000	53.9105
15.440000	55.8195
15.443000	50.5132
15.447000	48.6204
15.452000	48.3461
15.456000	50.4062
15.460000	50.3226
15.464000	51.8982
15.468000	54.4785
15.472000	54.0706
15.476000	55.3312
15.480000	50.0725
15.485000	47.6210
15.489000	48.7104
15.493000	54.0148
15.497000	53.2665
15.501000	56.2353
15.506000	50.5574
15.510000	50.8186
15.514000	52.4425
15.518000	56.6299
15.520000	52.1617
15.521000	49.2419
15.523000	46.1277
15.525000	44.0340
15.527000	44.5039
15.528000	43.6264
15.530000	45.9819
15.532000	46.7983
15.534000	48.9896
15.535000	48.2836
15.537000	45.1509
15.539000	45.4539
15.541000	45.5854
15.543000	45.7175
15.544000	46.7319
15.546000	45.4852
15.548000	47.5176
15.550000	45.9245
15.551000	47.8068
15.553000	48.1156
15.555000	47.0400
15.556000	49.2732
15.558000	49.5845
15.560000	51.6313
15.561000	46.0612
15.563000	47.7608
15.565000	53.1130
15.567000	54.8207
15.568000	53.7617
15.570000	62.3029
15.570000	64.1254
15.572000	60.0424
15.575000	52.5563
15.578000	61.9550
15.581000	63.8583
15.584000	63.6840
15.587000	57.5222
15.590000	59.1124
15.593000	66.6160
15.597000	64.3098
15.602000	51.4917
15.604000	63.7062
15.608000	48.4324
15.613000	42.7196
15.618000	43.5253
15.623000	42.7447
15.629000	43.0110
15.634000	41.7009
15.639000	41.9848
15.644000	41.9162
15.649000	41.6714
15.654000	42.3157
15.659000	43.3178
15.664000	48.4134
15.669000	48.3550
15.674000	45.9819
15.679000	43.6066
15.684000	42.2990
15.690000	50.7924
15.695000	47.7030
15.700000	47.6471
15.705000	51.7021
15.710000	53.2581
15.715000	46.4067
15.720000	50.4677
15.726000	48.4320
15.733000	41.0036
15.740000	42.7129
15.747000	44.9630
15.753000	43.6333
15.760000	40.3091
15.767000	42.7398
15.773000	44.4658
15.780000	45.6405
15.787000	43.7455
15.794000	45.2820
15.800000	46.6532
15.804000	44.6089
15.808000	41.6545
15.811000	39.7987
15.815000	40.6503
15.819000	44.2293
15.823000	45.0857
15.827000	47.2177
15.831000	41.3379
15.835000	40.9185
15.839000	40.6813
15.843000	39.5313
15.846000	40.0381
15.850000	40.8982
15.854000	44.2484
15.857000	40.6416
15.861000	44.2353
15.865000	44.4988
15.869000	45.5340
15.873000	44.4794
15.877000	42.7638
15.880000	41.1324
15.885000	48.8890
15.888000	47.0031
15.893000	52.5471
15.899000	38.1792
15.903000	43.4996
15.908000	36.7588
15.913000	47.1967
15.919000	37.8983
15.922000	45.3171
15.928000	36.4549
15.933000	40.2073
15.940000	40.4278
15.944000	43.2125
15.949000	40.9328
15.954000	41.8147
15.959000	44.3099
15.964000	42.2547
15.970000	45.3760
15.974000	44.4082
15.980000	51.9738
15.985000	53.5282
15.990000	50.0753
15.996000	57.6008
16.006000	57.1471
16.011000	57.9299
16.017000	55.0474
16.023000	41.4229
16.028000	40.7806
16.034000	46.5329
16.039000	47.5800
16.045000	47.0043
16.049000	50.2671
16.054000	46.5162
16.059000	45.7461
16.064000	47.4501
16.072000	48.6287
16.078000	50.7211
16.083000	48.0792
16.089000	47.2595
16.094000	47.4834
16.099000	46.8543
16.105000	54.3972
16.111000	52.6315
16.116000	53.2487
16.122000	50.0266
16.127000	48.6713
16.133000	47.7151
16.145000	50.1823
16.149000	51.8392
16.156000	52.3769
16.161000	53.8170
16.169000	58.3409
16.173000	55.3793
16.177000	57.2063
16.178000	53.1721
16.181000	52.3889
16.189000	53.2463
16.195000	54.6712
16.200000	54.6583
16.206000	55.8422
16.211000	55.4750
16.217000	54.7057
16.222000	54.5245
16.228000	57.5129
16.233000	56.1300
16.239000	57.2683
16.244000	56.7266
16.250000	54.7361
16.255000	51.3994
16.261000	55.8331
16.266000	54.2413
16.272000	55.2380
16.277000	55.7151
16.283000	56.9632
16.288000	53.8136
16.294000	56.8518
16.299000	54.2256
16.305000	56.5849
16.310000	55.8492
16.316000	56.4631
16.322000	61.3975
16.327000	60.7757
16.332000	62.7742
16.339000	62.6142
16.344000	60.8424
16.351000	60.7574
16.359000	61.8610
16.366000	63.4978
16.374000	57.4985
16.381000	56.5250
16.390000	60.1146
16.396000	61.0237
16.404000	59.6135
16.412000	62.6023
16.419000	60.8581
16.427000	59.9953
16.434000	61.1426
16.442000	62.2733
16.449000	65.5274
16.456000	67.0441
16.461000	63.5069
16.467000	60.9775
16.473000	62.1324
16.477000	61.4923
16.483000	60.4374
16.488000	61.2769
16.494000	62.4661
16.498000	63.2827
16.504000	63.5378
16.508000	63.9297
16.512000	61.9721
16.519000	61.7067
16.524000	61.0158
16.529000	65.0053
16.535000	63.6536
16.540000	63.6927
16.546000	64.4308
16.552000	60.9830
16.556000	59.8319
16.561000	59.4833
16.567000	63.7728
16.572000	63.1379
16.578000	61.7864
16.583000	63.3417
16.588000	64.2687
16.593000	63.7806
16.598000	61.8931
16.604000	58.8566
16.609000	58.3818
16.614000	58.0914
16.618000	58.4493
16.625000	59.0103
16.630000	62.8081
16.635000	63.4755
16.640000	63.3610
16.645000	59.8441
16.650000	59.4554
16.656000	60.1796
16.661000	62.0050
16.666000	65.4906
16.672000	66.8737
16.677000	61.6889
16.682000	62.6519
16.687000	58.4179
16.692000	56.7358
16.694000	60.2905
16.698000	56.3702
16.703000	56.2688
16.709000	56.9621
16.714000	57.9605
16.719000	59.9147
16.724000	60.0444
16.730000	58.3076
16.735000	60.5942
16.739000	61.1163
16.744000	60.8899
16.750000	58.6118
16.756000	56.2847
16.761000	55.4151
16.766000	58.7882
16.771000	59.8091
16.776000	56.2787
16.787000	58.2942
16.793000	60.1224
16.797000	53.1842
16.801000	55.5135
16.808000	62.6150
16.813000	57.7128
16.821000	53.8146
16.826000	56.5156
16.831000	54.7658
16.837000	55.0579
16.844000	54.2420
16.850000	53.2200
16.855000	59.0909
16.863000	52.7365
16.870000	53.3182
16.875000	55.9496
16.881000	56.3903
16.887000	56.5653
16.894000	58.4035
16.900000	53.1233
16.905000	52.8224
16.911000	50.6470
16.916000	50.2294
16.923000	53.9681
16.928000	46.5515
16.934000	44.7775
16.939000	45.8854
16.944000	42.7090
16.952000	45.2592
16.958000	41.9762
16.964000	37.1656
16.970000	38.4359
16.975000	40.7204
16.981000	39.0033
16.988000	41.8734
16.995000	41.6713
17.000000	41.7294
17.006000	41.6504
17.012000	41.2115
17.018000	39.6061
17.024000	40.4535
17.029000	40.5478
17.035000	41.8475
17.043000	36.2396
17.047000	41.7820
17.054000	43.0126
17.059000	38.0741
17.065000	38.4928
17.072000	33.9416
17.078000	41.8961
17.084000	42.2878
17.090000	45.0675
17.095000	54.8804
17.100000	37.0776
17.105000	43.4023
17.110000	47.4983
17.115000	36.1720
17.120000	39.7780
17.126000	39.0749
17.130000	33.5643
17.135000	33.2356
17.141000	39.0246
17.145000	40.4858
17.150000	35.9818
17.155000	32.6620
17.160000	36.2299
17.165000	36.2709
17.170000	38.2484
17.175000	38.1904
17.178000	34.6703
17.185000	42.1461
17.189000	44.6747
17.192000	31.5802
17.195000	41.4071
17.196000	37.6779
17.199000	39.0494
17.202000	36.6504
17.205000	34.2223
17.207000	32.4299
17.210000	35.6431
17.213000	34.3951
17.216000	29.1108
17.218000	29.8055
17.221000	28.8530
17.224000	28.0165
17.227000	29.4988
17.229000	31.2321
17.232000	36.2203
17.235000	34.6888
17.238000	34.7780
17.240000	35.4659
17.243000	35.4401
17.246000	38.0091
17.249000	33.9757
17.251000	30.4177
17.254000	31.8096
17.257000	31.0762
17.260000	33.1830
17.262000	32.2220
17.265000	34.8075
17.268000	36.4488
17.271000	35.2466
17.273000	34.0494
17.276000	36.6447
17.279000	37.3432
17.282000	37.5678
17.284000	34.7075
17.287000	37.3100
17.290000	40.8664
17.293000	42.5221
17.295000	47.7513
17.298000	49.8859
17.301000	50.5935
17.305000	41.2988
17.310000	27.7117
17.314000	30.0827
17.319000	35.5493
17.323000	33.8735
17.328000	29.8149
17.332000	30.2844
17.336000	32.6591
17.341000	36.6980
17.345000	33.5971
17.350000	30.4964
17.354000	29.0637
17.359000	29.0574
17.363000	30.9534
17.367000	28.5714
17.372000	34.0260
17.376000	39.2401
17.381000	39.2260
17.385000	37.3167
17.390000	31.8495
17.394000	41.5531
17.398000	43.6687
17.403000	40.0955
17.405000	39.6374
17.409000	40.9205
17.415000	36.0203
17.419000	37.7262
17.424000	30.8250
17.427000	28.7079
17.432000	36.9681
17.437000	38.3054
17.441000	29.4081
17.445000	36.3400
17.450000	42.0567
17.455000	41.4275
17.458000	44.0660
17.461000	37.1122
17.465000	32.8370
17.470000	39.3430
17.473000	29.0916
17.475000	28.1076
17.479000	33.6294
17.483000	32.1303
17.488000	39.1238
17.492000	36.0680
17.495000	38.8639
17.499000	38.4924
17.503000	44.9537
17.507000	31.4074
17.511000	34.6865
17.514000	39.2034
17.518000	39.2541
17.522000	33.1714
17.525000	39.9320
17.529000	37.8349
17.533000	42.2292
17.537000	35.5257
17.540000	32.3729
17.544000	34.6192
17.548000	31.4997
17.551000	39.2236
17.555000	38.6601
17.559000	40.2042
17.563000	35.6853
17.566000	36.0320
17.570000	45.1674
17.574000	44.4429
17.578000	42.3174
17.581000	41.2682
17.585000	45.0110
17.591000	38.3227
17.597000	28.8118
17.604000	26.0943
17.604000	31.8388
17.610000	34.8848
17.617000	41.0398
17.623000	39.0817
17.629000	32.5675
17.635000	32.2776
17.641000	37.0339
17.647000	38.6767
17.654000	38.6333
17.660000	45.5927
17.668000	45.3184
17.676000	32.7003
17.685000	39.4341
17.694000	38.6635
17.702000	38.8705
17.711000	31.9991
17.719000	30.2415
17.728000	28.4719
17.736000	29.6482
17.743000	36.9832
17.751000	38.9212
17.759000	37.1649
17.767000	33.9185
17.775000	30.6602
17.782000	38.5670
17.790000	34.5612
17.798000	36.2724
17.806000	43.4840
17.814000	36.7146
17.822000	30.4210
17.829000	35.4081
17.837000	34.1210
17.845000	35.6015
17.853000	36.5826
17.861000	37.5672
17.868000	33.2360
17.876000	27.3598
17.884000	21.9676
17.891000	23.9535
17.897000	20.0793
17.904000	34.3448
17.911000	33.7973
17.917000	29.1434
17.924000	28.0656
17.931000	32.6535
17.937000	29.7733
17.944000	33.8622
17.950000	30.7098
17.957000	36.3747
17.964000	33.4637
17.970000	33.4185
17.977000	38.3392
17.984000	40.1333
17.989000	35.6328
17.994000	26.1069
17.999000	22.3524
18.004000	25.9759
18.009000	30.4046
18.015000	29.5230
18.020000	34.7763
18.027000	34.2875
18.037000	40.8093
18.042000	30.3543
18.048000	35.1692
18.053000	42.2886
18.058000	45.2160
18.065000	36.7359
18.072000	34.9300
18.079000	36.0084
18.087000	27.7539
18.094000	26.8329
18.101000	26.9812
18.108000	34.0539
18.115000	35.4752
18.122000	29.6262
18.129000	26.3942
18.136000	24.2053
18.144000	24.6830
18.151000	24.3632
18.157000	33.4533
18.164000	25.6422
18.170000	25.4258
18.176000	28.6735
18.183000	29.1898
18.189000	30.7100
18.196000	24.9245
18.202000	24.8433
18.209000	24.1260
18.215000	34.3044
18.222000	43.0956
18.228000	34.0339
18.235000	39.5758
18.241000	31.5403
18.247000	28.4207
18.254000	36.7737
18.260000	21.9572
18.267000	22.3026
18.273000	24.7831
18.280000	14.1564
18.286000	23.1145
18.293000	23.1179
18.299000	21.1675
18.306000	25.6307
18.312000	19.4612
18.318000	28.7537
18.325000	33.0664
18.331000	28.7295
18.335000	20.4326
18.348000	13.9856
18.359000	21.0292
18.366000	17.3488
18.369000	13.3812
18.374000	17.6990
18.378000	19.8269
18.382000	19.6500
18.386000	21.7239
18.392000	8.6133
18.398000	14.6381
18.402000	17.4104
18.411000	23.8686
18.417000	22.4966
18.422000	19.3456
18.428000	26.4546
18.434000	31.8131
18.440000	19.8310
18.446000	23.8758
18.452000	26.0384
18.458000	10.6910
18.464000	11.8204
18.470000	19.6498
18.476000	22.2302
18.481000	13.9705
18.487000	13.1285
18.493000	13.9859
18.499000	27.9787
18.505000	19.9771
18.511000	16.6918
18.517000	19.4374
18.523000	32.1311
18.527000	24.7128
18.532000	25.7025
18.536000	21.7088
18.540000	24.3012
18.545000	24.6648
18.549000	19.1093
18.553000	17.9111
18.558000	18.8414
18.562000	14.3890
18.565000	22.2089
18.571000	23.0420
18.575000	23.8161
18.579000	28.6547
18.584000	26.9869
18.588000	29.8533
18.592000	17.6616
18.597000	17.0926
18.601000	18.0239
18.605000	21.8261
18.610000	17.4188
18.614000	18.4741
18.618000	15.5685
18.623000	16.1548
18.627000	25.1885
18.631000	21.6603
18.636000	17.8208
18.640000	19.2170
18.644000	26.6534
18.649000	26.2709
18.653000	22.7155
18.657000	20.4063
18.660000	22.4554
18.666000	28.5431
18.670000	24.8347
18.675000	26.1326
18.679000	34.2100
18.683000	30.8138
18.688000	12.7770
18.692000	19.5787
18.696000	19.6044
18.701000	17.3919
18.705000	17.2006
18.709000	18.5939
18.714000	31.6336
18.718000	35.5103
18.724000	33.6075
18.730000	32.1716
18.736000	21.5475
18.742000	38.1500
18.748000	13.3140
18.754000	29.6665
18.760000	31.0905
18.766000	29.5985
18.772000	26.5568
18.778000	33.4110
18.784000	26.8669
18.790000	23.7363
18.796000	33.7217
18.802000	30.8096
18.808000	25.2647
18.814000	23.5956
18.819000	30.0755
18.825000	26.6411
18.831000	34.7622
18.837000	28.2933
18.842000	23.5592
18.847000	10.6497
18.853000	22.5159
18.858000	21.8694
18.863000	29.3051
18.868000	28.6577
18.874000	20.2356
18.879000	18.1294
18.883000	15.3401
18.888000	16.5767
18.894000	17.0672
18.899000	17.4640
18.904000	18.4797
18.909000	22.5671
18.915000	22.0275
18.920000	21.4250
18.925000	22.0635
18.930000	17.3171
18.936000	19.9380
18.941000	14.7704
18.946000	17.8297
18.951000	17.4559
18.957000	19.0740
18.962000	22.4856
18.967000	20.8534
18.972000	25.4341
18.978000	26.2761
18.983000	29.5206
18.988000	23.8708
18.993000	17.6940
18.999000	15.1563
19.004000	12.1839
19.009000	17.6320
19.014000	12.0368
19.020000	17.2367
19.025000	20.2270
19.030000	21.8485
19.035000	27.8840
19.039000	22.7005
19.043000	20.0806
19.046000	18.0764
19.050000	13.2346
19.053000	13.1925
19.057000	4.9424
19.061000	5.8460
19.064000	5.9547
19.068000	16.8007
19.071000	15.4527
19.075000	19.7290
19.079000	15.6727
19.081000	15.6128
19.086000	14.9843
19.090000	19.3258
19.093000	16.5761
19.097000	19.1122
19.100000	19.5094
19.104000	21.5951
19.108000	21.4211
19.111000	22.1927
19.115000	23.6273
19.118000	5.6624
19.122000	13.7562
19.126000	19.0551
19.129000	17.6413
19.133000	20.2315
19.136000	20.3718
19.140000	23.5197
19.144000	27.0536
19.147000	19.4552
19.151000	22.4498
19.154000	22.2227
19.158000	28.5466
19.162000	16.1771
19.166000	15.9344
19.170000	5.1544
19.174000	23.9772
19.178000	12.7320
19.182000	25.3502
19.186000	15.3895
19.190000	22.9326
19.193000	20.7391
19.197000	23.4922
19.201000	24.7617
19.205000	19.3317
19.209000	16.1861
19.213000	15.5766
19.217000	7.9994
19.221000	10.2793
19.225000	9.2146
19.229000	13.2854
19.233000	38.8985
19.237000	18.5126
19.241000	31.7752
19.245000	26.0367
19.249000	17.9803
19.252000	18.5415
19.256000	17.5968
19.260000	19.3542
19.264000	19.5000
19.268000	19.5420
19.272000	13.6521
19.276000	23.9843
19.280000	25.4356
19.284000	20.6015
19.288000	19.7018
19.292000	24.6683
19.296000	22.6819
19.300000	20.6616
19.303000	16.0049
19.307000	11.8111
19.311000	16.5351
19.315000	26.9079
19.319000	23.3484
19.323000	18.3533
19.327000	25.4938
19.331000	14.0871
19.335000	14.7077
19.339000	13.2265
19.343000	11.6067
19.347000	14.2591
19.350000	4.5144
19.354000	11.4013
19.358000	7.5818
19.362000	6.7017
19.366000	7.0803
19.370000	19.8260
19.381000	-3.1098
19.385000	8.3663
19.389000	14.1141
19.393000	13.4065
19.397000	7.5389
19.401000	5.0547
19.405000	7.3453
19.409000	4.9307
19.413000	-13.9948
19.417000	9.1921
19.421000	5.0353
19.425000	11.0107
19.429000	13.7116
19.432000	9.6881
19.437000	1.6019
19.440000	10.6308
19.444000	6.1937
19.448000	1.6865
19.452000	-0.1761
19.456000	9.4454
19.460000	9.6000
19.464000	15.2186
19.468000	2.8419
19.472000	4.6654
19.476000	7.0458
19.480000	4.9001
19.483000	5.6057
19.487000	6.9411
19.491000	8.6595
19.495000	10.4827
19.499000	10.9476
19.503000	11.6217
19.507000	6.9300
19.511000	9.8688
19.515000	4.1651
19.519000	5.3269
19.523000	13.6355
19.527000	16.2286
19.531000	19.5547
19.534000	15.9738
19.543000	25.0744
19.547000	19.9284
19.551000	28.3502
19.554000	35.5827
19.558000	37.6925
19.561000	32.4736
19.564000	28.7200
19.566000	14.2550
19.569000	18.4894
19.571000	15.6743
19.574000	18.8279
19.577000	24.5965
19.582000	13.6754
19.585000	20.9082
19.587000	21.8953
19.590000	21.7031
19.592000	20.1119
19.595000	13.5804
19.598000	7.3657
19.600000	17.7932
19.603000	9.2134
19.605000	10.4470
19.608000	10.7137
19.611000	11.6769
19.613000	12.5974
19.616000	16.4470
19.619000	15.1848
19.621000	17.0782
19.624000	17.5200
19.626000	28.8588
19.629000	31.1018
19.632000	35.5640
19.636000	31.8095
19.640000	30.1745
19.644000	33.5295
19.648000	31.1359
19.652000	14.8817
19.656000	16.2748
19.660000	23.3280
19.664000	24.1623
19.668000	31.3354
19.672000	33.1950
19.676000	27.5564
19.680000	36.0463
19.684000	19.5437
19.688000	15.3817
19.692000	19.9583
19.696000	22.6450
19.700000	31.2322
19.704000	12.5229
19.709000	9.9876
19.713000	21.4138
19.717000	16.0078
19.720000	26.5353
19.724000	23.8122
19.728000	24.4786
19.732000	20.0129
19.736000	20.9544
19.741000	25.7786
19.745000	23.9890
19.749000	32.7702
19.753000	31.3448
19.757000	38.1157
19.761000	41.1271
19.765000	41.2964
19.768000	26.4421
19.771000	18.4059
19.774000	-0.2737
19.777000	2.3891
19.780000	16.5448
19.783000	16.9975
19.786000	16.5562
19.789000	8.6844
19.792000	8.8137
19.795000	9.9640
19.798000	10.3214
19.801000	13.5387
19.804000	14.8434
19.807000	10.9924
19.810000	6.4273
19.813000	9.6007
19.816000	10.3131
19.819000	4.0927
19.822000	7.5838
19.825000	6.2055
19.829000	3.0232
19.832000	8.4561
19.835000	4.9634
19.838000	12.5624
19.841000	24.4693
19.844000	14.8673
19.848000	14.4419
19.851000	18.2139
19.855000	20.6330
19.858000	21.2548
19.862000	27.9653
19.866000	23.2616
19.870000	20.3720
19.873000	13.6992
19.877000	13.8165
19.880000	14.3384
19.884000	10.9438
19.888000	12.0566
19.891000	10.0676
19.895000	16.6737
19.899000	16.1079
19.902000	21.0858
19.906000	20.0351
19.909000	15.2208
19.913000	19.1426
19.917000	21.2650
19.920000	27.5097
19.924000	21.8100
19.927000	27.7932
19.931000	30.1632
19.935000	30.2267
19.938000	19.5631
19.942000	19.4366
19.945000	28.6720
19.949000	24.1935
19.952000	23.7687
19.956000	29.3922
19.959000	29.1259
19.963000	20.6858
19.966000	18.2790
19.970000	24.6329
19.973000	26.3463
19.977000	19.1220
19.980000	27.2866
19.984000	20.4136
19.987000	10.4367
19.991000	18.8293
19.994000	18.4009
19.998000	26.5364
20.001000	25.9113
20.005000	34.4749
20.008000	32.6270
20.011000	29.6614
20.015000	22.0032
20.018000	29.0321
20.022000	33.0606
20.025000	30.8294
20.029000	34.6024
20.032000	40.8962
20.175000	15.5948
20.273000	33.4735
20.357000	25.9326
20.362000	27.3110
20.436000	26.5724
20.439000	15.0316
20.508000	-4.0586
20.570000	-4.1966
20.636000	-7.3155
20.708000	15.3255
20.797000	8.0898
20.864000	27.8359
20.909000	-11.9119
20.925000	6.8369
20.970000	7.6289
20.986000	10.4648
21.031000	10.2102
21.089000	15.9764
21.096000	15.6078
21.173000	11.8335
21.216000	21.2548
21.260000	12.5502
21.304000	9.9804
21.348000	24.8597
21.392000	16.2224
21.438000	22.1510
21.554000	42.8924
21.557000	36.5957
21.563000	38.9528
21.567000	31.6114
21.572000	33.9666
21.576000	36.5823
21.581000	36.8377
21.585000	35.7841
21.589000	47.8221
21.594000	30.7927
21.598000	36.5443
21.601000	44.1305
21.603000	36.7940
21.607000	19.2379
21.611000	49.6051
21.616000	38.8516
21.620000	24.9509
21.629000	52.1772
21.633000	10.7212
21.638000	21.1814
21.642000	24.3043
21.645000	32.1640
21.645000	32.1640
21.647000	37.9326
21.651000	34.7548
21.656000	31.8269
21.660000	33.1133
21.664000	35.1909
21.669000	30.4010
21.673000	24.8147
21.679000	30.5653
21.682000	30.5326
21.686000	29.9564
21.689000	33.1056
21.691000	39.9898
21.695000	32.5030
21.700000	30.3066
21.704000	36.1235
21.709000	26.6946
21.713000	26.8925
21.717000	25.4765
21.722000	31.3028
21.726000	36.0914
21.731000	43.3231
21.735000	14.5124
21.739000	38.3315
21.744000	31.1571
21.749000	37.6246
21.753000	31.5140
21.758000	30.0254
21.763000	29.6296
21.767000	38.9692
21.772000	23.5510
21.777000	38.2318
21.779000	29.2221
21.781000	31.6968
21.786000	17.7497
21.791000	33.4315
21.797000	29.0152
21.802000	28.5891
21.807000	34.4882
21.813000	22.1978
21.818000	31.3296
21.823000	25.9408
21.828000	29.6050
21.831000	27.4620
21.839000	23.9648
21.849000	32.3484
21.855000	28.5929
21.883000	29.4672
21.886000	22.8733
21.894000	9.8182
21.906000	24.9037
21.917000	17.9660
21.929000	17.0327
21.940000	13.5330
21.944000	24.5371
21.952000	13.2641
21.963000	12.0514
21.975000	21.1553
21.986000	8.9730
22.021000	21.1026
22.033000	17.6269
22.045000	27.5348
22.056000	17.2080
22.068000	19.9594
22.079000	18.9336
22.088000	30.7284
22.098000	25.5705
22.107000	34.2860
22.114000	31.5475
22.116000	7.9493
22.118000	9.6946
22.123000	28.1260
22.125000	13.5505
22.128000	9.7466
22.131000	2.8166
22.132000	10.4644
22.137000	7.0212
22.139000	11.8972
22.142000	10.8746
22.147000	7.0873
22.151000	5.7261
22.156000	16.1822
22.161000	-0.1027
22.165000	7.5683
22.170000	9.3440
22.186000	8.0896
22.231000	10.2458
22.233000	12.3399
22.241000	47.6444
22.250000	5.2729
22.260000	14.0050
22.269000	11.6985
22.274000	14.1651
22.278000	20.7399
22.280000	16.2975
22.283000	13.5873
22.288000	16.0508
22.293000	16.1133
22.297000	20.2719
22.302000	11.4429
22.307000	25.1768
22.311000	34.4361
22.321000	21.2593
22.330000	11.1974
22.340000	15.2937
22.340000	18.1405
22.349000	13.2229
22.358000	17.4265
22.367000	14.2340
22.376000	27.1072
22.385000	17.9247
22.390000	25.3288
22.399000	12.2469
22.408000	26.9490
22.413000	29.6610
22.418000	29.7377
22.427000	11.2638
22.431000	28.9730
22.431000	20.4857
22.445000	30.1498
22.450000	5.3463
22.465000	22.0933
22.478000	9.8549
22.482000	21.4166
22.491000	29.1841
22.511000	35.0954
22.524000	22.2717
22.557000	16.5281
22.570000	28.1949
22.592000	18.3398
22.592000	24.7515
22.603000	18.6710
22.603000	17.7950
22.605000	26.9361
22.608000	28.1914
22.619000	25.6270
22.624000	27.1887
22.672000	24.7265
22.672000	22.0337
22.682000	19.0082
22.698000	17.8103
22.703000	32.7748
22.708000	16.4831
22.708000	18.3137
22.711000	26.4755
22.713000	14.9500
22.718000	10.2488
22.720000	32.3124
22.723000	14.4430
22.725000	14.0758
22.728000	19.6536
22.731000	10.6445
22.734000	5.2620
22.739000	14.1456
22.744000	26.0905
22.749000	13.9538
22.752000	22.9689
22.754000	17.5576
22.760000	18.1291
22.765000	13.9798
22.770000	9.8054
22.773000	17.9081
22.775000	30.8239
22.781000	25.6392
22.786000	27.2945
22.791000	15.5381
22.794000	23.7595
22.796000	28.9124
22.801000	42.0244
22.807000	23.9420
22.812000	18.6514
22.815000	13.7157
22.817000	32.5643
22.818000	11.5621
22.828000	9.2608
22.833000	15.8707
22.834000	14.0888
22.838000	11.5447
22.845000	8.9347
22.852000	14.8752
22.858000	19.4450
22.871000	4.8874
22.878000	8.7485
22.885000	14.8192
22.891000	26.0339
22.898000	15.0568
22.905000	17.1927
22.911000	12.3879
22.915000	14.5590
22.918000	19.6820
22.942000	11.1002
22.951000	12.1814
22.958000	9.5736
22.964000	13.9711
22.964000	19.5758
22.968000	6.9644
22.978000	8.8186
22.984000	11.7948
22.991000	-3.4187
22.995000	1.7899
22.997000	1.0528
23.004000	11.4751
23.011000	2.5978
23.017000	-5.5308
23.021000	1.9151
23.024000	1.9356
23.030000	3.8325
23.034000	37.5666
23.038000	5.0071
23.046000	-3.7956
23.048000	8.4221
23.058000	7.4092
23.062000	-0.2898
23.063000	0.4595
23.066000	12.2806
23.070000	-0.9244
23.074000	5.7461
23.075000	-0.1213
23.078000	3.2252
23.085000	-0.7108
23.089000	1.9135
23.091000	9.9932
23.093000	8.1905
23.097000	3.8626
23.107000	8.3896
23.113000	18.2906
23.117000	12.5346
23.121000	15.8538
23.123000	6.1068
23.125000	8.6742
23.129000	7.6583
23.133000	16.7448
23.137000	1.6816
23.141000	18.3002
23.145000	26.6115
23.155000	23.5120
23.157000	16.7579
23.161000	26.0870
23.169000	15.5455
23.171000	17.0007
23.174000	23.7800
23.181000	15.7756
23.195000	26.5610
23.211000	16.7687
23.227000	31.5569
23.242000	26.7094
23.257000	24.3484
23.272000	27.7106
23.283000	25.6850
23.287000	25.1417
23.299000	28.7235
23.329000	31.4616
23.345000	31.6140
23.390000	30.9327
23.408000	36.4225
23.415000	35.1797
23.426000	32.9370
23.444000	37.0888
23.446000	26.5676
23.455000	37.9160
23.460000	37.4862
23.462000	39.7297
23.469000	21.6062
23.480000	29.5750
23.487000	26.5516
23.491000	37.9381
23.498000	39.9608
23.500000	33.6094
23.509000	30.6576
23.514000	36.3285
23.518000	24.8945
23.518000	30.1070
23.520000	29.3725
23.523000	50.4192
23.525000	32.1242
23.527000	30.3445
23.532000	34.1209
23.536000	37.8510
23.538000	32.4437
23.538000	32.4437
23.541000	31.4802
23.545000	29.5122
23.550000	34.2746
23.554000	36.4189
23.557000	38.5324
23.559000	43.1797
23.561000	35.2868
23.563000	30.4778
23.568000	34.4183
23.572000	28.6643
23.574000	34.2951
23.577000	26.5111
23.579000	31.1159
23.581000	26.8688
23.586000	37.5757
23.590000	43.1810
23.592000	32.4220
23.595000	31.9880
23.597000	38.7892
23.599000	36.3269
23.608000	32.7756
23.610000	41.2636
23.613000	28.6693
23.615000	31.1939
23.617000	33.2180
23.622000	27.8975
23.626000	21.5949
23.628000	31.9765
23.631000	35.2331
23.644000	26.9633
23.649000	30.0022
23.653000	33.4884
23.655000	41.0392
23.658000	37.4624
23.660000	42.3312
23.662000	32.4707
23.667000	37.3913
23.671000	36.5070
23.673000	37.0257
23.676000	34.9290
23.678000	33.0569
23.680000	27.1282
23.685000	45.5963
23.689000	36.3867
23.691000	39.0386
23.694000	40.9911
23.696000	47.1814
23.698000	49.8109
23.703000	41.8602
23.707000	35.5816
23.709000	31.2193
23.709000	47.6053
23.712000	47.1804
23.714000	44.7992
23.714000	49.5526
23.716000	33.4410
23.719000	46.5867
23.721000	41.9550
23.723000	48.5134
23.725000	40.8682
23.727000	43.5134
23.727000	40.4435
23.728000	34.4285
23.729000	46.7478
23.731000	47.2441
23.733000	44.5455
23.733000	46.5825
23.737000	38.1773
23.737000	47.1117
23.740000	39.5628
23.742000	47.4700
23.742000	44.4365
23.746000	50.2463
23.751000	37.0686
23.755000	35.5740
23.756000	42.4317
23.760000	49.3299
23.764000	50.3033
23.769000	43.1695
23.771000	42.3133
23.773000	40.7856
23.778000	45.1630
23.782000	46.5881
23.787000	42.2431
23.791000	48.5467
23.796000	51.5136
23.798000	42.7310
23.800000	42.7796
23.805000	40.7094
23.809000	47.1493
23.812000	43.5071
23.814000	42.0318
23.818000	45.3853
23.823000	43.1206
23.827000	43.6473
23.832000	37.1155
23.836000	47.7059
23.842000	33.5653
23.843000	42.9533
23.844000	39.1514
23.849000	41.8212
23.854000	41.5165
23.859000	44.3648
23.865000	36.9531
23.867000	44.7378
23.871000	46.2757
23.876000	50.3147
23.882000	38.3972
23.888000	40.1766
23.896000	45.2602
23.899000	44.4875
23.905000	47.6469
23.911000	50.1717
23.916000	47.1781
23.919000	45.3867
23.922000	44.6128
23.928000	45.8994
23.934000	45.3577
23.939000	46.2142
23.945000	45.6641
23.951000	46.9182
23.953000	46.5311
23.957000	41.5440
23.962000	48.3927
23.968000	50.2240
23.974000	42.8480
23.977000	44.0599
23.979000	43.6674
23.985000	46.4819
23.997000	45.4998
23.999000	52.2888
24.002000	55.0953
24.008000	42.7448
24.010000	49.7436
24.014000	46.3636
24.019000	49.5776
24.025000	46.0475
24.025000	45.1937
24.031000	40.5969
24.033000	44.2018
24.037000	41.7970
24.042000	53.0273
24.048000	45.9992
24.054000	51.8244
24.059000	49.2003
24.065000	48.3163
24.065000	45.5527
24.067000	51.6062
24.071000	49.5744
24.077000	50.5681
24.082000	49.9411
24.088000	53.7847
24.089000	46.6514
24.094000	46.6204
24.099000	47.2008
24.105000	43.6717
24.111000	45.4695
24.117000	49.1326
24.122000	50.9592
24.125000	48.0393
24.128000	48.2229
24.134000	51.5053
24.140000	49.7953
24.145000	51.2232
24.148000	46.3782
24.151000	52.4422
24.157000	47.7668
24.162000	41.1694
24.168000	42.1540
24.174000	46.7627
24.182000	55.8772
24.184000	45.1704
24.185000	44.3039
24.191000	49.8244
24.197000	46.3316
24.202000	46.7175
24.207000	47.5396
24.208000	50.9995
24.214000	49.0039
24.220000	48.9602
24.225000	47.1750
24.226000	43.6661
24.228000	44.9610
24.231000	44.9343
24.237000	38.5012
24.242000	44.6189
24.248000	45.4533
24.250000	44.7734
24.254000	43.1884
24.260000	41.8023
24.265000	37.5212
24.271000	42.5468
24.271000	46.8481
24.277000	47.7080
24.282000	48.5790
24.288000	42.6931
24.293000	41.7543
24.294000	41.0694
24.296000	43.3140
24.300000	35.1387
24.305000	42.1215
24.311000	44.1278
24.315000	39.5513
24.317000	40.6762
24.323000	42.0067
24.334000	39.6505
24.340000	44.6687
24.345000	34.5198
24.353000	45.7705
24.357000	36.9756
24.359000	45.0572
24.363000	44.3495
24.369000	38.5307
24.374000	39.9008
24.380000	38.4799
24.385000	41.7216
24.390000	47.5407
24.391000	43.5710
24.395000	54.0776
24.399000	53.3785
24.404000	43.5442
24.406000	44.4781
24.407000	46.8206
24.411000	45.6446
24.415000	49.1638
24.419000	47.9889
24.421000	38.8176
24.423000	43.9894
24.427000	44.6930
24.431000	36.4431
24.435000	38.5582
24.436000	35.7259
24.439000	34.5452
24.439000	39.9694
24.443000	29.3947
24.443000	35.2416
24.444000	35.7125
24.446000	43.9825
24.447000	30.7438
24.451000	36.8865
24.452000	43.7477
24.454000	38.5410
24.455000	41.6184
24.458000	45.1721
24.459000	42.3300
24.463000	43.7546
24.464000	44.2297
24.467000	45.4189
24.470000	40.9137
24.471000	41.1518
24.475000	37.3552
24.476000	35.6929
24.479000	47.3382
24.481000	48.5309
24.485000	46.1619
24.486000	44.4989
24.487000	44.5008
24.488000	40.4580
24.489000	41.8872
24.493000	35.5951
24.493000	47.6083
24.497000	41.2892
24.497000	40.2348
24.501000	42.6256
24.502000	40.0064
24.503000	43.8221
24.505000	45.9729
24.506000	42.1608
24.509000	50.7547
24.510000	41.9325
24.513000	50.5302
24.515000	45.5258
24.517000	44.5775
24.519000	49.0788
24.519000	45.0614
24.521000	46.2619
24.524000	38.6297
24.525000	40.7824
24.528000	44.8536
24.529000	37.9283
24.533000	31.7738
24.533000	37.7022
24.537000	44.2460
24.537000	42.9752
24.541000	40.4423
24.541000	41.0779
24.545000	47.0734
24.546000	42.0547
24.549000	41.1104
24.550000	42.0716
24.553000	42.8026
24.557000	31.5723
24.561000	44.0365
24.565000	37.1134
24.567000	40.7143
24.569000	46.9496
24.573000	40.2658
24.577000	42.4422
24.581000	46.7751
24.585000	44.4025
24.589000	52.8094
24.594000	49.0065
24.597000	49.0247
24.601000	49.7680
24.605000	50.7512
24.608000	40.2299
24.612000	49.8376
24.616000	37.6471
24.619000	39.3438
24.623000	42.7242
24.627000	41.7933
24.628000	42.5187
24.630000	45.1669
24.634000	41.6021
24.638000	46.8985
24.642000	46.6868
24.645000	40.0033
24.649000	46.4964
24.653000	46.5245
24.656000	45.5881
24.660000	48.4890
24.664000	44.9264
24.665000	42.0610
24.667000	45.1870
24.671000	43.7789
24.675000	42.6101
24.679000	45.0314
24.682000	48.4030
24.686000	47.7123
24.690000	46.0639
24.693000	43.6904
24.697000	50.6585
24.701000	41.1095
24.702000	47.3400
24.704000	41.6072
24.708000	48.0966
24.712000	44.5299
24.715000	47.1823
24.719000	45.0508
24.722000	44.5891
24.725000	46.0437
24.729000	46.0663
24.732000	40.8098
24.735000	41.3044
24.739000	43.9620
24.742000	45.4162
24.746000	43.2766
24.749000	53.1308
24.752000	42.8240
24.756000	48.3653
24.759000	51.2626
24.762000	50.7970
24.766000	49.1334
24.769000	46.5015
24.770000	40.7327
24.772000	43.8675
24.778000	46.0570
24.783000	46.5584
24.788000	40.5497
24.793000	41.7706
24.798000	39.1293
24.803000	37.2087
24.804000	34.0689
24.809000	43.2686
24.813000	43.0389
24.814000	41.3475
24.818000	46.6874
24.823000	46.4633
24.828000	48.4225
24.833000	44.0728
24.839000	46.5238
24.844000	42.8962
24.850000	43.4048
24.855000	42.3689
24.855000	41.7194
24.860000	45.1508
24.866000	45.9099
24.871000	47.8867
24.877000	44.7438
24.882000	49.4127
24.887000	46.9977
24.893000	48.7457
24.898000	48.7776
24.904000	45.6346
24.909000	43.2188
24.914000	47.4170
24.920000	44.5199
24.925000	50.4391
24.931000	35.0416
24.934000	43.1548
24.938000	45.3933
24.941000	48.8507
24.945000	39.8106
24.948000	40.3261
24.952000	42.3221
24.956000	36.7161
24.957000	35.2534
24.959000	36.2520
24.963000	41.9284
24.966000	42.9365
24.970000	37.3330
24.974000	45.4625
24.977000	46.7166
24.981000	50.1869
24.984000	47.7635
24.988000	49.0276
24.991000	42.6832
24.994000	41.7323
24.995000	45.6638
24.999000	48.8892
25.002000	46.2050
25.006000	44.2482
25.009000	46.7010
25.013000	44.0103
25.017000	43.5249
25.020000	40.5900
25.024000	42.5541
25.026000	37.9053
25.027000	42.5581
25.031000	43.0531
25.035000	44.0376
25.038000	50.8929
25.042000	39.8889
25.045000	48.4549
25.049000	46.0146
25.052000	44.5519
25.056000	46.5140
25.060000	45.2979
25.063000	42.1259
25.065000	44.8173
25.067000	46.2866
25.070000	40.4286
25.074000	44.3441
25.078000	47.7697
25.081000	42.1594
25.085000	44.8521
25.088000	43.3933
25.092000	42.9131
25.096000	43.1650
25.099000	42.6832
25.103000	45.3735
25.106000	40.0159
25.110000	35.1503
25.113000	41.0065
25.117000	40.0409
25.119000	38.5839
25.124000	40.3008
25.128000	40.0667
25.131000	38.6133
25.135000	42.0304
25.139000	41.5530
25.142000	40.8303
25.146000	40.1105
25.149000	42.0632
25.153000	47.9069
25.157000	43.5407
25.160000	43.3048
25.164000	46.7152
25.167000	41.8646
25.171000	43.5744
25.174000	52.8061
25.178000	39.9517
25.182000	48.2116
25.185000	47.2481
25.189000	49.9248
25.192000	42.1735
25.196000	50.6673
25.200000	51.4029
25.203000	44.1426
25.207000	49.2388
25.208000	42.4616
25.210000	44.4042
25.214000	39.3333
25.218000	47.0884
25.221000	43.2266
25.225000	51.2179
25.228000	47.3576
25.235000	42.3045
25.239000	45.4572
25.240000	44.9774
25.243000	44.9869
25.246000	43.0660
25.250000	43.9807
25.250000	37.7730
25.252000	45.9809
25.256000	45.2706
25.259000	48.6547
25.263000	48.9077
25.266000	45.3045
25.270000	47.2441
25.273000	52.3074
25.277000	49.1914
25.281000	49.4443
25.284000	60.2693
25.286000	42.9719
25.288000	44.6613
25.291000	44.9124
25.295000	45.6471
25.299000	49.9801
25.302000	49.2696
25.306000	41.6100
25.309000	46.8945
25.313000	50.7407
25.317000	48.1179
25.320000	44.5364
25.324000	45.9856
25.327000	45.7558
25.329000	39.3049
25.331000	44.8117
25.334000	47.6893
25.338000	50.5674
25.342000	45.7995
25.345000	50.3443
25.349000	51.0687
25.352000	50.1198
25.356000	51.0814
25.360000	48.9410
25.363000	44.4147
25.367000	44.4211
25.370000	48.4778
25.374000	51.1035
25.378000	48.9612
25.381000	47.5329
25.385000	46.1042
25.388000	47.0574
25.392000	44.4353
25.396000	46.8157
25.397000	44.4319
25.401000	47.2874
25.405000	44.8984
25.409000	44.1759
25.413000	50.3668
25.417000	50.1193
25.421000	45.8138
25.425000	44.1293
25.429000	43.8745
25.433000	49.1135
25.437000	42.6416
25.441000	50.7532
25.443000	45.2399
25.446000	40.9127
25.450000	35.3737
25.454000	43.2531
25.458000	39.8630
25.462000	40.3086
25.466000	44.3603
25.470000	33.4934
25.474000	44.2900
25.478000	45.5305
25.478000	40.3919
25.482000	38.0896
25.482000	35.5167
25.486000	40.2473
25.486000	39.8179
25.490000	41.8674
25.490000	41.2222
25.492000	40.4711
25.495000	39.6515
25.495000	39.2205
25.500000	36.4800
25.504000	40.5576
25.508000	39.2834
25.513000	41.4075
25.517000	38.9038
25.521000	39.3309
25.525000	43.4401
25.529000	44.1200
25.533000	39.5703
25.533000	41.1064
25.537000	35.3664
25.541000	44.9328
25.545000	36.9476
25.549000	37.1210
25.553000	37.5430
25.558000	45.4249
25.562000	41.3685
25.566000	45.3034
25.570000	43.9883
25.575000	47.1756
25.578000	43.8592
25.582000	37.7402
25.590000	39.3586
25.627000	43.8462
25.631000	41.4608
25.635000	46.3152
25.639000	44.1868
25.643000	46.2078
25.647000	45.1146
25.652000	49.2196
25.656000	33.5046
25.660000	44.6825
25.663000	44.1205
25.666000	30.7115
25.669000	34.0709
25.672000	49.7875
25.675000	40.0252
25.678000	37.0888
25.681000	39.6820
25.684000	39.9068
25.687000	47.0459
25.687000	35.3795
25.690000	34.5450
25.693000	40.8530
25.697000	46.3687
25.700000	46.8695
25.703000	47.1063
25.706000	42.8302
25.709000	40.9396
25.712000	44.3653
25.715000	47.5306
25.718000	38.7172
25.719000	42.7023
25.721000	33.3568
25.724000	36.5231
25.727000	38.3600
25.730000	38.3311
25.733000	37.7684
25.736000	40.9479
25.739000	44.9337
25.742000	39.0243
25.745000	42.4789
25.748000	38.9740
25.750000	33.0639
25.751000	37.6100
25.755000	42.4034
25.758000	32.9946
25.761000	45.3119
25.764000	35.0929
25.767000	39.9030
25.770000	36.9278
25.773000	39.3246
25.775000	39.0425
25.775000	39.0425
25.776000	36.6170
25.780000	41.1606
25.784000	37.1015
25.788000	37.0761
25.793000	35.4303
25.795000	33.8028
25.797000	37.2903
25.801000	32.1503
25.806000	34.8139
25.810000	39.6411
25.814000	30.9955
25.818000	38.5204
25.823000	36.0676
25.827000	46.5640
25.831000	41.6899
25.835000	36.2747
25.838000	31.9424
25.840000	34.0905
25.844000	35.4191
25.848000	31.8897
25.853000	29.1635
25.857000	35.6226
25.861000	33.9815
25.866000	38.0074
25.870000	36.0955
25.875000	42.2852
25.879000	37.6697
25.882000	31.9760
25.883000	35.7557
25.884000	30.8830
25.888000	30.0483
25.893000	31.6415
25.898000	34.8588
25.902000	35.3764
25.904000	39.9673
25.907000	40.2209
25.911000	32.6118
25.916000	27.1578
25.921000	34.1716
25.925000	31.4314
25.928000	17.5698
25.930000	30.0377
25.934000	34.6233
25.938000	36.7675
25.942000	27.7688
25.946000	38.8848
25.948000	34.7900
25.950000	26.8833
25.954000	35.5593
25.957000	33.0840
25.961000	27.0541
25.965000	30.5610
25.967000	25.0867
25.969000	29.7055
25.973000	32.6711
25.976000	37.2881
25.979000	44.6432
25.982000	44.3479
25.984000	32.5684
25.986000	42.6762
25.989000	39.3667
25.992000	34.1351
25.995000	36.2998
25.998000	42.5818
26.000000	41.7425
26.001000	42.2847
26.005000	37.8621
26.008000	43.3367
26.011000	43.8670
26.014000	36.6912
26.016000	30.3420
26.017000	27.5784
26.020000	46.0123
26.022000	34.9718
26.023000	43.7876
26.028000	36.5765
26.031000	34.4797
26.032000	27.4250
26.034000	36.3884
26.037000	43.4170
26.040000	34.8156
26.044000	37.6897
26.047000	36.5564
26.050000	34.3119
26.053000	34.2854
26.056000	38.5648
26.059000	34.3714
26.063000	39.6229
26.066000	44.8905
26.067000	36.5293
26.069000	40.9708
26.072000	37.6035
26.075000	41.2068
26.078000	40.9065
26.081000	42.8408
26.085000	43.6532
26.088000	43.3543
26.093000	43.3224
26.097000	44.4186
26.102000	41.5821
26.104000	34.5499
26.107000	39.5829
26.112000	41.7984
26.116000	35.2996
26.121000	34.6983
26.126000	30.4299
26.131000	37.1635
26.137000	36.8394
26.141000	34.8317
26.144000	32.8288
26.146000	27.1510
26.148000	37.3302
26.151000	29.9417
26.155000	32.1783
26.158000	27.6150
26.161000	39.5148
26.165000	29.5448
26.168000	34.3538
26.172000	36.8858
26.175000	38.0044
26.178000	32.8576
26.179000	32.8501
26.181000	39.9603
26.184000	35.9493
26.187000	41.9205
26.189000	35.9144
26.192000	31.8946
26.195000	39.8730
26.198000	27.5577
26.201000	28.1033
26.204000	34.6618
26.207000	39.2227
26.208000	20.0177
26.210000	38.6293
26.212000	33.1665
26.215000	37.1597
26.218000	30.2458
26.221000	30.2187
26.224000	29.9038
26.227000	36.2060
26.230000	47.9877
26.233000	39.6154
26.235000	32.9699
26.237000	32.3748
26.238000	34.6735
26.241000	33.4920
26.244000	33.1750
26.247000	31.1221
26.250000	39.4839
26.253000	28.4530
26.255000	24.3729
26.258000	30.7158
26.261000	34.4564
26.264000	29.1955
26.267000	28.8686
26.270000	31.1604
26.273000	25.0057
26.274000	24.9917
26.276000	33.7134
26.279000	24.6282
26.283000	30.4161
26.289000	24.4767
26.293000	28.2276
26.296000	22.8956
26.300000	36.6549
26.303000	35.1458
26.306000	31.5681
26.310000	19.3973
26.313000	30.2816
26.316000	32.6039
26.320000	27.7966
26.323000	28.6358
26.326000	34.2372
26.330000	32.3889
26.333000	33.5349
26.337000	21.5069
26.341000	22.6176
26.343000	26.1747
26.347000	24.2900
26.350000	30.5498
26.354000	24.1388
26.357000	26.1888
26.360000	30.0619
26.364000	37.8759
26.367000	28.7113
26.372000	43.5494
26.376000	23.4856
26.381000	35.4743
26.385000	23.4247
26.390000	29.1601
26.394000	45.4523
26.399000	35.4821
26.403000	41.0078
26.408000	38.4481
26.411000	41.2143
26.415000	33.0222
26.418000	18.8519
26.419000	36.0884
26.421000	32.2847
26.425000	33.1560
26.428000	41.4687
26.431000	22.2940
26.434000	22.2198
26.438000	12.9063
26.440000	20.7993
26.444000	29.3105
26.446000	20.0085
26.448000	16.4393
26.451000	26.2890
26.452000	23.0613
26.458000	20.9901
26.459000	15.6514
26.461000	30.9139
26.464000	23.1057
26.465000	25.0228
26.471000	17.7547
26.477000	9.4571
26.481000	29.2565
26.483000	17.7764
26.487000	30.7888
26.489000	25.1764
26.490000	30.4107
26.495000	20.9403
26.497000	41.1783
26.500000	42.8012
26.501000	14.0319
26.504000	38.7929
26.507000	23.1678
26.510000	18.7878
26.515000	13.0110
26.521000	14.1991
26.523000	10.3005
26.524000	23.1734
26.531000	9.2537
26.533000	17.2836
26.538000	22.5805
26.540000	15.4463
26.542000	24.5394
26.547000	31.9213
26.548000	19.0091
26.552000	29.6488
26.556000	25.3348
26.557000	13.0410
26.561000	32.0944
26.566000	18.4175
26.571000	26.1418
26.576000	26.7450
26.576000	20.2956
26.576000	11.2665
26.581000	35.6688
26.585000	25.6050
26.586000	32.8571
26.590000	29.5244
26.594000	16.2251
26.595000	28.5994
26.600000	28.7160
26.603000	23.1032
26.605000	24.8208
26.610000	28.7793
26.615000	23.4673
26.619000	31.8426
26.622000	33.7486
26.624000	34.2596
26.629000	37.5691
26.630000	22.5704
26.645000	12.4435
26.647000	21.4683
26.655000	16.0221
26.664000	15.4734
26.672000	22.0518
26.681000	13.6663
26.689000	2.7165
26.697000	15.9613
26.705000	14.7605
26.713000	10.4578
26.721000	7.9574
26.727000	11.1527
26.729000	7.0924
26.737000	9.1628
26.745000	12.3519
26.753000	6.6936
26.761000	-3.4399
26.768000	12.3915
26.769000	1.2332
26.777000	9.2864
26.785000	13.6505
26.793000	7.5577
26.801000	12.3210
26.809000	6.7674
26.815000	9.1345
26.821000	13.2099
26.827000	13.7103
26.833000	14.4041
26.838000	29.3180
26.839000	18.3232
26.845000	23.3927
26.850000	1.1424
26.856000	6.7791
26.869000	24.9436
26.871000	18.4565
26.878000	15.5539
26.885000	7.6935
26.893000	2.6872
26.900000	0.9344
26.907000	1.8596
26.914000	6.7986
26.921000	6.7811
26.927000	27.7495
26.934000	16.6750
26.939000	16.6682
26.941000	22.5713
26.947000	22.7528
26.954000	19.3214
26.961000	17.0398
26.969000	19.3212
26.976000	23.1154
26.983000	17.8190
26.990000	23.4991
26.998000	34.4434
27.005000	26.5357
27.011000	14.1457
27.012000	19.4134
27.015000	25.0605
27.020000	14.5770
27.021000	17.3952
27.027000	9.7575
27.030000	9.0344
27.034000	7.9486
27.039000	23.2847
27.041000	2.0508
27.047000	3.5462
27.049000	11.4375
27.056000	8.7191
27.058000	13.3726
27.063000	13.2315
27.071000	17.9171
27.078000	21.6527
27.085000	23.5355
27.093000	12.6029
27.095000	8.9657
27.100000	14.5021
27.105000	10.5432
27.110000	12.0562
27.115000	16.8316
27.122000	13.2766
27.126000	3.1974
27.136000	11.9880
27.144000	14.5919
27.152000	23.6224
27.154000	23.9936
27.160000	7.9733
27.167000	13.3984
27.175000	19.8670
27.183000	25.2349
27.191000	27.0408
27.193000	17.5230
27.195000	17.1847
27.198000	11.3935
27.206000	15.5022
27.210000	17.2841
27.214000	19.0607
27.220000	11.3882
27.225000	22.6092
27.227000	25.4118
27.231000	22.2790
27.242000	25.0940
27.249000	19.5370
27.255000	35.8813
27.257000	33.0996
27.262000	32.4006
27.269000	31.3523
27.276000	12.9798
27.282000	15.0597
27.289000	34.4330
27.291000	38.2332
27.296000	17.1263
27.302000	19.1913
27.309000	13.6502
27.312000	33.6772
27.316000	14.6720
27.323000	10.8575
27.330000	14.6349
27.337000	21.8587
27.344000	24.9383
27.351000	28.7056
27.366000	12.7754
27.373000	31.0265
27.380000	23.4046
27.385000	36.4921
27.387000	36.1380
27.394000	20.2291
27.396000	29.8832
27.402000	8.4474
27.412000	18.0570
27.421000	21.1128
27.425000	23.1628
27.430000	16.9065
27.439000	19.2679
27.442000	19.5937
27.448000	20.5912
27.458000	19.4793
27.462000	14.2436
27.463000	23.9540
27.468000	36.0750
27.473000	26.6632
27.474000	27.6991
27.478000	20.0199
27.483000	31.4668
27.487000	30.0481
27.488000	36.1381
27.493000	22.6862
27.498000	11.6118
27.498000	8.3382
27.503000	15.7944
27.508000	20.1170
27.511000	26.7373
27.513000	13.0736
27.519000	11.6098
27.527000	21.1162
27.529000	31.5150
27.534000	15.6632
27.543000	19.6206
27.545000	31.4069
27.549000	17.9760
27.552000	23.4173
27.556000	20.5559
27.558000	15.4114
27.563000	7.9254
27.565000	12.1495
27.566000	8.5960
27.569000	15.6479
27.573000	24.8303
27.576000	22.6747
27.581000	14.6306
27.583000	18.8182
27.587000	13.6748
27.590000	19.8778
27.594000	25.7261
27.598000	20.3377
27.601000	15.4851
27.606000	15.0749
27.612000	16.2665
27.618000	9.3859
27.624000	21.5400
27.631000	26.8842
27.636000	15.6712
27.645000	4.0222
27.654000	13.3337
27.664000	21.2296
27.673000	21.7144
27.683000	20.3775
27.691000	14.1265
27.701000	0.5384
27.709000	5.6003
27.717000	13.9766
27.718000	0.0500
27.726000	11.1871
27.735000	38.8586
27.736000	19.4065
27.743000	38.1144
27.745000	16.4471
27.751000	30.0253
27.754000	25.9810
27.760000	27.0767
27.763000	26.3394
27.768000	28.1734
27.776000	22.6605
27.785000	25.6008
27.793000	28.3586
27.797000	9.4607
27.801000	32.9508
27.807000	5.4506
27.814000	16.8349
27.820000	13.7373
27.826000	8.8154
27.828000	17.9715
27.833000	26.3980
27.858000	15.1579
27.861000	17.3563
27.864000	3.1664
27.873000	13.0404
27.881000	4.7246
27.890000	14.3909
27.898000	7.0016
27.902000	10.6448
27.907000	6.5105
27.915000	5.6534
27.924000	2.4587
27.932000	16.9227
27.941000	19.4775
27.949000	16.2711
27.958000	29.9463
27.964000	19.1995
27.970000	26.0278
27.976000	25.6845
27.977000	21.3923
27.979000	18.5363
27.982000	19.9775
27.987000	19.6371
27.993000	18.2296
27.999000	19.6784
28.005000	20.0455
28.008000	5.0902
28.011000	20.7659
28.023000	15.0972
28.028000	26.1146
28.037000	24.3476
28.040000	25.0590
28.046000	11.0839
28.052000	17.2915
28.057000	31.0798
28.063000	29.6682
28.065000	30.7269
28.066000	22.9683
28.069000	34.9568
28.080000	30.3772
28.092000	17.7482
28.095000	18.4583
28.098000	20.2192
28.103000	31.4848
28.103000	26.8846
28.109000	36.3345
28.115000	9.7843
28.121000	21.6748
28.124000	24.1228
28.126000	28.3087
28.134000	31.1013
28.141000	31.1056
28.148000	12.0316
28.156000	17.7644
28.156000	25.2288
28.159000	24.5426
28.163000	19.0186
28.170000	29.7452
28.178000	41.8178
28.185000	31.6542
28.192000	10.5225
28.196000	24.6219
28.200000	19.8266
28.207000	34.4099
28.208000	23.9617
28.215000	18.8451
28.221000	20.7427
28.222000	20.5745
28.227000	16.1505
28.229000	32.1932
28.231000	13.7764
28.236000	31.1734
28.240000	13.4683
28.243000	32.5380
28.246000	16.8906
28.249000	14.1787
28.256000	7.7468
28.260000	23.3748
28.263000	11.5044
28.269000	11.5213
28.275000	15.6006
28.282000	18.3194
28.289000	11.9018
28.295000	13.2614
28.301000	17.9948
28.308000	19.0078
28.314000	15.6314
28.320000	25.4099
28.327000	16.9707
28.333000	19.6594
28.339000	31.4464
28.345000	40.8707
28.352000	32.7640
28.358000	28.3657
28.363000	13.5162
28.364000	26.6621
28.370000	25.9680
28.377000	14.4723
28.382000	23.5616
28.386000	28.2711
28.391000	28.5890
28.392000	23.8565
28.396000	32.6230
28.401000	17.3920
28.415000	22.3897
28.418000	28.4700
28.420000	11.5206
28.425000	28.0972
28.430000	35.1969
28.435000	27.3680
28.439000	19.1939
28.440000	20.5465
28.445000	22.8950
28.449000	16.0657
28.454000	27.6082
28.459000	21.1059
28.463000	27.9016
28.464000	23.4617
28.468000	25.8272
28.473000	18.6243
28.479000	25.7661
28.487000	30.1751
28.496000	19.1549
28.497000	29.7863
28.504000	23.2264
28.522000	35.0207
28.531000	9.6145
28.541000	17.4956
28.545000	19.5489
28.549000	15.7167
28.557000	39.6039
28.564000	29.1727
28.572000	30.5368
28.579000	28.7743
28.586000	17.9431
28.594000	11.6177
28.596000	17.8922
28.604000	22.3989
28.607000	31.1352
28.613000	22.7115
28.625000	21.9595
28.628000	22.6492
28.633000	20.1668
28.634000	20.5138
28.639000	22.9548
28.642000	22.9422
28.644000	18.7145
28.644000	13.4195
28.647000	11.6381
28.650000	35.9618
28.656000	26.2378
28.661000	13.6667
28.667000	13.2742
28.672000	11.1147
28.678000	16.3949
28.684000	19.9117
28.689000	18.1058
28.692000	13.4601
28.693000	5.6194
28.695000	15.2204
28.701000	21.9585
28.706000	24.4330
28.712000	23.6900
28.717000	28.3213
28.720000	17.5590
28.723000	19.6918
28.729000	24.6850
28.734000	19.6273
28.741000	12.7415
28.747000	8.7274
28.751000	18.4438
28.754000	19.8710
28.761000	13.6761
28.767000	18.7089
28.774000	14.6726
28.780000	14.9959
28.783000	23.7119
28.787000	21.1439
28.793000	20.3848
28.800000	18.5232
28.806000	11.5399
28.813000	23.2220
28.816000	23.9442
28.819000	14.9441
28.826000	20.9710
28.832000	13.2243
28.839000	23.1354
28.845000	9.4785
28.848000	14.9972
28.851000	16.8316
28.857000	24.5693
28.863000	14.2104
28.869000	9.0172
28.875000	15.6632
28.878000	14.5478
28.881000	13.4327
28.887000	-2.8731
28.893000	10.4577
28.899000	-5.4805
28.906000	10.4599
28.908000	20.0994
28.909000	13.0577
28.912000	15.2856
28.914000	18.9953
28.918000	8.9954
28.921000	13.8201
28.924000	20.1268
28.927000	25.5063
28.931000	18.6640
28.933000	17.1890
28.936000	21.6423
28.946000	32.0348
28.953000	23.9268
28.960000	7.7191
28.967000	23.9955
28.970000	24.7491
28.974000	22.9314
28.981000	8.6443
28.988000	11.1040
28.995000	8.8007
29.002000	20.2235
29.005000	22.0891
29.015000	8.0329
29.022000	19.0555
29.028000	40.5167
29.035000	32.9892
29.038000	24.3662
29.041000	8.9200
29.047000	7.6140
29.054000	16.1950
29.060000	19.7093
29.067000	18.7736
29.070000	16.3438
29.073000	14.9871
29.080000	23.6362
29.086000	13.8680
29.099000	31.7045
29.103000	26.8696
29.105000	30.7489
29.109000	18.9601
29.114000	10.3811
29.118000	9.7976
29.122000	9.2178
29.125000	17.2534
29.127000	13.5045
29.131000	13.9556
29.135000	14.4058
29.140000	16.2526
29.144000	25.2480
29.146000	26.6563
29.147000	26.6765
29.153000	21.6939
29.158000	3.8261
29.162000	25.6282
29.166000	22.6737
29.169000	32.1853
29.171000	22.4531
29.175000	13.1375
29.180000	15.6282
29.184000	5.0405
29.188000	10.5134
29.191000	31.9179
29.197000	15.4384
29.202000	12.9336
29.206000	16.6853
29.210000	36.5591
29.213000	27.7318
29.215000	32.7017
29.216000	33.3771
29.220000	25.5930
29.225000	31.2604
29.230000	38.8491
29.235000	35.0337
29.238000	26.0159
29.240000	20.8849
29.245000	30.0543
29.250000	18.9011
29.255000	22.0902
29.260000	27.2341
29.269000	18.4870
29.274000	15.7785
29.280000	27.0263
29.282000	24.0764
29.284000	24.9172
29.289000	26.6183
29.294000	27.3702
29.298000	29.6575
29.299000	22.1821
29.303000	36.6320
29.304000	34.3670
29.307000	24.2720
29.309000	29.6055
29.312000	30.2969
29.314000	32.0467
29.316000	30.0815
29.320000	40.9734
29.325000	49.0554
29.326000	40.1544
29.329000	32.8449
29.333000	33.2404
29.338000	40.3689
29.342000	44.7018
29.347000	51.1506
29.348000	46.3104
29.351000	46.6566
29.355000	28.2962
29.360000	23.0066
29.362000	33.5869
29.364000	27.3264
29.369000	25.3630
29.370000	33.7674
29.371000	26.3153
29.373000	24.2791
29.379000	30.1021
29.386000	24.3503
29.392000	37.2134
29.399000	26.6274
29.401000	29.7640
29.406000	31.0595
29.414000	29.2122
29.422000	18.1012
29.429000	29.0066
29.436000	32.3441
29.440000	30.7120
29.444000	40.8312
29.451000	38.3861
29.458000	46.1934
29.459000	35.9774
29.464000	37.6343
29.466000	49.1395
29.469000	38.7161
29.471000	30.8427
29.473000	41.3264
29.477000	33.5051
29.481000	34.7079
29.484000	40.0979
29.490000	36.5540
29.491000	35.1720
29.499000	28.3387
29.504000	28.7144
29.506000	33.6308
29.506000	46.2737
29.513000	24.9960
29.520000	39.7916
29.528000	41.5477
29.540000	32.3226
29.542000	36.4719
29.550000	37.1039
29.557000	34.1513
29.564000	32.8404
29.571000	32.8912
29.577000	30.4651
29.579000	30.7495
29.586000	38.7127
29.593000	36.2731
29.601000	34.0991
29.608000	36.2926
29.609000	36.8403
29.612000	40.9481
29.615000	29.1650
29.616000	36.8363
29.620000	48.6218
29.623000	45.0554
29.626000	31.0537
29.630000	31.7247
29.634000	33.4940
29.638000	38.4288
29.641000	39.6562
29.644000	46.1208
29.648000	23.0736
29.652000	32.0124
29.653000	35.5968
29.656000	56.0403
29.663000	25.8300
29.671000	39.6364
29.680000	29.2607
29.688000	30.0094
29.697000	33.2725
29.699000	36.6212
29.706000	32.3314
29.714000	41.8472
29.721000	36.9768
29.735000	37.2781
29.735000	44.8241
29.738000	43.9488
29.741000	52.2186
29.748000	41.8756
29.753000	43.9936
29.758000	23.6598
29.763000	32.9635
29.765000	30.7752
29.767000	31.3297
29.772000	35.3279
29.777000	33.6828
29.782000	35.2320
29.787000	32.5614
29.789000	46.5458
29.796000	40.3700
29.801000	24.5037
29.806000	37.3658
29.811000	40.2717
29.813000	37.0188
29.816000	43.0426
29.820000	34.6044
29.825000	41.9630
29.830000	46.3853
29.838000	41.8998
29.842000	35.6282
29.846000	23.3756
29.848000	43.0489
29.852000	34.3680
29.855000	34.9463
29.856000	29.5539
29.859000	34.3221
29.863000	36.3963
29.871000	28.8351
29.880000	29.0693
29.884000	33.4193
29.889000	27.6451
29.893000	35.3379
29.897000	25.3145
29.906000	25.8552
29.911000	23.0803
29.915000	32.0407
29.918000	18.4514
29.922000	31.3957
29.925000	27.4075
29.929000	27.0778
29.932000	31.8069
29.936000	34.0883
29.939000	34.2305
29.943000	23.3628
29.944000	31.7544
29.946000	32.6683
29.950000	21.7793
29.953000	36.6454
29.957000	30.0062
29.960000	41.5640
29.964000	34.7642
29.967000	38.4649
29.970000	32.4272
29.974000	25.1372
29.977000	24.5024
29.979000	24.8022
29.981000	35.0287
29.984000	28.1922
29.988000	34.3910
29.991000	28.9940
29.995000	34.0635
29.998000	22.8438
30.002000	29.9818
30.005000	25.5850
30.009000	27.4163
30.012000	29.5735
30.014000	32.9934
30.016000	33.6017
30.019000	37.3320
30.023000	29.4707
30.026000	28.1896
30.029000	29.4162
30.033000	28.1249
30.036000	33.4376
30.040000	30.2625
30.043000	27.4064
30.047000	18.8714
30.051000	23.8709
30.054000	24.4738
30.058000	18.7599
30.062000	23.1405
30.066000	27.8440
30.069000	27.5046
30.073000	20.1994
30.077000	25.8614
30.080000	31.5381
30.084000	17.5715
30.086000	27.6960
30.088000	25.1462
30.092000	25.4350
30.095000	28.2704
30.099000	23.1656
30.103000	24.4094
30.107000	18.9819
30.111000	30.0826
30.114000	24.9787
30.118000	23.3659
30.122000	29.0728
30.124000	30.9732
30.125000	23.9655
30.129000	26.1750
30.133000	28.7054
30.137000	26.1407
30.140000	18.8006
30.144000	30.8946
30.148000	25.1447
30.152000	26.7261
30.155000	26.3989
30.159000	31.1705
30.161000	39.1355
30.163000	32.4366
30.167000	34.6601
30.170000	32.4234
30.174000	29.8674
30.178000	30.5000
30.182000	29.5404
30.185000	35.9097
30.189000	33.9957
30.193000	38.4514
30.197000	42.5869
30.198000	37.8124
30.201000	33.0393
30.204000	28.9059
30.208000	40.3552
30.212000	28.5983
30.215000	27.9683
30.218000	29.2444
30.221000	31.4723
30.223000	38.4558
30.226000	25.4576
30.229000	29.2710
30.231000	26.4253
30.232000	36.8825
30.235000	28.3395
30.238000	32.7801
30.241000	30.8914
30.244000	23.9489
30.246000	19.5364
30.249000	25.8693
30.252000	34.7185
30.255000	30.9452
30.258000	31.9035
30.259000	36.3174
30.261000	23.5739
30.264000	21.2343
30.267000	19.0563
30.269000	25.6704
30.272000	26.9460
30.275000	30.1022
30.278000	33.2537
30.281000	34.2084
30.284000	34.8490
30.288000	29.5560
30.290000	29.2570
30.292000	28.9585
30.297000	25.8772
30.302000	34.0087
30.306000	33.7213
30.311000	30.3388
30.315000	30.3680
30.320000	36.2826
30.325000	30.1339
30.329000	40.6505
30.333000	28.3477
30.335000	38.2134
30.337000	24.0754
30.341000	23.8078
30.345000	23.8477
30.350000	20.2230
30.354000	27.6066
30.358000	33.1378
30.362000	19.4410
30.366000	35.9320
30.370000	35.6503
30.374000	27.7750
30.376000	33.2553
30.378000	26.4421
30.382000	26.0211
30.386000	31.5010
30.390000	24.5757
30.394000	27.9295
30.398000	31.8775
30.403000	30.0998
30.407000	31.9281
30.411000	33.4511
30.415000	33.4696
30.416000	30.7743
30.419000	28.6914
30.423000	27.2156
30.427000	22.1520
30.431000	34.4304
30.435000	33.8458
30.439000	28.7864
30.443000	38.6379
30.448000	32.0942
30.452000	41.6253
30.457000	26.7631
30.459000	30.6318
30.462000	31.8254
30.466000	31.5339
30.471000	30.9457
30.476000	18.2023
30.480000	28.8762
30.485000	23.8426
30.487000	24.1393
30.490000	39.2348
30.492000	27.0983
30.494000	29.1682
30.496000	23.8411
30.498000	31.8260
30.500000	28.2738
30.502000	29.4537
30.505000	28.8571
30.510000	30.9158
30.514000	24.6992
30.519000	43.5978
30.524000	30.5794
30.528000	29.0876
30.533000	32.0227
30.538000	34.0697
30.542000	38.7797
30.547000	39.9386
30.552000	42.2791
30.556000	29.5467
30.561000	38.9809
30.565000	33.6351
30.570000	34.4929
30.575000	30.6147
30.579000	24.3713
30.584000	33.5165
30.589000	31.7053
30.593000	26.6388
30.598000	26.8976
30.599000	28.0761
30.602000	25.9771
30.607000	37.5116
30.612000	35.6958
30.616000	27.0539
30.621000	37.1174
30.626000	41.8389
30.630000	36.1612
30.635000	33.1494
30.640000	38.7681
30.644000	50.0573
30.649000	41.9825
30.653000	35.9941
30.658000	35.9577
30.663000	28.4629
30.667000	26.0437
30.672000	32.5718
30.677000	27.7554
30.681000	20.2546
30.686000	27.9838
30.690000	32.7365
30.695000	41.0738
30.700000	28.1750
30.704000	36.2244
30.709000	35.5901
30.714000	34.0570
30.718000	30.1343
30.723000	27.1008
30.728000	30.9582
30.732000	27.3313
30.737000	23.9946
30.741000	28.1612
30.746000	27.8223
30.751000	30.1832
30.755000	23.2496
30.760000	32.8138
30.765000	29.4714
30.769000	29.1383
30.774000	31.8002
30.778000	32.6683
30.783000	33.5280
30.788000	29.5769
30.792000	19.9178
30.797000	23.4792
30.802000	33.3617
30.806000	38.7435
30.811000	23.6420
30.816000	36.2432
30.820000	27.1649
30.834000	34.2579
30.839000	35.1119
30.843000	30.8426
30.848000	37.1322
30.853000	33.7545
30.857000	23.1263
30.862000	31.8390
30.866000	22.7121
30.869000	36.2997
30.871000	29.6143
30.876000	25.3114
30.880000	24.9574
30.885000	22.1629
30.890000	33.9332
30.894000	20.8276
30.899000	22.2781
30.903000	17.0560
30.908000	29.4545
30.913000	12.0431
30.916000	30.2639
30.917000	20.8125
30.920000	29.9076
30.925000	26.1855
30.929000	24.3022
30.933000	23.3324
30.934000	23.6237
30.939000	21.7237
30.940000	21.7098
30.941000	21.6958
30.944000	25.9291
30.948000	23.1259
30.950000	20.9598
30.954000	27.6287
30.956000	19.3482
30.960000	24.1858
30.964000	26.2737
30.967000	26.8462
30.969000	34.1652
30.971000	28.3246
30.974000	26.1431
30.978000	30.9913
30.982000	34.9236
30.983000	34.9114
30.986000	26.2961
30.989000	22.5813
30.998000	23.3887
30.999000	5.2891
31.001000	29.8017
31.004000	28.8802
31.008000	30.1050
31.013000	27.9571
31.017000	25.1968
31.020000	29.7971
31.023000	29.7978
31.027000	27.0394
31.031000	31.3347
31.035000	28.8849
31.038000	35.0190
31.041000	35.9412
31.046000	36.8656
31.050000	26.1472
31.053000	31.3605
31.057000	25.8560
31.060000	25.5573
31.065000	29.8554
31.069000	34.4543
31.072000	37.5192
31.075000	35.8446
31.079000	36.0076
31.084000	37.2426
31.087000	26.2639
31.090000	38.1748
31.094000	32.6988
31.095000	32.7027
31.098000	32.1054
31.103000	31.2137
31.106000	35.1831
31.109000	33.6750
31.113000	28.5278
31.117000	29.7653
31.121000	26.4512
31.125000	27.0838
31.128000	29.2242
31.132000	33.4867
31.136000	29.2755
31.140000	34.7401
31.144000	35.9695
31.147000	31.7627
31.152000	36.3137
31.156000	33.3255
31.160000	36.0565
31.164000	27.3666
31.167000	32.4930
31.171000	31.3192
31.175000	31.3461
31.179000	31.9715
31.183000	34.0910
31.186000	33.2123
31.190000	26.9664
31.194000	22.5212
31.198000	28.8135
31.201000	32.7060
31.205000	33.3244
31.209000	29.1832
31.213000	30.9907
31.216000	24.7712
31.220000	23.0170
31.224000	30.1605
31.228000	28.9955
31.232000	32.8656
31.235000	38.2064
31.239000	36.4441
31.243000	32.0215
31.247000	24.9425
31.250000	29.3862
31.254000	29.3992
31.258000	32.9531
31.262000	28.5355
31.263000	23.2265
31.267000	27.3664
31.271000	22.6550
31.275000	22.0719
31.278000	27.6775
31.282000	25.9116
31.286000	30.3346
31.290000	30.0394
31.293000	26.5009
31.297000	26.4977
31.301000	26.4928
31.305000	29.4349
31.308000	28.2498
31.312000	28.8308
31.316000	33.2460
31.319000	29.6972
31.322000	31.4590
31.325000	34.1066
31.328000	37.6410
31.331000	37.9274
31.334000	34.6671
31.337000	44.4113
31.340000	40.5585
31.342000	39.0728
31.345000	37.8779
31.348000	34.3132
31.351000	34.8913
31.354000	36.9511
31.357000	28.0430
31.360000	33.9563
31.363000	30.3784
31.366000	37.1887
31.369000	38.0642
31.372000	28.8331
31.375000	31.4884
31.378000	26.7059
31.381000	25.4905
31.384000	25.1671
31.387000	25.7372
31.390000	28.9930
31.392000	31.0662
31.395000	31.9387
31.398000	30.7196
31.401000	37.5751
31.404000	31.8671
31.407000	36.6357
31.410000	33.6161
31.411000	30.6093
31.413000	38.6927
31.416000	32.6668
31.417000	38.3649
31.419000	34.4444
31.420000	37.1415
31.422000	28.5556
31.423000	34.7126
31.425000	38.9101
31.426000	34.3871
31.428000	34.3704
31.429000	35.5673
31.431000	38.5658
31.432000	28.6073
31.434000	40.0524
31.435000	32.1986
31.437000	40.6355
31.438000	36.3998
31.440000	32.7570
31.442000	37.2747
31.445000	38.7642
31.448000	39.0446
31.451000	40.5379
31.454000	34.7512
31.457000	38.9766
31.460000	34.6979
31.462000	34.0717
31.465000	40.7417
31.467000	31.8935
31.468000	30.6648
31.471000	38.2585
31.474000	36.4030
31.477000	35.1550
31.480000	36.0455
31.483000	38.1619
31.486000	37.8312
31.489000	35.3532
31.492000	30.4151
31.495000	28.8473
31.498000	26.6616
31.501000	30.3200
31.504000	29.3640
31.507000	27.1727
31.509000	32.3952
31.512000	33.9097
31.515000	36.6636
31.518000	31.3775
31.521000	35.0635
31.524000	34.1063
31.527000	30.6650
31.530000	40.5728
31.533000	29.3594
31.536000	28.0826
31.539000	27.7380
31.542000	23.9637
31.545000	31.7277
31.548000	38.2570
31.551000	35.4203
31.554000	37.8977
31.557000	30.6714
31.559000	28.7714
31.562000	35.9541
31.565000	31.2205
31.568000	37.7903
31.571000	29.2765
31.574000	33.9681
31.577000	36.1480
31.580000	30.4487
31.583000	29.4739
31.586000	28.8135
31.589000	30.9975
31.592000	34.4513
31.595000	28.7274
31.598000	35.9892
31.601000	29.6233
31.604000	24.8345
31.607000	22.8978
31.609000	30.8245
31.612000	28.2544
31.615000	27.9095
31.618000	28.2019
31.621000	28.8140
31.624000	26.2358
31.627000	31.0006
31.630000	28.7406
31.633000	32.5558
31.638000	28.9989
31.642000	21.2748
31.647000	22.1928
31.652000	19.5796
31.656000	26.6209
31.661000	22.7223
31.666000	20.4286
31.670000	21.3661
31.675000	27.1441
31.680000	28.7328
31.684000	28.7133
31.689000	30.6333
31.694000	30.2899
31.698000	34.1676
31.703000	28.6362
31.706000	27.6523
31.710000	28.2899
31.713000	31.2079
31.717000	37.0549
31.720000	30.2188
31.724000	27.9339
31.727000	31.1863
31.731000	29.8799
31.734000	30.8559
31.738000	32.4854
31.741000	29.5510
31.745000	25.3111
31.748000	33.4703
31.752000	32.4961
31.755000	28.2565
31.759000	25.9772
31.762000	27.9422
31.766000	28.9312
31.769000	27.6325
31.771000	32.5385
31.773000	29.6046
31.773000	29.6046
31.776000	23.0801
31.777000	27.3310
31.780000	32.8965
31.783000	29.1510
31.786000	33.9015
31.787000	24.4305
31.788000	35.2174
31.790000	23.7909
31.794000	21.8508
31.797000	19.2535
31.801000	26.4632
31.804000	28.7674
31.808000	28.7921
31.811000	29.7910
31.815000	28.8383
31.818000	32.1235
31.822000	26.9306
31.825000	32.8262
31.829000	33.8349
31.832000	40.0537
31.836000	34.2155
31.839000	28.3734
31.842000	27.7481
31.845000	26.7979
31.848000	32.6875
31.851000	27.1799
31.854000	27.8597
31.858000	35.3811
31.861000	45.4903
31.864000	31.2101
31.867000	33.8399
31.870000	35.1687
31.873000	34.5484
31.876000	30.3576
31.880000	33.6450
31.883000	24.5930
31.886000	26.8976
31.889000	25.3110
31.892000	20.8096
31.895000	22.7902
31.902000	32.2618
31.905000	35.2071
31.908000	34.5934
31.910000	34.6156
31.913000	31.7409
31.915000	28.8564
31.918000	21.7879
31.920000	26.3342
31.923000	25.4038
31.925000	29.6238
31.928000	27.7255
31.931000	31.9543
31.933000	29.4001
31.936000	34.5923
31.938000	30.1067
31.941000	33.6857
31.943000	35.3192
31.946000	38.5723
31.949000	35.0689
31.953000	35.1169
31.956000	30.3332
31.960000	32.9533
31.964000	27.2252
31.967000	34.9655
31.968000	31.4487
31.971000	38.2212
31.972000	31.8200
31.974000	32.1659
31.977000	32.2037
31.978000	34.7796
31.982000	39.9527
31.990000	36.8465
31.994000	34.6561
31.998000	33.1069
32.002000	34.7483
32.006000	29.3568
32.010000	29.0770
32.014000	33.2642
32.018000	39.3614
32.022000	34.6134
32.026000	36.5615
32.030000	34.6845
32.034000	41.4079
32.038000	35.0720
32.042000	38.9253
32.047000	41.8291
32.051000	40.9052
32.055000	41.8896
32.059000	34.9219
32.063000	39.0855
32.067000	31.1644
32.071000	40.0950
32.075000	44.2547
32.079000	41.7368
32.084000	36.0441
32.088000	39.8832
32.092000	31.0003
32.097000	37.7054
32.100000	32.9475
32.101000	35.1794
32.105000	36.4701
32.110000	32.9884
32.114000	35.5504
32.118000	30.7839
32.123000	29.8394
32.127000	32.7179
32.131000	29.8525
32.136000	37.8432
32.140000	42.0060
32.144000	38.8162
32.148000	30.8188
32.152000	30.1760
32.156000	39.1498
32.160000	28.2407
32.165000	34.3338
32.169000	32.0775
32.173000	34.3225
32.177000	36.8932
32.181000	37.8551
32.185000	33.0043
32.189000	45.6031
32.192000	40.1019
32.194000	43.3376
32.197000	41.0668
32.200000	43.0093
32.203000	35.2116
32.206000	31.6245
32.208000	32.9157
32.211000	42.9967
32.215000	35.4905
32.219000	36.7796
32.223000	31.5310
32.227000	38.0565
32.231000	34.7608
32.235000	35.3963
32.238000	28.1453
32.245000	19.8426
32.249000	24.7492
32.253000	29.6707
32.261000	33.5857
32.266000	37.2088
32.270000	24.8581
32.273000	36.5010
32.277000	28.1213
32.281000	28.4159
32.285000	30.0526
32.289000	24.6395
32.293000	30.3130
32.298000	24.8680
32.302000	29.8883
32.306000	38.6507
32.310000	42.0183
32.314000	34.8642
32.319000	40.2740
32.324000	20.4453
32.328000	34.0674
32.331000	28.5613
32.335000	28.8597
32.339000	28.1274
32.343000	34.2823
32.346000	29.4264
32.350000	27.3084
32.354000	18.6015
32.357000	24.7957
32.360000	23.7135
32.364000	26.4420
32.367000	28.1467
32.371000	24.6072
32.374000	26.6649
32.378000	27.3154
32.381000	17.8032
32.385000	32.8555
32.388000	26.8403
32.390000	23.6429
32.393000	25.3657
32.394000	20.0547
32.395000	20.7456
32.397000	22.1295
32.399000	26.7026
32.402000	25.2468
32.404000	31.9639
32.406000	32.6546
32.408000	26.5900
32.411000	27.6209
32.413000	23.6756
32.415000	23.6479
32.417000	30.4067
32.420000	26.0827
32.422000	27.1316
32.424000	25.6739
32.426000	30.3122
32.429000	32.7957
32.431000	24.1468
32.434000	28.4283
32.435000	22.2922
32.436000	25.5222
32.438000	16.4769
32.440000	30.1672
32.443000	28.6898
32.445000	26.1341
32.447000	26.4724
32.449000	26.8115
32.452000	23.8712
32.454000	25.2996
32.456000	23.4561
32.458000	22.7019
32.461000	21.2036
32.463000	24.8263
32.467000	32.8233
32.470000	31.8830
32.472000	29.1170
32.474000	28.7306
32.476000	22.4694
32.479000	22.7994
32.481000	23.8787
32.485000	17.5663
32.489000	26.3703
32.490000	24.8826
32.494000	21.5096
32.498000	29.6140
32.500000	30.3387
32.502000	28.8376
32.506000	37.3534
32.507000	22.8439
32.511000	29.8780
32.514000	21.2775
32.516000	19.7627
32.518000	26.0888
32.522000	26.9882
32.526000	16.2795
32.530000	21.1080
32.534000	21.8193
32.538000	21.4053
32.542000	20.9913
32.545000	21.7176
32.549000	20.9277
32.553000	31.4750
32.557000	32.5891
32.561000	24.6149
32.565000	25.7255
32.569000	30.6362
32.573000	30.6176
32.577000	23.7518
32.580000	25.6376
32.584000	27.5221
32.588000	26.3596
32.592000	24.0509
32.596000	28.6168
32.600000	26.3083
32.604000	37.3906
32.607000	28.5799
32.610000	21.2927
32.614000	22.4270
32.616000	24.7206
32.620000	24.7089
32.623000	27.7715
32.626000	20.4694
32.630000	26.6052
32.633000	22.3723
32.636000	23.5194
32.640000	26.5895
32.643000	22.7388
32.646000	25.8134
32.650000	16.9561
32.653000	15.4121
32.657000	16.1781
32.662000	26.9618
32.666000	21.9532
32.671000	18.4858
32.675000	18.8729
32.680000	28.1287
32.684000	27.7479
32.688000	18.8859
32.691000	29.6857
32.695000	22.3671
32.699000	18.5195
32.702000	23.9232
32.706000	35.8823
32.710000	28.1818
32.714000	34.7438
32.722000	20.5069
32.730000	14.7549
32.734000	15.1549
32.738000	14.0150
32.742000	18.2658
32.746000	26.7494
32.750000	22.5305
32.755000	19.4720
32.759000	26.0275
32.763000	12.1983
32.767000	20.6754
32.771000	23.3830
32.775000	19.5560
32.779000	19.9575
32.783000	21.1273
32.787000	22.2966
32.792000	24.6217
32.796000	21.1827
32.800000	15.0577
32.808000	17.3961
32.812000	21.2506
32.816000	23.9529
32.825000	28.5922
32.829000	28.6080
32.835000	24.4137
32.841000	19.0700
32.847000	16.4109
32.852000	27.5485
32.858000	25.2722
32.864000	27.3084
32.867000	33.3576
32.869000	23.0159
32.873000	24.9484
32.874000	27.2523
32.878000	19.9852
32.882000	16.1678
32.886000	16.5670
32.891000	16.2035
32.895000	22.3532
32.899000	22.3694
32.903000	19.7020
32.908000	23.5567
32.912000	27.0244
32.915000	25.5033
32.923000	24.3873
32.927000	23.6377
32.931000	21.3539
32.934000	25.2030
32.938000	23.6867
32.942000	28.3087
32.946000	32.5479
32.948000	34.4761
32.954000	32.9708
32.960000	28.0119
32.966000	34.1832
32.972000	25.7695
32.978000	28.4878
32.984000	31.2074
32.990000	30.4719
32.994000	17.8192
32.998000	24.7541
33.002000	20.1615
33.006000	27.0904
33.010000	24.0301
33.014000	29.0399
33.019000	27.9045
33.023000	33.3014
33.027000	30.6245
33.031000	23.7154
33.035000	25.6518
33.039000	29.8980
33.044000	30.3004
33.050000	34.9427
33.055000	33.8056
33.061000	31.8996
33.066000	30.7590
33.071000	29.2307
33.077000	25.3847
33.082000	28.4872
33.088000	25.7930
33.093000	19.2189
33.098000	24.2585
33.102000	29.6922
33.107000	24.2662
33.112000	29.3215
33.116000	20.7690
33.121000	27.3867
33.125000	21.1514
33.130000	18.4133
33.135000	21.5305
33.139000	19.3724
33.144000	29.7489
33.149000	23.8643
33.153000	28.5772
33.158000	29.7605
33.162000	19.9064
33.167000	21.8681
33.171000	19.8825
33.176000	26.2093
33.180000	21.4458
33.185000	28.1947
33.195000	22.2152
33.204000	21.4031
33.214000	17.7734
33.224000	20.5797
33.230000	16.9372
33.237000	13.6847
33.243000	18.1464
33.250000	15.7053
33.256000	21.0173
33.263000	23.9037
33.269000	26.8025
33.275000	16.5680
33.281000	15.7684
33.287000	20.7423
33.293000	17.0665
33.295000	20.7964
33.299000	20.4133
33.305000	27.0851
33.309000	25.8829
33.313000	25.0953
33.317000	18.0866
33.321000	17.7123
33.325000	19.4163
33.332000	24.4855
33.336000	25.7847
33.340000	16.2759
33.344000	19.6576
33.345000	17.1764
33.348000	19.2994
33.349000	14.7390
33.351000	16.8486
33.353000	21.4546
33.355000	23.9813
33.357000	20.2699
33.359000	28.2043
33.361000	21.1672
33.364000	16.2281
33.368000	19.2088
33.372000	22.1903
33.376000	32.2336
33.380000	26.9074
33.385000	17.8748
33.389000	26.4589
33.393000	22.6036
33.397000	15.6517
33.402000	22.8000
33.406000	24.5434
33.410000	25.4603
33.412000	21.3822
33.414000	28.0262
33.419000	31.8452
33.423000	27.0027
33.428000	29.9973
33.433000	19.8815
33.437000	18.3617
33.442000	24.2239
33.447000	25.5877
33.450000	24.8607
33.453000	24.1376
33.456000	23.8234
33.459000	14.2086
33.463000	22.4285
33.466000	13.2606
33.469000	17.6010
33.472000	24.7385
33.475000	13.2174
33.479000	16.9807
33.484000	19.5717
33.488000	20.1268
33.493000	27.4528
33.496000	23.2152
33.499000	22.1516
33.502000	17.1638
33.506000	17.9352
33.509000	15.1420
33.512000	20.3597
33.515000	20.1085
33.518000	11.7153
33.522000	16.5757
33.525000	23.2851
33.528000	14.2016
33.531000	21.6529
33.534000	22.9503
33.538000	25.6245
33.541000	24.8216
33.545000	16.3344
33.549000	18.4589
33.552000	25.3868
33.556000	23.7349
33.560000	22.8480
33.563000	24.8762
33.567000	21.7944
33.574000	30.2734
33.578000	24.6864
33.582000	29.2784
33.585000	23.3450
33.589000	20.4060
33.593000	26.0428
33.596000	20.2351
33.600000	21.2594
33.604000	29.2739
33.607000	26.7013
33.611000	24.9322
33.615000	23.5410
33.618000	24.4820
33.622000	28.8988
33.626000	30.2340
33.630000	31.5618
33.633000	27.1491
33.641000	26.9053
33.644000	32.7301
33.648000	29.8517
33.652000	33.7593
33.659000	44.1810
33.663000	45.0980
33.668000	40.2062
33.672000	42.7001
33.676000	47.5907
33.681000	48.5660
33.685000	47.3815
33.689000	47.4093
33.694000	50.4402
33.698000	49.8895
33.702000	56.1964
33.703000	58.2517
33.706000	55.9035
33.710000	56.4642
33.714000	53.4385
33.718000	52.9452
33.722000	55.4434
33.725000	59.9653
33.729000	57.0659
33.733000	59.2142
33.737000	57.4455
33.741000	58.2857
33.745000	64.4252
33.748000	60.8651
33.752000	64.1462
33.756000	61.9804
33.760000	56.0122
33.767000	60.0143
33.769000	61.1334
33.773000	63.3395
33.775000	59.5840
33.780000	57.7163
33.786000	61.9777
33.787000	56.3021
33.791000	62.6651
33.794000	60.7786
33.800000	63.7290
33.807000	59.4195
33.811000	62.1273
33.814000	67.1062
33.821000	68.3426
33.827000	64.4465
33.833000	66.0471
33.841000	67.6401
33.843000	68.0338
33.846000	65.1145
33.852000	68.1152
33.858000	72.7291
33.866000	67.5438
33.874000	71.4269
33.884000	73.9530
33.895000	73.5767
33.905000	76.0383
33.915000	78.3987
33.928000	82.8435
33.946000	83.5846
34.174000	104.0873
34.222000	102.6603
34.250000	102.4532
34.295000	106.2507
34.316000	103.2993
34.324000	102.9220
34.398000	102.9341
34.429000	101.6826
34.509000	97.8946
34.531000	97.6197
34.572000	94.7169
34.608000	92.3705
34.749000	88.9525
34.765000	91.6740
34.784000	89.7802
34.967000	88.1583
34.985000	87.0772
35.112000	85.0006
35.177000	84.8607
35.296000	83.7422
35.324000	84.3231
35.343000	83.1083
35.375000	83.9272
35.411000	84.2287
35.454000	82.8549
35.863000	80.2324
36.051000	81.8452
36.138000	77.8503
36.225000	74.5054
36.340000	70.3830
36.399000	68.4609
36.692000	66.1036
36.813000	65.4357
37.035000	65.3241
37.091000	62.4856
37.277000	66.0440
37.485000	59.6914
37.558000	66.6677
37.630000	65.1980
37.738000	65.3945
37.971000	68.2079
38.092000	67.5752
38.212000	71.4170
38.329000	70.8111
38.337000	69.7529
38.437000	72.2154
38.445000	63.2711
38.460000	65.8655
38.513000	59.5498
38.576000	70.7102
38.636000	69.9330
38.689000	69.0705
38.736000	73.3772
38.790000	70.9859
38.791000	68.3052
38.860000	76.4554
39.010000	76.8088
39.107000	77.8107
39.109000	80.6052
39.138000	76.4997
39.242000	82.1836
39.280000	82.7856
39.285000	82.0695
39.315000	81.2933
39.368000	84.2572
39.425000	85.3177
39.597000	83.7898
39.659000	84.3602
39.726000	82.6101
39.782000	88.7061
39.854000	93.4400
40.279000	104.7866
40.324000	101.4274
40.366000	101.6798
40.403000	96.4946
40.432000	96.2809
40.525000	80.2285
40.589000	74.7063
40.714000	71.9446
40.718000	71.8662
40.757000	69.1257
40.792000	70.4784
40.813000	65.6866
40.813000	67.7181
40.833000	66.1740
40.854000	70.4553
40.855000	70.4519
40.886000	79.5900
40.887000	75.0114
40.912000	75.3094
40.944000	74.4235
40.993000	76.5449
41.035000	74.6701
41.065000	74.6462
41.085000	78.2410
41.106000	76.4646
41.125000	77.8709
41.146000	74.4033
41.168000	73.9358
41.187000	80.4715
41.206000	77.5201
41.207000	77.7249
41.226000	75.3600
41.262000	81.7099
41.281000	77.4995
41.283000	73.2466
41.304000	76.9367
41.322000	79.0085
41.323000	79.0109
41.341000	76.6114
41.344000	77.8414
41.363000	80.1394
41.364000	79.9386
41.410749	74.1763
41.441694	74.4874
41.472638	78.3986
41.503583	78.1081
41.534528	79.8611
41.565472	79.4905
41.596417	80.9627
41.627362	79.4989
41.658306	82.1818
41.689251	81.9238
41.720195	86.3315
41.782085	85.1805
41.813029	86.6331
41.843974	88.0363
41.874919	87.7577
41.905863	89.0054
41.936808	90.4791
41.967752	90.7694
41.998697	90.1361
42.029642	90.9901
42.060586	86.5793
42.091531	87.9678
42.122476	90.3897
42.184365	90.1466
42.215309	89.1074
42.246254	90.7971
42.277199	90.0844
42.308143	88.0837
42.431922	84.2739
42.462866	84.4370
42.493811	87.0972
42.521661	86.8447
42.548736	86.0089
42.602888	81.9555
42.604202	86.9460
42.655950	78.4415
42.657040	87.5600
42.707699	82.3340
42.781588	81.4904
42.808664	79.6405
42.835740	79.3931
42.862816	80.6899
42.889892	81.3621
42.916967	79.7788
42.938628	85.9842
42.965704	85.6976
42.992780	89.5008
43.019856	88.9847
43.046931	89.5454
43.074007	93.7463
43.101083	89.5521
43.128159	90.4051
43.155235	90.8810
43.182310	93.4274
43.209386	92.3222
43.236462	95.5200
43.263538	94.5682
43.290614	94.1173
43.317690	92.8241
43.344765	92.2443
43.371841	92.3430
43.398917	98.1003
43.425993	95.8196
43.453069	94.1702
43.480144	97.1520
43.507220	96.7503
43.534296	91.1090
43.561372	93.6797
43.588448	97.1731
43.615524	95.1551
43.642599	98.9271
43.669675	99.5586
43.696751	99.3481
43.723827	96.7577
43.750903	99.8325
43.777978	101.7064
43.805054	98.5140
43.832130	101.6529
43.859206	99.4320
43.886282	101.6628
43.913357	98.1490
43.940433	101.4764
43.967509	98.6229
43.994585	99.5042
44.008978	97.9873
44.020199	99.7494
44.031421	97.3181
44.042643	95.4737
44.053865	96.4653
44.065087	99.3441
44.087531	91.9518
44.098753	95.5228
44.109975	94.2815
44.121197	96.5091
44.132419	92.5684
44.143641	91.8467
44.154863	91.3785
44.166085	89.4858
44.177307	90.8450
44.188529	88.9864
44.199751	91.2232
44.210973	88.2249
44.222195	91.8996
44.233416	97.1114
44.244638	89.5486
44.255860	89.7952
44.267082	86.9771
44.289526	90.1855
44.289526	92.1476
44.300748	86.5971
44.311970	86.0360
44.323192	87.1429
44.334414	88.7076
44.345636	85.6271
44.356858	88.8431
44.368080	81.8001
44.379302	86.4586
44.390524	87.9666
44.401746	79.3162
44.412968	88.4253
44.424189	85.3128
44.446633	96.4371
44.457855	83.4142
44.469077	86.2847
44.469077	89.0939
44.480299	87.6125
44.491521	93.3221
44.491521	91.3334
44.502743	89.7638
44.513965	87.6932
44.525187	88.1951
44.536409	85.6054
44.547631	89.2380
44.558853	89.9023
44.570075	92.2955
44.581297	92.7910
44.592519	91.0491
44.603741	90.2759
44.614963	88.1460
44.626185	92.4800
44.637406	88.5609
44.648628	89.2955
44.671072	90.5765
44.682294	88.7131
44.693516	87.6763
44.704738	92.3780
44.715960	92.0053
44.727182	92.3357
44.738404	88.0143
44.749626	94.8556
44.760848	88.4611
44.772070	91.9909
44.772070	85.3328
44.783292	87.1223
44.794514	90.0356
44.805736	92.4336
44.829688	90.3262
44.843424	88.0974
44.857160	90.6428
44.870897	98.5144
44.884633	88.3829
44.898369	92.0907
44.912105	90.0991
44.925841	92.0663
44.939577	92.6148
44.953313	93.6332
44.967050	92.2898
44.980786	98.7248
44.994522	91.7085
45.008258	99.3105
45.021994	94.0622
45.049467	90.8989
45.063203	96.9525
45.063203	94.6835
45.076939	90.8050
45.090675	96.5858
45.090675	95.1466
45.104411	95.6267
45.118147	92.8918
45.118147	98.1211
45.131883	95.7778
45.131883	99.5723
45.145620	96.9543
45.145620	95.5751
45.173092	98.4534
45.173092	99.2268
45.186828	97.7295
45.186828	97.7714
45.214300	96.2040
45.214300	99.9595
45.228037	96.3110
45.241773	93.6467
45.255509	97.8710
45.269245	94.5483
45.282981	96.4228
45.296717	91.8950
45.305508	87.9586
45.349921	88.9740
45.376570	86.0480
45.394335	86.7732
45.412101	89.6964
45.420983	85.1844
45.429866	86.3883
45.438749	86.6360
45.447632	86.6160
45.456514	86.9160
45.465397	86.4012
45.474280	88.2663
45.483162	87.2769
45.492044	88.3651
45.497041	86.1934
45.502039	87.7235
45.507036	87.6486
45.512033	90.4514
45.517030	89.7004
45.522028	88.6431
45.527025	91.1974
45.532022	89.2035
45.537019	90.6019
45.542017	89.8279
45.547014	94.9206
45.552011	90.7070
45.557008	89.7218
45.562006	87.8220
45.567003	88.7392
45.572001	89.9902
45.578881	87.2363
45.585761	90.0448
45.592641	90.4315
45.599521	88.7544
45.606401	90.4315
45.613281	90.7298
45.627041	87.6655
45.633922	91.3892
45.640802	91.9108
45.647682	90.6123
45.654562	89.7231
45.661442	91.6372
45.668322	91.8506
45.675202	91.1043
45.682082	91.5275
45.688962	89.2708
45.695842	90.3465
45.702723	94.2621
45.709603	88.7311
45.716483	91.3826
45.723363	91.3121
45.730243	92.5137
45.737123	93.1314
45.744003	91.6165
45.750883	91.8136
45.757763	91.1747
45.764643	91.3232
45.771523	94.6440
45.778404	91.6539
45.785284	91.1223
45.792164	93.3257
45.799044	91.1824
45.805924	91.5749
45.812804	93.4028
45.819684	93.8437
45.826564	93.2141
45.833444	92.2000
45.840324	90.6583
45.847205	92.1358
45.854085	96.5295
45.860965	92.1078
45.867845	101.4837
45.874725	95.1609
45.881605	93.4080
45.888485	97.2340
45.902245	91.4876
45.909125	92.6740
45.922886	92.2960
45.964166	90.3252
45.971046	93.5854
45.971046	91.0510
45.977926	97.9785
45.984806	93.3003
45.991687	93.4453
45.998567	92.6163
46.005447	92.6037
46.012327	90.7422
46.019207	94.8824
46.026087	92.3222
46.032967	94.2157
46.039847	92.1183
46.046727	91.1757
46.053607	89.3764
46.060487	88.9342
46.067368	91.0479
46.074248	89.8564
46.081128	90.0838
46.088008	88.8901
46.094888	90.9558
46.101768	89.4583
46.108648	90.7492
46.115528	91.1096
46.122408	95.4949
46.136168	91.8219
46.149929	91.6393
46.156809	90.7874
46.163689	91.2109
46.170569	90.1349
46.177449	92.1602
46.184329	89.1036
46.191209	93.9894
46.198089	92.1098
46.204969	92.5524
46.211850	88.8465
46.218730	92.4782
46.225610	91.4574
46.239370	92.6975
46.246250	92.4013
46.253130	91.9898
46.260010	92.7384
46.266890	91.1889
46.273770	91.6366
46.280650	92.3979
46.287531	94.6099
46.294411	92.1362
46.301291	92.4760
46.308171	93.8907
46.315051	91.7024
46.321931	92.9441
46.328811	93.6561
46.335691	92.0048
46.342571	93.0595
46.349451	92.2978
46.356332	91.0675
46.363212	92.1128
46.370092	87.1351
46.376972	93.2909
46.383852	92.8905
46.390732	91.5466
46.397742	92.0583
46.404752	94.3455
46.411762	89.9913
46.418772	92.6027
46.425782	91.9044
46.432792	93.5450
46.439802	90.3848
46.446812	92.4208
46.460832	94.5860
46.467842	94.3890
46.474852	94.2279
46.495883	92.7147
46.509903	92.8552
46.516913	92.2701
46.523923	92.4496
46.530933	95.6874
46.537943	89.6880
46.544953	88.6911
46.551963	94.4385
46.558973	93.0791
46.565983	94.4311
46.572993	93.5102
46.580003	91.4493
46.587013	89.8429
46.594023	92.8434
46.601033	88.0547
46.608043	91.9428
46.615053	87.7035
46.622063	94.5860
46.629073	94.0954
46.636083	94.7871
46.643093	95.7251
46.650103	97.3116
46.657114	90.2727
46.662371	98.4346
46.671134	92.7290
46.678144	95.3689
46.685154	90.8889
46.692164	95.7017
46.699174	88.7646
46.706184	92.3269
46.711441	92.7590
46.713194	93.6833
46.723709	97.7171
46.730719	101.4945
46.734224	94.6956
46.735976	97.2840
46.741234	105.4708
46.741234	102.1490
46.749528	102.4851
46.755749	107.4077
46.757823	91.7193
46.766117	93.6914
46.774411	95.1240
46.782705	93.7200
46.791000	96.0947
46.807588	88.8505
46.815883	93.0218
46.832471	90.2281
46.840765	91.5142
46.857354	86.5684
46.873942	89.9148
46.890531	86.7880
46.923708	88.0211
46.932002	90.2969
46.940297	91.8988
46.948591	98.4043
46.956885	95.0632
46.965180	95.8720
46.973474	91.3769
46.981768	88.7478
46.990062	90.2303
46.998357	87.0909
47.006651	92.6873
47.014945	92.1282
47.023240	91.9643
47.031534	90.4142
47.039828	95.5874
47.050196	95.4759
47.056417	91.6164
47.064711	94.1046
47.073005	90.6590
47.079433	92.7698
47.081300	94.4235
47.097888	92.1209
47.098718	95.2819
47.110330	94.4516
47.116550	98.2769
47.151801	92.2797
47.180831	100.2713
47.222302	97.7012
47.243038	96.6961
47.252116	94.6855
47.261193	98.7532
47.272086	92.7859
47.279349	96.9914
47.290242	92.3316
47.297504	95.3592
47.308397	95.9251
47.315659	97.6319
47.326552	94.7899
47.333815	95.8951
47.344708	94.1829
47.351970	93.2177
47.362863	92.6899
47.370125	92.9658
47.381018	92.5587
47.388280	92.1612
47.399174	95.4163
47.406436	96.0364
47.417329	93.9384
47.424591	92.0768
47.435484	92.8793
47.442746	91.3333
47.451824	99.4807
47.460902	96.2945
47.471795	96.8652
47.479057	90.2431
47.489950	97.0102
47.497212	93.3199
47.508105	100.5062
47.526261	99.0293
47.551678	101.8263
47.562571	96.7536
47.569833	95.8507
47.580727	98.3236
47.587989	101.4085
47.598882	100.0471
47.606144	97.3883
47.617037	98.2459
47.624299	99.1863
47.635193	100.9467
47.642455	98.4760
47.653348	98.9721
47.660610	95.4350
47.671423	108.4761
47.678631	99.0774
47.689443	104.4349
47.696652	100.9710
47.707464	104.2561
47.714673	100.6310
47.725485	99.6147
47.732694	99.9233
47.750714	100.3787
47.761527	100.3395
47.768735	100.3340
47.779548	102.3338
47.786756	99.7436
47.797569	101.3528
47.804777	101.1879
47.815590	100.2067
47.833610	102.6340
47.840819	102.9318
47.851631	105.5576
47.858840	104.6951
47.869652	103.0469
47.876861	104.9736
47.887673	113.9489
47.912902	94.5824
47.923715	104.3037
47.930923	104.8097
47.941736	105.3108
47.968668	109.5405
48.073860	113.2960
48.087009	112.7227
48.106733	115.5669
48.113307	117.0029
48.119882	116.8972
48.133031	117.0987
48.139605	116.0711
48.152754	115.4971
48.159329	117.0061
48.172478	117.3382
48.179052	117.7844
48.185627	117.4846
48.205350	120.6654
48.211925	125.3564
48.218499	118.9903
48.225074	121.1431
48.231648	119.9638
48.238223	121.4742
48.244797	122.2316
48.251372	122.3975
48.257947	122.7769
48.264521	123.2411
48.271096	124.4688
48.272739	127.5677
48.277670	125.3638
48.282601	125.5871
48.289175	128.1546
48.297394	125.7891
48.305612	127.4198
48.315474	124.1390
48.322048	127.4270
48.331910	126.3139
48.338484	127.5467
48.348346	127.5090
48.354921	128.9876
48.364782	128.4719
48.371357	130.4641
48.388738	128.7194
48.400325	130.4071
48.411912	128.8551
48.432190	130.6174
48.446674	129.6256
48.510403	131.2918
48.545164	131.7684
48.553083	131.7106
48.564961	134.8713
48.576839	129.8489
48.584757	133.1874
48.586737	131.8713
48.596635	131.8542
48.604554	132.0105
48.616432	130.8929
48.624350	132.1512
48.636228	130.5584
48.644147	130.5272
48.656025	130.4481
48.663944	132.8768
48.675822	129.9796
48.683740	132.2002
48.695618	128.4260
48.701755	129.0952
48.709476	126.9990
48.717197	129.6235
48.725313	127.5151
48.732638	130.9703
48.741150	129.0050
48.748079	129.9080
48.755008	128.3874
48.763521	129.4397
48.770845	127.8972
48.778962	129.0809
48.786683	127.0614
48.794205	129.4445
48.802520	129.1925
48.809647	129.0095
48.818357	127.5875
48.825088	128.4794
48.832215	126.4685
48.840529	129.5158
48.848052	128.3093
48.855971	129.9553
48.871412	131.2607
48.885270	127.9080
48.893584	125.2859
48.900711	128.7943
48.916153	126.5794
48.931594	128.2133
48.950995	124.2731
48.970791	125.2693
48.980689	125.7341
48.993161	130.3799
49.027212	129.3970
49.049978	128.3946
49.069774	128.2146
49.089571	130.9251
49.109367	128.6798
49.129164	130.3134
49.158859	135.8866
49.172104	133.3747
49.177781	133.9201
49.179484	136.0591
49.187242	132.9849
49.196703	135.1981
49.197838	136.9446
49.206163	136.5621
49.215624	137.2891
49.225085	135.0016
49.234546	133.9806
49.235114	137.3973
49.244007	135.8418
49.253468	136.6857
49.254036	137.7029
49.261037	136.2954
49.272390	137.6865
49.281851	137.0341
49.291312	137.7732
49.300772	137.8335
49.319694	137.6341
49.338616	136.7005
49.376460	138.6247
49.395381	138.9040
49.414303	140.6520
49.433225	142.5981
49.452147	141.4184
49.461608	141.9973
49.471069	141.3653
49.489990	140.1078
49.508912	140.8436
49.518373	141.8078
49.527834	140.4392
49.544864	142.0595
49.556217	142.5484
49.565553	141.2696
49.574806	148.9884
49.584059	141.8782
49.593312	141.2611
49.602566	141.3756
49.611819	142.0415
49.621072	142.2316
49.630325	142.1833
49.639578	141.4052
49.648831	142.4792
49.658085	141.7638
49.667338	141.6745
49.676591	142.1722
49.685844	143.9001
49.691812	143.3784
49.697779	144.0371
49.703747	141.9311
49.709715	143.0175
49.715683	142.8283
49.721650	143.2607
49.727618	142.8061
49.733586	143.4231
49.739554	142.8629
49.745521	143.0207
49.751489	142.1260
49.757457	143.1515
49.763425	142.6554
49.769392	143.3061
49.774166	142.5381
49.781328	143.1560
49.787295	141.8636
49.793263	142.9201
49.799231	141.5958
49.805199	141.4295
49.811166	141.3869
49.817134	142.1941
49.823102	141.6248
49.829070	141.1438
49.835037	141.2078
49.841005	141.8051
49.846973	141.7220
49.852941	140.5094
49.858908	140.7021
49.864876	143.0074
49.869911	141.7897
49.874946	140.0345
49.879980	139.4088
49.885015	139.7107
49.890050	138.6421
49.895085	139.4019
49.900119	139.0873
49.905154	139.9151
49.910189	138.4737
49.915224	140.8933
49.920258	138.2309
49.925293	140.3658
49.930328	138.1655
49.935363	140.5243
49.939391	139.1659
49.943418	139.6177
49.945432	141.9321
49.948453	140.6461
49.950468	141.0975
49.955490	139.0384
49.958837	139.5519
49.963859	139.9753
49.967207	139.2663
49.972229	136.7166
49.973066	137.2277
49.977251	137.1319
49.983947	136.9293
49.992316	137.8290
50.000686	136.5859
50.009056	136.5891
50.017426	134.7268
50.025796	137.4044
50.032491	135.3757
50.042535	136.6163
50.050905	133.1511
50.059275	133.4755
50.067644	134.1131
50.074861	134.1928
50.082078	130.9972
50.089294	130.9278
50.096511	129.9133
50.103727	131.9785
50.110944	129.8511
50.118160	129.5613
50.125376	128.4848
50.132593	129.6775
50.139809	128.9674
50.147026	130.3709
50.154242	124.8416
50.161459	126.3074
50.168675	124.8931
50.175892	125.7731
50.183108	125.9190
50.190325	126.9647
50.197541	123.1626
50.204758	122.6853
50.211974	122.4483
50.219191	123.4491
50.226407	122.2428
50.233624	122.2852
50.240840	120.9221
50.248057	122.5962
50.253830	121.8201
50.262490	122.8517
50.269706	120.6799
50.276923	120.8388
50.284139	116.6991
50.291356	120.1467
50.298572	119.1167
50.305789	121.7847
50.313005	119.4415
50.320222	118.9033
50.327438	114.6808
50.334655	117.6539
50.341871	118.1026
50.349088	116.7545
50.356304	115.3994
50.363521	115.4676
50.367626	114.5000
50.376944	118.1180
50.383599	114.7077
50.390254	118.7280
50.396909	113.8345
50.403565	116.1224
50.410220	112.4025
50.416875	114.2392
50.423531	111.4945
50.430186	116.1774
50.435510	115.0474
50.436841	113.8573
50.443497	115.1377
50.450152	110.9935
50.456807	115.8065
50.462131	112.2599
50.470118	119.7666
50.476773	112.3872
50.483428	115.7670
50.490084	113.7124
50.496739	116.9522
50.505812	111.0513
50.515489	111.1696
50.523230	108.8685
50.534843	110.4240
50.544520	117.3022
50.554197	114.1524
50.563874	111.8393
50.573551	108.0927
50.583228	110.4448
50.592905	112.2593
50.602582	110.8426
50.612259	110.6095
50.621936	110.1590
50.631613	106.6955
50.641290	109.2693
50.650967	111.0012
50.660644	110.4756
50.670321	115.3437
50.676127	113.4783
50.679998	115.0465
50.684208	118.7967
50.687015	112.8753
50.691224	108.1162
50.694031	109.0091
50.698240	106.4172
50.701047	106.9230
50.708063	106.7086
50.715079	109.7431
50.720692	105.3400
50.729111	108.4112
50.736127	105.1413
50.743143	108.8669
50.750160	112.0196
50.757176	115.6439
50.764192	113.4592
50.771863	112.3041
50.782158	106.8334
50.792454	108.0282
50.802749	107.3048
50.813044	108.9184
50.823340	111.1133
50.833635	110.7549
50.843930	112.1082
50.854226	117.4306
50.864521	117.5142
50.871414	118.2118
50.878308	115.2287
50.885201	117.5060
50.890716	111.1057
50.898988	111.5427
50.905882	112.3854
50.912775	114.9268
50.926562	111.9131
50.940349	116.9608
50.947242	117.2545
50.978366	113.7797
50.989276	114.5123
51.000186	118.1154
51.022007	118.4345
51.032917	114.4743
51.041945	121.3721
51.060001	118.0322
51.069028	118.2794
51.078056	118.8252
51.087084	118.5162
51.096112	120.3281
51.105140	122.7743
51.123195	126.9510
51.132223	128.7436
51.141251	129.3763
51.145232	123.6288
51.165136	122.7619
51.173097	124.6043
51.177078	127.7493
51.185039	129.2839
51.189816	132.8369
51.192205	132.5733
51.194486	132.3839
51.195972	127.8182
51.201914	126.5007
51.210826	126.6112
51.216768	127.6493
51.225681	138.8504
51.231622	127.0409
51.240535	126.9319
51.246477	128.8220
51.255389	128.8051
51.270244	128.7163
51.285098	131.3231
51.314807	129.9951
51.320749	132.1123
51.329661	132.7337
51.335603	131.8831
51.344516	133.5606
51.351581	134.3625
51.362741	130.2921
51.370181	131.5057
51.381341	129.7318
51.388781	132.8368
51.399941	130.4962
51.407380	130.7887
51.418540	133.1352
51.427840	131.6193
51.437140	133.0210
51.446440	130.1058
51.455740	131.9269
51.464451	133.1942
51.478154	130.7653
51.489572	131.2962
51.500991	139.5510
51.510126	133.2449
51.523828	131.7135
51.532963	136.2396
51.551233	129.9451
51.555800	136.3248
51.570294	131.0005
51.582372	131.4059
51.594450	133.4418
51.606528	130.0478
51.618606	130.0870
51.628269	133.8155
51.640347	132.0279
51.652425	132.0103
51.666918	129.0018
51.676581	131.2201
51.691075	129.6531
51.715231	131.4398
51.724893	131.4170
51.739387	129.2437
51.749049	131.9016
51.761127	128.3214
51.773205	131.3369
51.797361	129.5319
51.821517	129.8979
51.836011	126.1331
51.845674	127.2784
51.854999	128.5768
51.861215	132.5652
51.870540	127.9628
51.876756	124.6865
51.886081	125.2932
51.892297	125.6026
51.901622	124.6378
51.907839	124.4535
51.917163	125.9650
51.923380	125.7085
51.932704	125.0749
51.938921	126.8642
51.948245	126.0483
51.954462	124.3476
51.963786	124.6262
51.970002	126.3887
51.978766	127.0890
51.984609	125.2931
51.993372	121.0212
51.999215	118.2758
52.007979	119.3226
52.012360	119.5233
52.023343	119.1253
52.028580	119.5588
52.029691	119.5779
52.039213	119.7099
52.045561	118.0384
52.055082	117.1873
52.058517	114.3300
52.064242	114.4929
52.077983	115.8380
52.081876	113.1985
52.087143	114.4450
52.100884	116.0774
52.110044	115.9363
52.123784	117.2177
52.132945	118.3777
52.155846	113.8628
52.167296	115.1724
52.178747	114.9163
52.190197	116.9728
52.199138	110.1867
52.206292	116.5487
52.213445	112.1456
52.224175	115.7729
52.233295	114.3470
52.234904	110.2332
52.242058	119.8342
52.249211	113.1808
52.251174	112.9762
52.256238	117.1806
52.263224	112.5838
52.268638	112.3345
52.270210	107.0531
52.278942	114.9934
52.286103	104.8492
52.287675	106.0769
52.291168	115.0949
52.296407	112.5133
52.305140	104.5671
52.308632	113.0672
52.320858	111.1433
52.322604	108.6798
52.327844	121.9868
52.340069	116.6588
52.357534	110.2561
52.374998	108.7824
52.382382	111.3152
52.393931	107.3986
52.408699	113.5822
52.409078	110.4590
52.412865	108.0401
52.420438	111.8013
52.431798	109.4144
52.435016	111.9862
52.441264	114.0378
52.450731	106.7778
52.457736	113.2513
52.462091	115.4021
52.469664	112.2256
52.476517	115.4361
52.487699	110.1129
52.493109	110.3916
52.496175	116.1177
52.505733	110.8308
52.512947	112.7719
52.516915	112.6411
52.523768	111.5466
52.530982	113.1661
52.542181	113.1695
52.562254	108.0974
52.564000	106.5513
52.585819	112.7945
52.586692	109.6930
52.610038	110.9151
52.626188	112.6231
52.629203	113.9638
52.631508	116.8731
52.643922	115.3115
52.648178	113.8068
52.661655	116.5971
52.667152	114.4278
52.679388	114.1379
52.686304	114.0912
52.697121	116.1458
52.705456	117.4115
52.705988	120.5496
52.714854	119.3578
52.724608	116.8557
52.732588	118.4213
52.743582	117.0437
52.749956	117.0977
52.759868	130.0482
52.761685	119.9096
52.766475	116.8432
52.778038	124.4932
52.782994	118.4357
52.791253	121.5205
52.799512	121.2212
52.801164	122.8346
52.807772	121.8637
52.816031	120.9798
52.818344	120.6090
52.832550	122.5574
52.832880	129.0897
52.854711	128.8170
52.857440	127.3243
52.876542	129.6455
52.884039	124.1015
52.902385	126.7168
52.913189	126.7557
52.920732	125.2201
52.931128	128.4086
52.938501	124.4042
52.947077	127.8730
52.954253	126.8645
52.963927	127.6966
52.968853	129.5592
52.982559	130.0697
52.992411	128.7578
53.001406	130.8635
53.013827	129.1272
53.020038	129.6998
53.035243	130.1618
53.038456	129.6403
53.056660	133.5846
53.056874	129.3324
53.075506	130.2409
53.093924	128.2666
53.112342	129.3941
53.130760	127.2343
53.142325	131.5040
53.149178	131.7705
53.163741	130.2794
53.171237	129.7483
53.185158	130.4213
53.206574	129.2821
53.222483	131.3014
53.231154	131.8665
53.237386	133.5974
53.242805	131.5667
53.256359	135.8209
53.303021	132.8789
53.312354	131.0240
53.324952	131.3478
53.326352	130.3747
53.335685	132.5949
53.349683	130.8514
53.350616	131.8826
53.366015	132.1022
53.376280	129.9306
53.387013	132.9145
53.453039	131.6773
53.475670	132.9467
53.478703	134.4449
53.496668	135.6087
53.504367	134.3933
53.519999	137.6278
53.530031	137.7542
53.539124	138.6335
53.548008	140.6925
53.554500	140.3030
53.584278	138.5224
53.592090	139.3966
53.632126	137.8996
53.656050	141.8942
53.659093	142.4611
53.666836	144.0959
53.667818	143.7841
53.678520	144.1109
53.682998	145.1169
53.700385	142.5400
53.709521	142.8150
53.728973	143.1247
53.738993	143.2116
53.757561	143.9497
53.769685	145.1555
53.782841	144.5682
53.790322	146.7440
53.807090	146.1962
53.831338	145.4308
53.865131	147.2917
53.944772	146.7691
53.984282	144.3703
53.989575	144.4298
53.998650	144.9007
54.004699	143.7401
54.013018	144.2103
54.019824	144.3784
54.027386	145.4946
54.033436	144.7142
54.041754	146.3728
54.048560	145.6468
54.062567	142.3373
54.080154	144.9080
54.109916	141.9522
54.125248	141.2946
54.157265	140.7280
54.170342	139.9606
54.205065	140.6721
54.210927	140.3198
54.251512	138.1042
54.252414	137.8371
54.266393	137.8497
54.299763	136.3144
54.301116	136.1423
54.311036	135.7198
54.337191	133.9405
54.346210	133.4622
54.355229	134.3974
54.377776	133.4943
54.399421	131.9436
54.422870	131.0010
54.444064	130.0911
54.463455	129.8217
54.485512	127.9533
54.507569	126.6433
54.525215	124.4193
54.547673	124.9095
54.564517	119.4322
54.587777	121.5902
54.604220	118.1829
54.627881	120.3758
54.643522	112.9941
54.667985	116.7072
54.683225	109.5723
54.704079	114.2851
54.722527	107.6783
54.744183	120.5804
54.768633	106.7239
54.798516	111.3517
54.821878	100.3094
54.852848	111.6919
54.864514	100.1983
54.880625	107.4859
54.891735	104.3399
54.905624	107.5190
54.915623	101.8486
54.930623	105.9218
54.939233	98.3084
54.952844	102.2983
54.963121	95.4882
54.977844	103.6934
54.989916	95.8329
54.999062	99.0613
55.014427	100.7665
55.021378	93.4413
55.037474	101.0957
55.051010	101.6594
55.052474	117.1317
55.058327	106.6098
55.071939	102.1187
55.102417	101.1149
55.108631	105.1444
55.120467	95.9232
55.135262	104.0997
55.138221	110.3846
55.153016	107.0024
55.170771	109.9676
55.179648	104.4908
55.193851	109.2789
55.194443	104.4453
55.209238	108.0601
55.224033	103.1955
55.224329	109.4079
55.226992	106.2622
55.238829	103.3862
55.253624	104.5776
55.255103	101.9782
55.256583	103.7845
55.277296	105.6683
55.285581	104.5028
55.286173	108.9202
55.306887	107.4506
55.316060	103.0613
55.336477	106.9726
55.345354	109.1157
55.346538	106.2769
55.369231	112.7600
55.376230	106.6439
55.378680	109.3779
55.404226	107.5990
55.411224	109.9536
55.414724	106.0433
55.442719	110.2413
55.446569	106.6109
55.449718	104.1895
55.477714	107.9667
55.482263	108.4904
55.484712	105.6645
55.512708	109.2037
55.517607	106.3335
55.519707	107.4679
55.547702	105.8870
55.552951	107.1523
55.554701	106.6970
55.556451	109.6303
55.582696	109.3830
55.588296	103.0386
55.589484	104.7926
55.589781	106.1374
55.606705	103.8059
55.618582	106.6052
55.619176	108.2034
55.623332	104.8219
55.636694	107.3332
55.648570	104.1424
55.648867	106.0002
55.650055	112.9125
55.660928	105.6068
55.671800	109.5763
55.673250	104.8466
55.673250	103.2184
55.682673	102.8189
55.690888	98.8879
55.696203	104.6059
55.697412	106.2174
55.697653	100.7113
55.704418	103.3514
55.709734	102.1408
55.715291	108.2320
55.721573	102.6761
55.722164	103.1371
55.725315	102.8317
55.729648	103.4954
55.734178	106.6869
55.738510	103.4086
55.741268	104.8984
55.742055	103.5562
55.743040	103.5024
55.747373	102.8768
55.751903	101.9863
55.756236	106.2501
55.760765	104.0811
55.760962	107.5650
55.761356	106.0040
55.764901	103.0122
55.769234	107.3004
55.771204	107.9954
55.773370	134.6219
55.775536	108.2189
55.777506	105.0389
55.778491	103.9375
55.779672	108.6083
55.780657	104.9035
55.781839	106.0200
55.783808	108.3402
55.785975	96.6752
55.790110	105.6619
55.794443	105.0149
55.795625	106.1981
55.798579	106.1787
55.800352	107.4184
55.800746	111.3378
55.802912	106.4255
55.804881	100.9140
55.807048	107.9933
55.811184	108.3294
55.812759	108.4044
55.815517	111.3346
55.817486	108.8694
55.820982	102.0946
55.821618	109.2510
55.824478	107.0719
55.827656	107.3432
55.831153	113.3299
55.837509	111.4021
55.851494	115.2353
55.853400	113.6052
55.854990	112.6828
55.858486	113.8511
55.861664	113.7125
55.865160	116.8729
55.865160	113.8392
55.868656	116.8168
55.871834	112.0876
55.875331	115.9537
55.878827	118.2137
55.882005	118.5886
55.885183	111.7780
55.885501	116.1828
55.888997	122.4299
55.892175	120.7453
55.893129	104.7582
55.895671	126.5957
55.899168	119.4247
55.902664	113.4608
55.905842	104.2625
55.909338	123.8834
55.912834	125.1775
55.916012	110.7658
55.916966	109.6766
55.919509	107.7681
55.923005	85.2225
55.926183	108.3671
55.929679	108.8986
55.935686	113.5327
55.941570	109.0309
55.943139	104.0279
55.961183	109.3944
55.980796	111.9665
55.990602	106.5988
56.000409	110.5100
56.010216	109.2692
56.020022	107.1315
56.059248	110.0068
56.088668	113.5699
56.108281	113.0753
56.127894	111.3196
56.135739	113.3126
56.147507	116.9556
56.163818	108.9555
56.180128	108.2555
56.196439	109.3751
56.212749	110.6358
56.229060	113.8442
56.245370	112.8212
56.261681	105.9611
56.277991	111.0749
56.294302	109.0971
56.310612	106.3585
56.326923	110.3956
56.339971	109.8785
56.359544	109.8751
56.372592	109.7108
56.392165	111.1955
56.408475	111.9952
56.424786	113.8997
56.441096	113.1729
56.457407	112.5955
56.470455	114.6443
56.490028	116.0455
56.506338	116.5139
56.522649	112.4541
56.545483	121.5781
56.555270	121.8248
56.587891	116.3182
56.604201	121.6040
56.620512	118.2003
56.653133	121.2510
56.685754	119.3874
56.698802	123.2285
56.718375	135.9212
56.750996	124.6887
56.768497	122.9095
56.785998	124.0847
56.821000	124.4073
56.856000	130.5218
56.864569	125.3941
56.882685	123.9499
56.882930	121.4084
56.889050	119.7506
56.895170	121.5155
56.931892	118.8535
56.936789	119.4935
56.950253	122.0804
56.956374	115.4659
56.962494	119.1406
56.970930	114.4682
56.979367	115.1279
56.987803	113.9732
56.996240	119.6950
57.004676	117.9411
57.013113	119.5158
57.021549	116.4110
57.029986	120.5767
57.036735	120.1897
57.040110	121.4814
57.046859	117.8851
57.056983	120.3309
57.065419	116.1874
57.082292	116.9344
57.090729	122.0405
57.099165	117.0440
57.107602	122.5547
57.116038	121.1494
57.124475	121.8187
57.129537	120.2777
57.137973	118.1542
57.141348	124.0900
57.149784	120.8517
57.158221	125.7035
57.166657	113.9841
57.175094	121.1305
57.178468	116.3904
57.186905	114.7848
57.195341	122.2480
57.203778	118.5735
57.212214	116.9860
57.220651	124.7232
57.237524	119.5306
57.242308	127.8648
57.285364	127.8783
57.290148	127.9034
57.293338	128.8055
57.301311	129.3021
57.337989	131.8452
57.353936	133.7875
57.368504	132.0510
57.375099	133.4237
57.381694	131.4225
57.388289	133.1374
57.394884	131.9371
57.401479	133.6770
57.408074	133.2451
57.414669	133.9526
57.421264	134.1335
57.427859	134.1182
57.434454	135.7633
57.441048	136.3290
57.447643	136.8765
57.454238	135.3435
57.460833	139.0528
57.467428	136.2650
57.474023	137.9752
57.480618	138.2153
57.487213	139.1017
57.493808	138.2287
57.500403	136.3876
57.505679	138.9245
57.513593	138.5183
57.520188	139.1548
57.526782	139.7738
57.533377	140.3138
57.539972	141.1175
57.546567	142.6509
57.553162	141.7575
57.557119	142.0620
57.566352	144.0964
57.570309	143.4906
57.579542	140.9099
57.586137	141.2518
57.592732	141.8953
57.599327	142.7659
57.605922	141.6740
57.612517	143.5809
57.619111	144.5216
57.632301	143.2598
57.638896	145.0915
57.645491	144.7020
57.658681	144.4920
57.672603	144.1307
57.681006	144.6930
57.686607	145.4174
57.707613	145.8580
57.735620	144.0375
57.742622	145.4286
57.749624	145.8788
57.756625	143.9201
57.763627	146.1496
57.770629	144.0309
57.777631	146.8996
57.784633	144.6958
57.791635	142.5167
57.798637	143.0228
57.805638	142.1275
57.812640	143.6073
57.819642	142.1489
57.826644	142.8091
57.833646	142.4780
57.840648	143.6991
57.847649	141.3956
57.854651	144.8549
57.861653	141.6130
57.867255	145.6077
57.875657	140.3809
57.882659	140.5778
57.889661	139.8244
57.896662	141.7555
57.903664	139.9942
57.910666	140.5112
57.917668	137.6141
57.924670	140.8357
57.931672	138.9768
57.938673	140.7860
57.945675	137.5062
57.952677	137.3310
57.959679	140.5070
57.966681	140.8897
57.973683	135.0545
57.980685	137.3529
57.987686	136.4988
57.994688	135.6694
58.001690	142.9690
58.008692	134.7533
58.015694	137.1615
58.022696	134.4977
58.029697	132.2143
58.036699	135.0886
58.043701	133.6880
58.050703	135.6401
58.057705	162.0009
58.064707	132.9189
58.068488	131.1567
58.071709	133.5513
58.071709	133.2619
58.074089	130.4287
58.085712	132.0144
58.090894	130.5484
58.096495	129.9749
58.099716	130.1641
58.102097	127.3334
58.107698	127.6808
58.113299	127.9276
58.113720	127.1147
58.119041	128.3497
58.127737	127.0700
58.131023	126.4185
58.136241	125.7233
58.144937	125.7493
58.153440	123.4512
58.162137	125.4811
58.169674	124.6967
58.170833	122.6082
58.179336	125.8154
58.188033	122.9560
58.188999	123.7504
58.196536	121.7554
58.205232	122.3233
58.208324	143.1862
58.213929	120.0159
58.222432	120.0606
58.227650	126.0240
58.231128	121.5905
58.239631	119.2622
58.246975	121.0678
58.248328	119.7653
58.257024	120.7675
58.265527	119.6650
58.266300	120.0815
58.274224	117.4129
58.282727	121.9078
58.285626	126.2301
58.291423	118.2470
58.300120	117.5162
58.304951	120.2465
58.308623	118.8848
58.317319	118.6591
58.324277	123.6545
58.325823	123.1003
58.334519	118.3106
58.343602	120.2489
58.360608	116.5898
58.362927	125.4063
58.369498	119.0394
58.378388	116.5135
58.382253	133.5721
58.387277	118.8609
58.401578	125.8600
58.440229	120.9273
58.459554	127.0499
58.459941	121.4280
58.478268	120.7331
58.478638	120.2907
58.487718	117.4172
58.496799	123.3039
58.496984	117.9179
58.506249	119.5965
58.515329	125.0514
58.515515	117.9181
58.524780	122.9772
58.533860	122.2585
58.543311	118.9166
58.552391	125.4528
58.552391	119.5325
58.561656	115.8480
58.570922	120.5390
58.570922	118.9462
58.580187	120.1031
58.587599	122.0433
58.588340	123.8341
58.595011	119.2339
58.602424	121.0469
58.604647	123.5779
58.609836	119.9424
58.617248	120.3779
58.621140	124.5282
58.624661	122.5965
58.632073	118.8972
58.637447	124.0219
58.639485	120.6034
58.646898	123.3867
58.653754	123.9424
58.654310	118.4768
58.661722	122.7157
58.669134	119.9185
58.670617	124.1331
58.676547	120.6188
58.683959	123.8481
58.688221	125.8838
58.691371	120.8034
58.698784	122.5307
58.705825	127.8863
58.706196	122.6907
58.713608	123.5279
58.721020	121.5867
58.723429	125.3013
58.728433	122.1424
58.735845	123.9519
58.741034	122.6068
58.743257	122.2870
58.750670	124.5553
58.758082	121.8450
58.758638	129.6335
58.765494	118.7288
58.772907	124.7804
58.776242	123.9465
58.780319	120.9351
58.787731	123.2374
58.793846	128.0370
58.795143	123.8294
58.802556	124.0738
58.809968	122.4727
58.811450	124.2926
58.817380	120.4175
58.824793	122.2028
58.829055	128.3780
58.832205	122.4664
58.839617	125.3519
58.846659	130.1463
58.847029	121.9793
58.854442	122.8848
58.863899	121.2902
58.879490	118.0822
58.895081	118.3548
58.910671	120.1081
58.926262	119.3964
58.941853	123.7225
58.957444	122.3802
58.973035	122.3581
58.988626	122.0325
59.004217	120.1613
59.019808	117.9661
59.035399	116.9807
59.050990	118.1257
59.066580	113.8366
59.082171	115.8991
59.097762	115.5800
59.113353	116.4442
59.128944	118.9756
59.164967	119.8765
59.182979	121.6449
59.200991	118.3170
59.219002	123.2116
59.255026	119.3148
59.273036	115.7978
59.285353	117.3855
59.297670	115.4790
59.309987	117.5136
59.359254	116.8028
59.371571	115.0688
59.379656	118.9872
59.387740	115.6951
59.395825	120.3170
59.403909	120.5671
59.411994	117.0368
59.420079	115.9266
59.428163	117.4759
59.436248	115.1478
59.444333	114.9312
59.460502	117.4599
59.468586	116.7791
59.476671	113.7960
59.486514	115.4736
59.496357	116.3379
59.506200	118.0523
59.516043	117.8391
59.525886	117.6844
59.535729	115.9152
59.545572	116.6707
59.555415	119.0189
59.565258	116.4239
59.575101	114.3265
59.584944	116.4797
59.594787	115.8318
59.604630	110.9847
59.614473	115.6666
59.624316	116.0034
59.666888	111.6509
59.679930	115.5286
59.692726	114.8420
59.705522	117.9286
59.715365	118.4170
59.725208	115.9752
59.735051	121.4454
59.744894	123.3310
59.754737	120.2206
59.764580	117.0006
59.772001	117.3957
59.779422	114.7845
59.786843	115.7738
59.794264	119.2648
59.801685	118.0757
59.809106	117.5956
59.816527	117.3824
59.823948	116.1457
59.831369	117.6653
59.838790	119.2416
59.846211	118.2170
59.853632	114.9226
59.861053	115.8033
59.868474	120.5798
59.875895	119.0441
59.883316	122.5300
59.890737	124.2992
59.898158	123.6955
59.905579	120.5577
59.913000	122.0396
59.920421	122.9434
59.927842	119.3433
59.935263	119.2802
59.942684	119.3911
59.952404	117.2321
59.962123	118.4128
59.971843	123.8387
59.981563	120.6533
59.991283	122.0790
60.001002	125.0662
60.010722	121.3204
60.020442	122.8970
60.030162	122.0792
60.039881	122.6541
60.049601	118.4896
60.059321	122.5679
60.069041	122.0258
60.078760	121.8735
60.088480	123.4624
60.098200	125.7173
60.107920	124.3280
60.117639	126.6486
60.127359	127.8337
60.137079	123.5760
60.146799	124.1396
60.153635	124.8892
60.160471	125.7407
60.167307	124.2897
60.174143	124.5167
60.180979	124.1217
60.181491	125.4276
60.187814	125.0752
60.187985	123.8379
60.193625	127.1393
60.194650	128.0068
60.199435	125.8012
60.201486	122.7850
60.205075	123.8804
60.208322	125.2724
60.210885	128.4858
60.215158	124.9415
60.216525	128.5561
60.222335	125.9405
60.228146	128.6537
60.233786	129.8604
60.239596	125.7599
60.245236	128.8741
60.251046	128.7256
60.256686	128.9991
60.262496	124.7326
60.268136	124.4246
60.273946	129.6473
60.279586	129.9913
60.285396	128.4741
60.291036	126.8420
60.296846	129.3641
60.302486	130.3628
60.308296	129.0597
60.314449	129.7016
60.320601	131.8780
60.326753	129.9681
60.332905	128.5730
60.339058	132.1608
60.345039	135.5564
60.351191	131.2747
60.357344	130.2964
60.363496	130.4520
60.369648	129.6709
60.375800	131.9038
60.381782	133.0502
60.387934	131.2725
60.394086	130.4534
60.412543	134.0658
60.418525	133.5871
60.424677	131.0451
60.430829	133.0510
60.445526	131.7696
60.452875	133.2308
60.460052	132.5334
60.467401	133.1561
60.482098	134.0097
60.494653	133.4768
60.507208	135.4405
60.519471	134.3046
60.532026	137.0154
60.544581	135.5077
60.557136	133.1671
60.569691	136.1062
60.582246	135.0667
60.619619	135.5910
60.644729	137.0441
60.694657	135.1393
60.719767	133.5534
60.732322	135.2552
60.744585	133.7818
60.807360	133.3625
61.007365	137.7725
61.019920	135.8069
61.032475	143.1456
61.044738	139.9507
61.057293	138.7188
61.069848	141.1052
61.167660	145.6941
61.179339	144.7067
61.191018	142.4994
61.204329	146.5883
61.217640	146.4389
61.230951	147.1584
61.244262	144.5891
61.284195	145.9611
61.297506	145.2838
61.310818	146.3883
61.324129	147.3125
61.337440	148.9733
61.350751	148.7885
61.364062	148.4806
61.377373	147.0926
61.383930	148.1755
61.390488	148.3958
61.397045	148.7093
61.403603	148.2110
61.410160	149.0666
61.416717	149.7246
61.423275	149.2484
61.429832	148.8980
61.436390	149.6594
61.442947	146.8766
61.449504	147.6797
61.456062	147.1850
61.462619	147.0430
61.469177	149.1695
61.475734	149.1860
61.482291	146.5810
61.488849	146.2796
61.495406	146.9537
61.501964	147.5786
61.515078	147.5827
61.521636	147.4673
61.528193	146.6918
61.534751	147.3467
61.541308	147.0449
61.547865	145.3342
61.560980	150.2672
61.567538	149.6844
61.574095	145.3118
61.580653	146.4063
61.587210	147.4893
61.593767	147.3188
61.600325	145.8040
61.606882	148.3279
61.613440	148.8041
61.619997	148.7264
61.626554	147.2632
61.639669	148.4562
61.646227	149.9509
61.659341	150.1849
61.672292	149.9203
61.678850	148.6602
61.685118	149.1562
61.691547	151.0709
61.697977	152.6646
61.704245	150.9883
61.710675	149.1976
61.716943	150.1330
61.723373	148.2982
61.729641	147.8094
61.736070	147.3417
61.742339	149.2002
61.748768	149.0062
61.755037	151.6417
61.761466	150.0930
61.767735	148.4949
61.774164	147.4926
61.780593	147.9772
61.786862	145.7932
61.793291	148.2654
61.805989	146.9137
61.812258	145.6381
61.824956	147.5389
61.831385	147.6864
61.837653	146.8717
61.844083	150.0719
61.850351	149.4530
61.856781	149.4873
61.863210	149.7876
61.869479	149.2933
61.875908	148.9978
61.882176	150.5858
61.888606	150.4363
61.894874	149.5566
61.901304	147.8264
61.907572	149.7800
61.914001	148.5138
61.920270	149.2451
61.926699	150.1973
61.932968	148.8316
61.939397	147.2872
61.941326	147.7281
61.945641	147.3262
61.949019	147.8670
61.952208	146.9334
61.957462	145.9391
61.958963	148.7370
61.965530	148.1346
61.966093	148.4778
61.972097	150.0158
61.974536	151.4109
61.978664	149.8263
61.983167	148.5301
61.985231	149.6697
61.991798	149.7547
61.991798	147.5090
61.998553	148.9323
62.000241	149.2935
62.005120	150.2730
62.008872	149.7519
62.011687	148.9345
62.017316	152.4310
62.018254	150.0002
62.024821	150.7192
62.025947	152.5692
62.031388	150.0983
62.037955	150.3619
62.041520	150.0854
62.043771	152.7270
62.047899	150.3344
62.049588	151.5233
62.054466	150.0502
62.055592	149.7083
62.060845	151.8768
62.061408	150.3913
62.067225	149.9493
62.067412	151.0960
62.073229	152.4695
62.073604	150.7809
62.079045	149.9813
62.080171	147.8738
62.085050	149.5939
62.086551	147.9688
62.090866	152.9087
62.092930	151.7158
62.097769	151.6596
62.100764	153.1799
62.106525	151.9486
62.108829	152.5660
62.115742	149.8425
62.116664	148.5151
62.124498	148.3317
62.134406	146.1792
62.144775	146.0897
62.155145	145.3993
62.165514	145.2064
62.175883	146.9116
62.186252	148.1278
62.196621	147.5783
62.206760	145.2176
62.216668	147.1256
62.226807	146.4646
62.236715	146.2098
62.246623	145.4159
62.256762	147.6518
62.266670	146.6343
62.276809	145.0747
62.286717	146.7592
62.296625	147.3468
62.306764	148.3130
62.316672	146.5692
62.326580	146.6637
62.336719	153.6820
62.346627	146.0130
62.356766	148.5888
62.366674	147.8562
62.376582	150.4486
62.386721	147.1832
62.396629	146.6456
62.406537	150.9969
62.416676	148.1705
62.426584	152.0215
62.436723	150.1833
62.446631	150.4959
62.456540	150.3136
62.480273	153.5192
62.504468	153.4742
62.518613	154.2909
62.534062	153.0159
62.549807	152.1723
62.563473	157.0936
62.566741	155.1019
62.575356	155.4786
62.578624	153.2735
62.587239	155.8498
62.590507	158.9465
62.599123	156.7206
62.602390	157.2603
62.611006	157.1878
62.613977	157.6659
62.622889	156.9679
62.625860	156.5719
62.634772	158.3819
62.637743	158.9080
62.646656	157.6680
62.649626	158.5693
62.658539	159.6428
62.661510	158.9292
62.673393	159.5969
62.697160	160.1664
62.732809	161.0349
62.744693	162.5661
62.756576	161.4771
62.768459	161.6847
62.780342	163.0144
62.815992	165.9320
62.827875	164.0443
62.839759	166.4448
62.851642	167.2040
62.863525	168.4842
62.875409	166.7458
62.887292	166.9806
62.899175	165.9983
62.911058	166.5340
62.923310	168.3310
62.935930	168.4348
62.948550	167.8038
62.961171	168.1355
62.973791	168.7124
62.986411	168.1631
62.999031	168.9489
63.011651	169.3975
63.024272	170.0413
63.036892	170.5588
63.049512	170.9013
63.062132	170.8095
63.074752	170.9821
63.087373	171.0801
63.099993	172.1397
63.112613	173.5230
63.125233	173.4392
63.137853	174.1389
63.150473	173.5195
63.163094	174.0770
63.175714	175.4230
63.188334	175.5543
63.200954	175.4029
63.213574	175.9848
63.226195	173.9852
63.238815	177.9143
63.251435	178.3995
63.264055	177.9410
63.276675	177.0776
63.289295	177.9472
63.301916	178.4954
63.314536	180.3208
63.330892	180.3343
63.358455	179.9648
63.386018	180.2089
63.413581	180.9087
63.441144	180.4762
63.468707	182.3388
63.496270	181.5251
63.523833	181.9895
63.551396	182.3191
63.578959	181.7198
63.606522	181.6044
63.634085	181.5004
63.661648	182.0621
63.689211	182.2848
63.709997	181.0784
63.724001	181.7238
63.738002	181.2731
63.752002	181.3725
63.766001	180.2122
63.780000	180.5797
63.794000	181.5283
63.807999	180.8219
63.842875	180.1699
63.854500	179.9692
63.866125	179.5606
63.877751	180.2202
63.889376	179.5201
63.901001	179.0005
63.909280	179.4854
63.917559	178.8942
63.925838	178.0470
63.934118	177.8854
63.942397	177.5637
63.950676	178.2681
63.958955	177.6432
63.967234	176.3117
63.975513	176.8634
63.983793	176.6303
63.992720	176.3629
64.003592	176.4803
64.014464	175.8989
64.025336	176.0825
64.036208	176.1243
64.047080	175.3045
64.057952	175.5684
64.068824	174.1228
64.079696	175.0787
64.090568	173.5080
64.103245	173.2469
64.117727	174.2225
64.146690	172.6418
64.161172	174.1504
64.175653	172.7266
64.190135	172.1939
64.204563	171.0757
64.218829	172.1662
64.247362	172.9878
64.261629	172.2744
64.275896	173.5741
64.290162	173.3668
64.304429	174.5184
64.317483	174.0290
64.330132	173.4922
64.342782	174.1106
64.355431	173.8417
64.368081	175.5099
64.380730	174.5668
64.393379	175.2950
64.406029	174.5038
64.418678	176.8308
64.469145	177.5959
64.498572	178.0101
64.528000	179.3749
64.541807	176.8202
64.555613	178.1953
64.569420	178.3632
64.597034	177.9127
64.610840	178.4810
64.624647	178.3368
64.637085	179.0571
64.645419	178.9553
64.653752	179.2753
64.662086	178.9415
64.670419	179.3509
64.678752	179.3385
64.687086	179.4968
64.695419	178.8941
64.703753	179.7139
64.712086	179.2631
64.720420	178.9135
64.728753	179.2542
64.737208	179.2468
64.746026	178.3656
64.754844	179.1099
64.763662	178.9092
64.772480	178.4618
64.781298	178.9000
64.790116	178.7839
64.798934	178.8481
64.807752	179.0230
64.816570	179.1899
64.825388	178.9057
64.835847	180.0552
64.851231	180.2077
64.866614	179.8512
64.881998	179.7589
64.897382	180.4096
64.928149	180.2213
64.939020	180.7670
64.948384	180.5187
64.957748	180.3428
64.967112	180.7225
64.976476	180.2686
64.985840	180.9649
64.995204	181.3300
65.004568	180.6869
65.013932	181.6018
65.023297	181.2490
65.032661	181.9396
65.039550	181.7174
65.045612	182.4202
65.051675	181.4098
65.057738	181.2409
65.063800	181.4878
65.069863	181.4648
65.075926	181.7064
65.081988	182.0321
65.088051	182.5674
65.094114	182.3230
65.100176	182.3930
65.106239	182.1129
65.111696	181.1437
65.117000	181.9549
65.118668	181.9185
65.125033	181.6261
65.131248	181.1347
65.135109	180.9364
65.151125	181.0199
65.153191	181.0252
65.171273	182.1742
65.172307	181.7070
65.189355	181.6144
65.193489	181.4150
65.207438	182.3204
65.214154	182.0186
65.225237	181.1353
65.229491	180.3586
65.233510	179.3393
65.239655	179.8610
65.241546	180.2752
65.250056	179.7035
65.260220	179.1455
65.269202	180.3717
65.278184	178.6044
65.287166	178.0563
65.296385	178.2587
65.305367	177.7082
65.314349	177.5350
65.323331	177.9092
65.334659	176.5810
65.349601	177.0430
65.364542	176.9249
65.423903	175.4563
65.435922	173.0684
65.441855	173.4916
65.465586	173.0217
65.477452	173.4711
65.483224	173.6483
65.489157	172.3360
65.495090	171.7141
65.501022	171.6842
65.506955	172.2982
65.512888	172.1810
65.518821	172.5728
65.524754	171.2593
65.532424	170.9070
65.541551	171.0599
65.550678	170.7731
65.559804	171.1997
65.568931	170.9281
65.578058	169.9070
65.587185	170.3516
65.596311	170.8443
65.612260	169.9640
65.636772	170.4105
65.661283	168.6249
65.685795	169.3184
65.707937	168.8085
65.715999	170.4382
65.724249	169.9890
65.732311	167.8759
65.748623	168.5076
65.893784	167.5862
65.902394	167.3068
65.911003	167.4105
66.031338	173.3145
66.040672	174.2614
66.050005	174.6037
66.059338	176.0963
66.087337	177.8488
66.096670	177.8775
66.106003	179.4140
66.110670	177.6441
66.115336	179.0050
66.120003	178.7889
66.124574	180.3086
66.129146	180.2955
66.133717	179.5492
66.138288	179.5061
66.142860	179.3402
66.147431	179.9801
66.152002	180.4365
66.156574	179.1215
66.161145	182.2252
66.165716	181.2962
66.170288	181.8680
66.174859	181.3146
66.179430	179.0140
66.184001	181.7964
66.188573	180.4025
66.193144	182.8471
66.197715	182.2987
66.206858	182.6813
66.211429	182.6359
66.216001	181.8968
66.218943	182.4598
66.221884	185.0295
66.224825	182.1171
66.227766	183.1129
66.230707	182.9584
66.233648	182.7567
66.236590	182.9301
66.239531	182.1886
66.245413	181.6429
66.251295	180.6039
66.257178	181.9772
66.263060	181.4617
66.268942	181.4475
66.274824	182.8716
66.280707	183.4370
66.286589	182.1222
66.292471	184.3212
66.298354	185.8483
66.304236	187.0902
66.310118	183.6048
66.316001	184.1341
66.385432	178.7705
66.392375	180.4090
66.399318	179.8412
66.406261	180.6944
66.423554	175.6784
66.459112	167.6393
66.494671	163.3307
66.503560	161.6384
66.512426	161.7000
66.521268	163.7511
66.530110	158.4153
66.565479	151.7204
66.574321	149.4481
66.592005	150.6214
66.598300	149.5984
66.610889	143.2637

