Age (Ma),time,ridge_outflux_min,ridge_outflux_mean,ridge_outflux_max,subduction_outflux_min,subduction_outflux_mean,subduction_outflux_max,carbonate_platform_outflux_min,carbonate_platform_outflux_mean,carbonate_platform_outflux_max,rift_outflux_non_biased_min,rift_outflux_non_biased_mean,rift_outflux_non_biased_max,rift_outflux_biased_min,rift_outflux_biased_mean,rift_outflux_biased_max,intraplate_volcanism_outflux_min,intraplate_volcanism_outflux_mean,intraplate_volcanism_outflux_max,gross_atmospheric_outflux_no_rift_min,gross_atmospheric_outflux_no_rift_mean,gross_atmospheric_outflux_no_rift_max,gross_atmospheric_outflux_unbiased_rift_min,gross_atmospheric_outflux_unbiased_rift_mean,gross_atmospheric_outflux_unbiased_rift_max,gross_atmospheric_outflux_biased_rift_min,gross_atmospheric_outflux_biased_rift_mean,gross_atmospheric_outflux_biased_rift_max,net_atmospheric_influx_unbiased_and_sed_min,net_atmospheric_influx_unbiased_and_sed_mean,net_atmospheric_influx_unbiased_and_sed_max,net_atmospheric_influx_biased_and_sed_min,net_atmospheric_influx_biased_and_sed_mean,net_atmospheric_influx_biased_and_sed_max,gross_upper_plate_influx_with_sed_min,gross_upper_plate_influx_with_sed_mean,gross_upper_plate_influx_with_sed_max
0,0.0,10.137169948000825,13.321974810342496,16.506779672684168,16.5,16.5,19.252090765651687,66.46976534509676,87.48777505194842,107.63038876954202,13.0,14.5,16.0,13.0,14.5,16.0,3.0,6.0,9.0,96.10693529309759,123.30974986229091,152.38925920787787,109.10693529309759,137.80974986229091,168.38925920787787,109.10693529309759,137.80974986229091,168.38925920787787,-64.08991595987172,-31.424213110684974,4.513696021643966,-64.08991595987172,-31.424213110684974,4.513696021643966,165.27107469298247,169.2339629729759,174.59236275971787
1,1.0,10.38262159622744,13.58730305334458,16.791984510461717,17.50424647305986,17.50424647305986,20.49946378485233,68.91497873542896,87.48777505194842,107.63038876954202,13.0,14.5,16.0,13.0,14.5,16.0,3.0,6.0,9.0,99.80184680471626,124.57932457835287,153.92183706485608,112.80184680471626,139.07932457835287,169.92183706485608,112.80184680471626,139.07932457835287,169.92183706485608,-63.696646619747156,-33.425249103174195,2.8917650700827267,-63.696646619747156,-33.425249103174195,2.8917650700827267,168.5106539385907,172.50457368152706,177.97907536828077
2,2.0,10.38262159622744,13.58730305334458,16.791984510461717,17.50424647305986,17.50424647305986,20.17687807470111,68.91497873542896,87.48777505194842,107.63038876954202,13.0,14.5,16.0,13.0,14.5,16.0,3.0,6.0,9.0,99.80184680471626,124.57932457835287,153.59925135470485,112.80184680471626,139.07932457835287,169.59925135470485,112.80184680471626,139.07932457835287,169.59925135470485,-64.54674094352683,-34.17586560928788,1.890527812461528,-64.54674094352683,-34.17586560928788,1.890527812461528,169.1617926270384,173.25519018764075,178.80165683303818
3,3.0,10.462230788021891,13.637921913100929,16.81361303817996,17.52151869768308,17.52151869768308,20.16375688118145,68.91497873542896,87.63309399298177,111.10416239384423,13.0,14.5,16.0,13.0,14.5,16.0,3.0,6.0,9.0,99.89872822113394,124.79253460376577,157.08153231320563,112.89872822113394,139.29253460376577,173.08153231320563,112.89872822113394,139.29253460376577,173.08153231320563,-127.40695576881497,-97.0280890533605,-57.71050280271672,-127.40695576881497,-97.0280890533605,-57.71050280271672,232.33556332430365,236.32062365712628,241.8492121983302
4,4.0,10.473164142400222,13.637921913100929,16.81361303817996,16.51727222462322,16.51727222462322,19.313168193572313,68.91497873542896,92.204333870002,115.77512317236965,13.0,14.5,16.0,13.0,14.5,16.0,3.0,6.0,9.0,98.9054151024524,128.35952800772617,160.90190440412192,111.9054151024524,142.85952800772617,176.90190440412192,111.9054151024524,142.85952800772617,176.90190440412192,-128.93125544655288,-93.78731812676182,-54.19071096325385,-128.93125544655288,-93.78731812676182,-54.19071096325385,232.4570217199707,236.646846134488,242.2010769016002
5,5.0,10.473164142400222,13.637921913100929,16.81361303817996,16.07311405167598,16.07311405167598,18.651232984355797,69.38799620284993,98.68339847517952,121.53029443875847,13.0,14.5,16.0,13.0,14.5,16.0,3.0,6.0,9.0,98.93427439692613,134.39443443995643,165.99514046129423,111.93427439692613,148.89443443995643,181.99514046129423,111.93427439692613,148.89443443995643,181.99514046129423,-128.6029920819687,-87.4854928184869,-48.87936681126115,-128.6029920819687,-87.4854928184869,-48.87936681126115,232.22258803799184,236.37992725844333,241.88534724433129
6,6.0,10.473164142400222,13.637921913100929,16.81361303817996,15.65736065113772,15.65736065113772,18.292159906406123,72.16564199848071,100.92245012700737,123.85919903125496,17.302345862038894,19.298770384581843,21.29519490712479,17.302345862038894,19.298770384581843,21.29519490712479,3.0,6.0,9.0,101.29616679201865,136.217732691246,167.96497197584102,118.59851265405754,155.51650307582784,189.26016688296582,118.59851265405754,155.51650307582784,189.26016688296582,-120.31576151034619,-79.21042193728215,-39.98013596263698,-120.31576151034619,-79.21042193728215,-39.98013596263698,230.53957586181625,234.72692501311,240.21354718061718
7,7.0,10.587971794871455,13.759209940144116,16.93044808541678,15.411378780198214,15.411378780198214,18.10667770919118,72.16564199848071,102.0039546087372,124.50537374168228,17.302345862038894,19.298770384581843,21.29519490712479,17.302345862038894,19.298770384581843,21.29519490712479,3.0,6.0,9.0,101.16499257355038,137.17454332907954,168.54249953629022,118.46733843558927,156.47331371366138,189.83769444341502,118.46733843558927,156.47331371366138,189.83769444341502,-120.12135417090273,-77.98873423307239,-39.187077346959086,-120.12135417090273,-77.98873423307239,-39.187077346959086,230.33540328697555,234.46204794673378,239.89932410309345
8,8.0,10.84753051237613,14.10169255866403,17.313026590593662,15.061647438630244,15.061647438630244,17.75694636762321,72.35471365553478,102.0670013067988,125.84379125973928,17.302345862038894,19.298770384581843,21.29519490712479,17.302345862038894,19.298770384581843,21.29519490712479,3.0,6.0,9.0,101.26389160654115,137.2303413040931,169.91376421795616,118.56623746858004,156.52911168867493,191.20895912508095,118.56623746858004,156.52911168867493,191.20895912508095,-122.54514357210836,-80.22182064057114,-39.891851780417255,-122.54514357210836,-80.22182064057114,-39.891851780417255,232.39048361780374,236.75093232924607,242.40105375299393
9,9.0,11.08879677404108,14.200911682317372,17.355854604951926,14.590998191905033,14.590998191905033,17.346114951831552,72.35471365553478,102.0670013067988,125.84379125973928,17.302345862038894,19.298770384581843,21.29519490712479,17.302345862038894,19.298770384581843,21.29519490712479,3.0,6.0,9.0,101.0345086214809,136.8589111810212,169.54576081652277,118.33685448351979,156.15768156560304,190.84095572364757,118.33685448351979,156.15768156560304,190.84095572364757,-122.4237452397132,-80.36356364049757,-40.097044302513495,-122.4237452397132,-80.36356364049757,-40.097044302513495,232.28189068896825,236.52124520610062,242.10449038604017
10,10.0,11.264242816187672,14.325623501088334,17.387004185988996,13.627858051924193,13.627858051924193,16.44597988096751,72.35471365553478,102.0670013067988,125.84379125973928,17.890163076654748,19.954412662422605,22.01866224819046,17.890163076654748,19.954412662422605,22.01866224819046,3.0,6.0,9.0,100.24681452364665,136.02048285981132,168.67677532669578,118.13697760030139,155.97489552223394,190.69543757488623,118.13697760030139,155.97489552223394,190.69543757488623,-124.28369627883474,-82.2022902377442,-41.68209944622592,-124.28369627883474,-82.2022902377442,-41.68209944622592,233.93369764082013,238.17718575997813,243.9768344988441
11,11.0,11.326689822804214,14.43638081136005,17.546071799915886,13.713849438389477,13.713849438389477,16.531971267432795,72.35471365553478,102.0670013067988,125.84379125973928,17.890163076654748,19.954412662422605,22.01866224819046,17.890163076654748,19.954412662422605,22.01866224819046,3.0,6.0,9.0,100.39525291672848,136.2172315565483,168.92183432708796,118.28541599338322,156.17164421897093,190.94049657527842,118.28541599338322,156.17164421897093,190.94049657527842,-123.02536839717965,-80.91376134506044,-40.37325598900827,-123.02536839717965,-80.91376134506044,-40.37325598900827,232.86002673749985,237.08540556403136,242.85705856377604
12,12.0,11.730859258414554,14.81404342058492,17.897227582755285,12.834701600163063,12.834701600163063,15.652823429206379,72.35471365553478,102.0670013067988,125.84379125973928,17.890163076654748,19.954412662422605,22.01866224819046,17.890163076654748,19.954412662422605,22.01866224819046,3.0,6.0,9.0,99.9202745141124,135.71574632754678,168.39384227170095,117.81043759076715,155.6701589899694,190.4125045198914,117.81043759076715,155.6701589899694,190.4125045198914,-120.67767695271294,-78.59257672697919,-38.07857819731251,-120.67767695271294,-78.59257672697919,-38.07857819731251,230.03735689041707,234.26273571694858,240.03438871669326
13,13.0,11.75117982040044,14.839505870174593,17.927831919948755,12.264598070982673,12.264598070982673,15.067771345772359,72.62582089521277,102.0670013067988,125.84379125973928,17.890163076654748,19.954412662422605,22.01866224819046,17.890163076654748,19.954412662422605,22.01866224819046,3.0,6.0,9.0,99.64159878659588,135.17110524795606,167.8393945254604,117.53176186325062,155.12551791037868,189.85805677365084,117.53176186325062,155.12551791037868,189.85805677365084,-119.05825290775833,-77.24435809489825,-36.53237294553131,-119.05825290775833,-77.24435809489825,-36.53237294553131,228.1497372395449,232.36987600527692,238.3493222913717
14,14.0,11.974183093446474,15.205732739543285,18.437282385640092,12.096345420674481,12.096345420674481,14.875559697009555,76.96064538423856,102.0039546087372,125.84379125973928,17.890163076654748,19.954412662422605,22.01866224819046,17.890163076654748,19.954412662422605,22.01866224819046,3.0,6.0,9.0,104.03117389835951,135.30603276895496,168.15663334238891,121.92133697501426,155.26044543137758,190.17529559057937,121.92133697501426,155.26044543137758,190.17529559057937,-116.14677784323989,-78.44851652509482,-37.815986308342474,-116.14677784323989,-78.44851652509482,-37.815986308342474,229.34980909469064,233.7089619564724,239.42664201402295
15,15.0,12.41027216771491,15.66498518169198,18.91969819566905,11.520146023645951,11.520146023645951,14.23386925329207,78.19802701590622,102.0039546087372,125.84379125973928,17.890163076654748,19.954412662422605,22.01866224819046,17.890163076654748,19.954412662422605,22.01866224819046,3.0,6.0,9.0,105.12844520726708,135.18908581407513,167.9973587087004,123.01860828392182,155.14349847649774,190.01602095689086,123.01860828392182,155.14349847649774,190.01602095689086,-114.1558155301253,-77.59719468998478,-36.701640379797055,-114.1558155301253,-77.59719468998478,-36.701640379797055,228.3069625189179,232.74069316648252,238.76372499627712
16,16.0,12.467026129684449,15.78728846440466,19.092555208791953,11.085830169286483,11.085830169286483,13.509564757233232,78.19802701590622,102.0039546087372,125.84379125973928,17.890163076654748,19.954412662422605,22.01866224819046,17.890163076654748,19.954412662422605,22.01866224819046,3.0,6.0,9.0,104.75088331487714,134.87707324242834,167.44591122576446,122.64104639153189,154.83148590485095,189.4645734739549,122.64104639153189,154.83148590485095,189.4645734739549,-114.86119031602774,-78.13604431594942,-37.355207484502415,-114.86119031602774,-78.13604431594942,-37.355207484502415,228.4328237340411,232.96753022080037,239.1152794831434
17,17.0,12.532338235882673,15.812446722337311,19.107550799124876,10.67969297478834,10.67969297478834,13.005165499738842,78.19802701590622,101.79012402419184,122.33550422416458,17.890163076654748,19.954412662422605,22.01866224819046,17.890163076654748,19.954412662422605,22.01866224819046,3.0,6.0,9.0,104.41005822657723,134.2822637213175,163.44822052302828,122.30022130323198,154.2366763837401,185.46688277121874,122.30022130323198,154.2366763837401,185.46688277121874,-112.87611848067067,-76.56384791267524,-39.17515059825294,-112.87611848067067,-76.56384791267524,-39.17515059825294,226.42470880892805,230.80052429641535,236.95901522335902
18,18.0,12.71169881407542,16.003901268676785,19.29610372327815,10.627495454276378,10.627495454276378,12.614855018180572,76.96064538423856,101.30092400435888,122.10518682889465,17.890163076654748,19.954412662422605,22.01866224819046,17.890163076654748,19.954412662422605,22.01866224819046,3.0,6.0,9.0,103.29983965259035,133.93232072731203,163.01614557035336,121.1900027292451,153.88673338973464,185.0348078185438,121.1900027292451,153.88673338973464,185.0348078185438,-114.17903820052837,-77.04730216202321,-39.69614513446757,-114.17903820052837,-77.04730216202321,-39.69614513446757,226.49903017374226,230.93403555175786,237.13711815050434
19,19.0,12.71169881407542,16.003901268676785,19.29610372327815,10.62250736847163,10.62250736847163,12.609866932375827,76.96064538423856,101.30092400435888,122.10518682889465,17.890163076654748,19.954412662422605,22.01866224819046,17.890163076654748,19.954412662422605,22.01866224819046,3.0,6.0,9.0,103.29485156678561,133.9273326415073,163.01115748454862,121.18501464344035,153.8817453039299,185.02981973273907,121.18501464344035,153.8817453039299,185.02981973273907,-114.35231696153664,-77.07126383566492,-39.81283140908579,-114.35231696153664,-77.07126383566492,-39.81283140908579,226.36868667421265,230.95300913959483,237.0633671373648
20,20.0,12.71169881407542,16.003901268676785,19.29610372327815,9.88995356649959,9.88995356649959,11.877313130403788,76.96064538423856,101.30092400435888,122.10518682889465,17.890163076654748,19.954412662422605,22.01866224819046,17.890163076654748,19.954412662422605,22.01866224819046,3.0,6.0,9.0,102.56229776481356,133.19477883953525,162.27860368257657,120.45246084146831,153.14919150195786,184.29726593076703,120.45246084146831,153.14919150195786,184.29726593076703,-115.3959041070012,-78.10683928425382,-40.79342996974006,-115.3959041070012,-78.10683928425382,-40.79342996974006,226.66369662395385,231.25603078621168,237.42136567191628
21,21.0,12.862772202289651,16.09080592689126,19.318839651492866,9.879806702398202,9.879806702398202,11.88531891261596,75.64520638935018,99.86459577635428,122.10518682889465,17.890163076654748,19.954412662422605,22.01866224819046,17.890163076654748,19.954412662422605,22.01866224819046,3.0,6.0,9.0,101.38778529403803,131.83520840564375,162.30934539300347,119.27794837069277,151.78962106806637,184.32800764119392,119.27794837069277,151.78962106806637,184.32800764119392,-119.17948155030214,-82.20235490376348,-43.15240064589713,-119.17948155030214,-82.20235490376348,-43.15240064589713,229.52652202266478,233.99197597182985,240.50354365656864
22,22.0,12.99453688043342,16.242445035924504,19.490353191415572,9.771561544530906,9.771561544530906,11.476130129102351,71.41735130745266,99.86459577635428,122.10518682889465,17.890163076654748,19.954412662422605,22.01866224819046,17.890163076654748,19.954412662422605,22.01866224819046,3.0,6.0,9.0,97.18344973241699,131.8786023568097,162.07167014941257,115.07361280907173,151.8330150192323,184.09033239760302,115.07361280907173,151.8330150192323,184.09033239760302,-125.33445940539386,-84.15213978527282,-45.54075626659062,-125.33445940539386,-84.15213978527282,-45.54075626659062,231.56223739454467,235.98515480450513,242.33922094481662
23,23.0,13.102851793896743,16.349699065103255,19.596546336309768,9.62196391367042,9.62196391367042,11.6074771545698,70.20943554060116,99.86459577635428,122.33550422416458,18.343638266329467,20.460211912444407,22.576785558559344,18.343638266329467,20.460211912444407,22.576785558559344,3.0,6.0,9.0,95.93425124816832,131.83625875512797,162.53952771504416,114.27788951449779,152.29647066757238,185.1163132736035,114.27788951449779,152.29647066757238,185.1163132736035,-130.25656236944522,-87.62969486078023,-48.2529047921993,-130.25656236944522,-87.62969486078023,-48.2529047921993,235.31787917276222,239.9261655283526,246.4831129909024
24,24.0,13.790270124817493,17.120700073156264,20.45113002149503,9.771561544530906,9.771561544530906,11.967239158233367,69.14309731869675,99.86459577635428,122.50278603604237,19.0538937821575,21.252419987791054,23.45094619342461,19.0538937821575,21.252419987791054,23.45094619342461,3.0,6.0,9.0,95.70492898804514,132.75685739404145,163.92115521577077,114.75882277020264,154.0092773818325,187.37210140919538,114.75882277020264,154.0092773818325,187.37210140919538,-132.1474008750477,-88.24859071379623,-48.27739732530458,-132.1474008750477,-88.24859071379623,-48.27739732530458,237.60951254600712,242.25786809562874,248.86623745675752
25,25.0,13.790270124817493,17.120700073156264,20.45113002149503,9.882088944221621,9.882088944221621,11.850368380267438,69.14309731869675,99.86459577635428,122.50278603604237,19.0538937821575,21.252419987791054,23.45094619342461,19.0538937821575,21.252419987791054,23.45094619342461,3.0,6.0,9.0,95.81545638773586,132.86738479373216,163.80428443780482,114.86935016989337,154.11980478152321,187.25523063122944,114.86935016989337,154.11980478152321,187.25523063122944,-135.8896737506069,-92.00868841236502,-52.264893201530015,-135.8896737506069,-92.00868841236502,-52.264893201530015,241.4979624672762,246.12849319388823,252.736862555017
26,26.0,14.004335817758616,17.32267767017217,20.64101952258572,10.05990105979233,10.05990105979233,12.028180495838146,68.2215418562123,100.07495502478496,123.99564342635924,19.0538937821575,21.252419987791054,23.45094619342461,19.0538937821575,21.252419987791054,23.45094619342461,3.0,6.0,9.0,95.28577873376324,133.45753375474945,165.66484344478312,114.33967251592074,154.7099537425405,189.11578963820773,114.33967251592074,154.7099537425405,189.11578963820773,-136.37409228607993,-91.40565775512755,-50.219817404047774,-136.37409228607993,-91.40565775512755,-50.219817404047774,241.51745819333544,246.11561149766806,252.8956159530806
27,27.0,14.004335817758616,17.32267767017217,20.64101952258572,10.434112376605093,10.434112376605093,12.457595291426916,68.2215418562123,101.7680604457404,128.013568404967,19.0538937821575,21.252419987791054,23.45094619342461,19.0538937821575,21.252419987791054,23.45094619342461,3.0,6.0,9.0,95.659990050576,135.52485049251766,170.11218321897962,114.7138838327335,156.77727048030872,193.56312941240424,114.7138838327335,156.77727048030872,193.56312941240424,-137.06147903060747,-90.39998258601068,-46.86866335961133,-137.06147903060747,-90.39998258601068,-46.86866335961133,242.57914326929782,247.1772530663194,253.92271336062322
28,28.0,13.441112420795392,16.96485749650388,20.488602572212372,10.487382625393407,10.487382625393407,12.496617029002364,68.2215418562123,107.27845350437462,130.97996919384465,19.0538937821575,21.252419987791054,23.45094619342461,19.0538937821575,21.252419987791054,23.45094619342461,3.0,6.0,9.0,95.1500369024011,140.73069362627191,172.9651887950594,114.2039306845586,161.98311361406297,196.416134988484,114.2039306845586,161.98311361406297,196.416134988484,-138.12211505892859,-85.64782648043996,-44.426920658712476,-138.12211505892859,-85.64782648043996,-44.426920658712476,242.93583444551868,247.63094009450293,254.41882454180939
29,29.0,13.441112420795392,16.96485749650388,20.488602572212372,10.499791720552695,10.499791720552695,12.50902612416165,69.14309731869675,107.27845350437462,130.97996919384465,19.0538937821575,21.252419987791054,23.45094619342461,19.0538937821575,21.252419987791054,23.45094619342461,3.0,6.0,9.0,96.08400146004483,140.7431027214312,172.97759789021868,115.13789524220233,161.99552270922226,196.4285440836433,115.13789524220233,161.99552270922226,196.4285440836433,-137.65423675421698,-86.06403623718614,-45.02883741791669,-137.65423675421698,-86.06403623718614,-45.02883741791669,243.3269858963975,248.0595589464084,254.66173639125682
30,30.0,13.441112420795392,17.403936275571144,21.483567178491853,10.499791720552695,10.499791720552695,12.50902612416165,70.71432799874849,107.27845350437462,130.97996919384465,19.0538937821575,21.252419987791054,23.45094619342461,19.0538937821575,21.252419987791054,23.45094619342461,3.0,6.0,9.0,97.65523214009657,141.18218150049847,173.97256249649814,116.70912592225407,162.43460148828953,197.42350868992276,116.70912592225407,162.43460148828953,197.42350868992276,-136.1690084667781,-85.7282854816807,-44.03787074822591,-136.1690084667781,-85.7282854816807,-44.03787074822591,243.44763955090826,248.16288696997023,254.8643945017918
31,31.0,14.09270340182407,17.842312279415058,21.59192115700605,10.626704143451603,10.626704143451603,12.538153426303154,72.09057541852098,107.27845350437462,130.97996919384465,19.0538937821575,21.252419987791054,23.45094619342461,19.0538937821575,21.252419987791054,23.45094619342461,3.0,6.0,9.0,99.80998296379666,141.7474699272413,174.11004377715386,118.86387674595416,162.99988991503236,197.56098997057848,118.86387674595416,162.99988991503236,197.56098997057848,-133.36920105151125,-84.51484546109694,-43.181139690997924,-133.36920105151125,-84.51484546109694,-43.181139690997924,242.79639295479316,247.5147353761293,254.2873410906822
32,32.0,13.441112420795392,17.49331869575238,21.59192115700605,11.039370950793064,11.039370950793064,12.574828155331039,72.09057541852098,107.27845350437462,130.97996919384465,19.0538937821575,21.252419987791054,23.45094619342461,19.0538937821575,21.252419987791054,23.45094619342461,3.0,6.0,9.0,99.57105879010945,141.81114315092006,174.14671850618174,118.62495257226695,163.06356313871112,197.59766469960636,118.62495257226695,163.06356313871112,197.59766469960636,-115.19860162226638,-66.00825900822275,-24.66893068796503,-115.19860162226638,-66.00825900822275,-24.66893068796503,224.3200900993344,229.07182214693387,235.87704890629635
33,33.0,13.429764785592065,17.403936275571144,21.483567178491853,11.06653526527809,11.06653526527809,12.07790520447633,72.09057541852098,106.57582612526514,128.1893192499061,19.0538937821575,21.252419987791054,23.45094619342461,19.0538937821575,21.252419987791054,23.45094619342461,3.0,6.0,9.0,99.58687546939115,141.04629766611436,170.7507916328743,118.64076925154865,162.2987176539054,194.2017378262989,118.64076925154865,162.2987176539054,194.2017378262989,-113.8651436645894,-65.30841392574996,-26.55833462745008,-113.8651436645894,-65.30841392574996,-26.55833462745008,222.7083502431727,227.60713157965537,234.45419070556176
34,34.0,13.32430537265044,16.96485749650388,20.939122351279742,10.470465351598627,10.470465351598627,11.758758696654445,72.09057541852098,103.81134822762591,127.60418325424018,19.0538937821575,21.252419987791054,23.45094619342461,19.0538937821575,21.252419987791054,23.45094619342461,3.0,6.0,9.0,98.88534614277005,137.24667107572841,169.30206430217436,117.93923992492755,158.49909106351947,192.75301049559897,117.93923992492755,158.49909106351947,192.75301049559897,-110.55471722243216,-65.12721231164903,-23.977332142574056,-110.55471722243216,-65.12721231164903,-23.977332142574056,218.7586496029773,223.6263033751685,230.52226411216398
35,35.0,13.32430537265044,16.96485749650388,20.939122351279742,9.14255287497283,9.14255287497283,10.120289621006394,72.09057541852098,101.99631423839216,125.70347798008106,14.273131595011774,15.920031394436208,17.566931193860643,14.273131595011774,15.920031394436208,17.566931193860643,3.0,6.0,9.0,97.55743366614425,134.10372460986886,165.7628899523672,111.83056526115602,150.02375600430508,183.32982114622786,111.83056526115602,150.02375600430508,183.32982114622786,-102.25823964664686,-59.43540675535584,-19.356729487655457,-102.25823964664686,-59.43540675535584,-19.356729487655457,204.82952061151897,209.45916275966093,216.23177488543854
36,36.0,13.323695331908906,16.95023436225799,20.488602572212372,7.492807956070371,7.492807956070371,8.497018908879095,72.09057541852098,101.99631423839216,125.70347798008106,14.273131595011774,15.920031394436208,17.566931193860643,14.273131595011774,15.920031394436208,17.566931193860643,3.0,6.0,9.0,95.90707870650026,132.43935655672053,163.68909946117253,110.18021030151203,148.35938795115675,181.2560306550332,110.18021030151203,148.35938795115675,181.2560306550332,-96.74126725697306,-53.807954540308174,-14.086243141827794,-96.74126725697306,-53.807954540308174,-14.086243141827794,197.41320742444475,202.16734249146492,208.99241118606886
37,37.0,12.898595486964206,16.820486019841677,20.47070393892393,7.23487401667577,7.23487401667577,8.169934799645393,70.89386333161512,95.7572939455053,121.58905106766764,14.273131595011774,15.920031394436208,17.566931193860643,14.273131595011774,15.920031394436208,17.566931193860643,3.0,6.0,9.0,94.0273328352551,125.81265398202274,159.22968980623696,108.30046443026687,141.73268537645896,176.79662100009762,108.30046443026687,141.73268537645896,176.79662100009762,-94.99356329241131,-56.79766293406715,-14.983106882311915,-94.99356329241131,-56.79766293406715,-14.983106882311915,193.76666889837404,198.5303483105261,205.28096873864268
38,38.0,12.701849688403614,16.656488265447546,20.414381043930884,6.765578527343552,6.765578527343552,7.707979994307435,68.04232374150035,94.30172349374324,119.91765326294448,14.273131595011774,15.920031394436208,17.566931193860643,14.273131595011774,15.920031394436208,17.566931193860643,3.0,6.0,9.0,90.50975195724752,123.72379028653434,157.0400143011828,104.78288355225929,139.64382168097055,174.60694549504345,104.78288355225929,139.64382168097055,174.60694549504345,-96.45864419189239,-56.72702442663112,-14.889060502229427,-96.45864419189239,-56.72702442663112,-14.889060502229427,191.50016447105165,196.37084610760166,203.24568621793046
39,39.0,12.067909233862306,16.112176969677808,20.15644470549331,5.572229566725974,5.572229566725974,6.514631033689858,67.90428991222666,93.0579875149662,116.08721213461772,14.273131595011774,15.920031394436208,17.566931193860643,14.273131595011774,15.920031394436208,17.566931193860643,3.0,6.0,9.0,88.54442871281493,120.74239405136998,151.7582878738009,102.81756030782671,136.6624254458062,169.32521906766155,102.81756030782671,136.6624254458062,169.32521906766155,-92.6677058531499,-53.837368005230815,-14.357933117610315,-92.6677058531499,-53.837368005230815,-14.357933117610315,185.51432074109744,190.49979345103702,197.31643471680218
40,40.0,11.865820557624374,15.87184107878068,19.87786159993698,5.324913055750542,5.324913055750542,6.224175406398352,66.23231474363209,88.48391794168222,113.42301413466863,14.273131595011774,15.920031394436208,17.566931193860643,14.273131595011774,15.920031394436208,17.566931193860643,3.0,6.0,9.0,86.423048357007,115.68067207621344,148.52505114100396,100.69617995201878,131.60070347064965,166.0919823348646,100.69617995201878,131.60070347064965,166.0919823348646,-87.30399785022243,-51.46464674148413,-10.178881170400814,-87.30399785022243,-51.46464674148413,-10.178881170400814,178.13052262202635,183.06535021213378,189.85983691900213
41,41.0,11.865820557624374,15.87184107878068,19.87786159993698,4.761750640044526,4.761750640044526,5.560211869921335,55.26598014691683,80.12150941843635,105.0991275850398,14.139923258044826,15.771452864742304,17.402982471439785,14.139923258044826,15.771452864742304,17.402982471439785,3.0,6.0,9.0,74.89355134458573,106.75510113726155,139.5372010548981,89.03347460263056,122.52655400200385,156.94018352633788,89.03347460263056,122.52655400200385,156.94018352633788,-95.48580671662931,-57.04999834685651,-15.862874012835704,-95.48580671662931,-57.04999834685651,-15.862874012835704,174.63382337846085,179.57655234886036,186.35004715854714
42,42.0,11.76991142089909,15.787179043975769,19.80444666705245,4.761750640044526,4.761750640044526,5.613811315934103,55.26598014691683,78.7522019834408,101.6149834668046,14.139923258044826,15.771452864742304,17.402982471439785,14.139923258044826,15.771452864742304,17.402982471439785,3.0,6.0,9.0,74.79764220786045,105.30113166746109,136.03324144979115,88.93756546590528,121.0725845322034,153.43622392123092,88.93756546590528,121.0725845322034,153.43622392123092,-94.2052257565364,-57.15971227244947,-18.132598384785013,-94.2052257565364,-57.15971227244947,-18.132598384785013,173.32180238686405,178.23229680465286,184.8957713032898
43,43.0,11.65616311968945,15.638447343476884,19.620731567264315,4.651705336734135,4.651705336734135,5.7582188341000204,55.26598014691683,78.43666790326301,101.54371604613712,14.139923258044826,15.771452864742304,17.402982471439785,14.139923258044826,15.771452864742304,17.402982471439785,3.0,6.0,9.0,74.57384860334042,104.72682058347404,135.92266644750146,88.71377186138525,120.49827344821634,153.32564891894123,88.71377186138525,120.49827344821634,153.32564891894123,-92.90211145129211,-56.29906001941947,-16.97705052073468,-92.90211145129211,-56.29906001941947,-16.97705052073468,171.97878362259425,176.7973334676358,183.2919674955957
44,44.0,11.65616311968945,15.638447343476884,19.620731567264315,4.5857978892829045,4.5857978892829045,5.9016300786714035,55.26598014691683,78.43666790326301,101.54371604613712,14.139923258044826,15.771452864742304,17.402982471439785,14.139923258044826,15.771452864742304,17.402982471439785,3.0,6.0,9.0,74.50794115588918,104.6609131360228,136.06607769207284,88.64786441393402,120.4323660007651,153.4690601635126,88.64786441393402,120.4323660007651,153.4690601635126,-91.3808171161564,-54.74693487175357,-15.159769316777613,-91.3808171161564,-54.74693487175357,-15.159769316777613,170.32992021494692,175.17930087251867,181.7297722647471
45,45.0,11.76991142089909,15.787179043975769,19.80444666705245,4.4828563482006984,4.4828563482006984,5.901698960845501,55.26598014691683,78.43666790326301,101.54371604613712,14.074736199529085,15.698744222551671,17.322752245574257,14.074736199529085,15.698744222551671,17.322752245574257,3.0,6.0,9.0,74.51874791601662,104.70670329543948,136.24986167403506,88.5934841155457,120.40544751799115,153.57261391960932,88.5934841155457,120.40544751799115,153.57261391960932,-86.58727922309764,-49.92956844458905,-10.218793139696714,-86.58727922309764,-49.92956844458905,-10.218793139696714,165.48926858651706,170.3350159625802,176.87862486585436
46,46.0,11.865820557624374,15.87184107878068,19.87786159993698,3.838824811821225,3.838824811821225,5.60929743157256,61.41792202178656,78.7522019834408,101.54371604613712,14.074736199529085,15.698744222551671,17.322752245574257,14.074736199529085,15.698744222551671,17.322752245574257,3.0,6.0,9.0,80.12256739123217,104.4628678740427,136.03087507764667,94.19730359076125,120.16161209659437,153.35362732322093,94.19730359076125,120.16161209659437,153.35362732322093,-78.96209823089644,-48.270887392045225,-8.573428737758974,-78.96209823089644,-48.270887392045225,-8.573428737758974,163.7055971556215,168.4324994886396,174.93794291629928
47,47.0,12.210071328591653,16.261149178122373,20.312227027653098,2.4630935801803915,2.4630935801803915,4.6108223090317715,61.41792202178656,80.05421257211498,99.20336589989196,14.074736199529085,15.698744222551671,17.322752245574257,14.074736199529085,15.698744222551671,17.322752245574257,3.0,6.0,9.0,79.0910869305586,104.77845533041774,133.12641523657683,93.16582313008769,120.47719955296941,150.4491674821511,93.16582313008769,120.47719955296941,150.4491674821511,-61.40130450435956,-29.10449389352155,7.214618220770177,-61.40130450435956,-29.10449389352155,7.214618220770177,144.59625925853467,149.58169344649096,155.928837631601
48,48.0,14.17825799850488,18.17867388499433,22.179089771483767,2.4630935801803915,2.4630935801803915,5.256830616295248,61.41792202178656,79.85652260376222,99.20336589989196,14.074736199529085,15.698744222551671,17.322752245574257,14.074736199529085,15.698744222551671,17.322752245574257,3.0,6.0,9.0,81.05927360047184,106.49829006893694,135.63928628767098,95.13400980000092,122.1970342914886,152.96203853324525,95.13400980000092,122.1970342914886,152.96203853324525,-48.906814194096185,-16.445959136993125,20.627796327120024,-48.906814194096185,-16.445959136993125,20.627796327120024,133.24516286286635,138.64299342848173,144.95174465083824
49,49.0,14.881007097757449,18.963402537926488,22.908744318685393,2.4630935801803915,2.815573154066683,5.870636797460634,61.41792202178656,80.05421257211498,104.96026243272,13.445539373855413,14.996947763146421,16.548356152437428,13.445539373855413,14.996947763146421,16.548356152437428,3.0,6.0,9.0,81.7620226997244,107.83318826410814,142.739643548866,95.20756207357981,122.83013602725457,159.28799970130345,95.20756207357981,122.83013602725457,159.28799970130345,-34.579796809524126,-2.496453565154397,40.96763872161972,-34.579796809524126,-2.496453565154397,40.96763872161972,120.865820301714,125.32658959240896,132.3328182051342
50,50.0,15.358488444874048,19.13361638177972,23.04579797809553,2.6498937781078933,3.0101030174252554,6.090415200995025,61.41792202178656,80.05421257211498,104.96026243272,13.445539373855413,14.996947763146421,16.548356152437428,13.445539373855413,14.996947763146421,16.548356152437428,3.0,6.0,9.0,82.4263042447685,108.19793197131995,143.09647561181055,95.87184361862391,123.19487973446637,159.64483176424798,95.87184361862391,123.19487973446637,159.64483176424798,-34.562361782609955,-2.898084161838568,40.36046905164292,-34.562361782609955,-2.898084161838568,40.36046905164292,121.751722391376,126.09296389630494,132.90156508000481
51,51.0,15.464441342172028,19.46519857701177,23.452819106905476,2.6498937781078933,3.0370393038951415,6.13781305115216,61.41792202178656,80.05421257211498,104.96026243272,13.445539373855413,14.996947763146421,16.548356152437428,13.445539373855413,14.996947763146421,16.548356152437428,3.0,6.0,9.0,82.53225714206648,108.55645045302188,143.55089459077763,95.9777965159219,123.5533982161683,160.09925074321507,95.9777965159219,123.5533982161683,160.09925074321507,-34.62752487875137,-2.622106638420391,40.615938004431314,-34.62752487875137,-2.622106638420391,40.615938004431314,121.74568831450412,126.1755048545887,132.86769697039364
52,52.0,15.464441342172028,19.563963515396416,23.46595581185152,2.8953657172011176,3.3277812003041918,6.476650658898507,60.601704717081006,80.05421257211498,104.96026243272,13.445539373855413,14.996947763146421,16.548356152437428,13.445539373855413,14.996947763146421,16.548356152437428,3.0,6.0,9.0,81.96151177645416,108.94595728781559,143.90286890347002,95.40705115030957,123.94290505096201,160.45122505590746,95.40705115030957,123.94290505096201,160.45122505590746,-27.69047339036814,5.332642048531952,48.40484096393749,-27.69047339036814,5.332642048531952,48.40484096393749,114.12300146418241,118.61026300243006,125.17414191289015
53,53.0,15.464441342172028,19.563963515396416,23.639836356255707,2.8953657172011176,3.3277812003041918,6.476650658898507,59.92504581999116,80.05421257211498,104.96026243272,13.445539373855413,14.996947763146421,16.548356152437428,13.445539373855413,14.996947763146421,16.548356152437428,3.0,6.0,9.0,81.28485287936431,108.94595728781559,144.07674944787422,94.73039225321972,123.94290505096201,160.62510560031166,94.73039225321972,123.94290505096201,160.62510560031166,-23.97947943769661,9.82286738414443,53.07896123411989,-23.97947943769661,9.82286738414443,53.07896123411989,109.53020364271883,114.12003766681758,120.69393096744339
54,54.0,15.464441342172028,19.563963515396416,23.639836356255707,3.1704796707384952,3.5989739493158326,6.9041866823398585,59.434497673830535,79.85652260376222,99.20336589989196,13.445539373855413,14.996947763146421,16.548356152437428,13.445539373855413,14.996947763146421,16.548356152437428,3.0,6.0,9.0,81.06941868674106,109.01946006847447,138.74738893848752,94.51495806059647,124.0164078316209,155.29574509092495,94.51495806059647,124.0164078316209,155.29574509092495,-25.520154604104405,9.232555573343447,46.94050953484768,-25.520154604104405,9.232555573343447,46.94050953484768,109.53259185185402,114.78385225827745,121.21246896047762
55,55.0,15.464441342172028,19.563963515396416,23.639836356255707,3.175247919938951,3.62328623025224,7.005419295637126,53.737978206074374,71.31090857066526,96.46453113791476,13.445539373855413,14.996947763146421,16.548356152437428,13.445539373855413,14.996947763146421,16.548356152437428,3.0,6.0,9.0,75.37766746818535,100.49815831631392,136.1097867898076,88.82320684204076,115.49510607946034,152.65814294224504,88.82320684204076,115.49510607946034,152.65814294224504,-43.23823344362506,-11.234355287678412,32.57820744893172,-43.23823344362506,-11.234355287678412,32.57820744893172,121.39748244861168,126.72946136713875,133.3789872409642
56,56.0,15.4175050847323,19.563963515396416,23.666966631649828,3.485612443590217,4.122330576226098,7.733183493056607,52.07913613367256,68.7901352709263,94.3968276156269,13.445539373855413,14.996947763146421,16.548356152437428,13.445539373855413,14.996947763146421,16.548356152437428,3.0,6.0,9.0,73.98225366199509,98.47642936254881,134.79697774033335,87.4277930358505,113.47337712569524,151.34533389277078,87.4277930358505,113.47337712569524,151.34533389277078,-44.32128204812098,-13.504173476669251,30.77516864042181,-44.32128204812098,-13.504173476669251,30.77516864042181,122.2060261207575,126.97755060236449,133.38493595238
57,57.0,15.440843894651126,19.713744509433955,24.00998393413562,4.479084096169681,6.444169243330126,10.141872956206772,42.27398877122569,55.51413365865045,83.31378706077936,9.522978983169095,10.621784250457836,11.720589517746577,9.522978983169095,10.621784250457836,11.720589517746577,3.0,6.0,9.0,65.1939167620465,87.67204741141452,126.46564395112175,74.7168957452156,98.29383166187236,138.18623346886832,74.7168957452156,98.29383166187236,138.18623346886832,-54.915144109028375,-26.896787531492578,19.226195540126696,-54.915144109028375,-26.896787531492578,19.226195540126696,120.7491985324859,125.19061919336494,131.42120045798825
58,58.0,15.440843894651126,19.76825635342427,24.043822656361716,4.220544139953208,6.193358952544724,9.8833329999903,42.27398877122569,55.51413365865045,83.31378706077936,9.522978983169095,10.621784250457836,11.720589517746577,9.522978983169095,10.621784250457836,11.720589517746577,3.0,6.0,9.0,64.93537680583003,87.47574896461944,126.24094271713138,74.45835578899913,98.09753321507728,137.96153223487795,74.45835578899913,98.09753321507728,137.96153223487795,-57.67540612955305,-28.958641712588985,17.61157449058308,-57.67540612955305,-28.958641712588985,17.61157449058308,121.97858793678034,127.05617492766626,133.76239211103766
59,59.0,15.440843894651126,19.85920755990488,24.043984418138425,4.220544139953208,6.193358952544724,9.927797829580062,42.27398877122569,55.51413365865045,83.31378706077936,9.522978983169095,10.621784250457836,11.720589517746577,9.522978983169095,10.621784250457836,11.720589517746577,3.0,6.0,9.0,64.93537680583003,87.56670017110005,126.28556930849786,74.45835578899913,98.18848442155789,138.00615882624444,74.45835578899913,98.18848442155789,138.00615882624444,-52.83157249603168,-23.8371731445625,23.020208836768205,-52.83157249603168,-23.8371731445625,23.020208836768205,116.76138684720996,122.02565756612039,129.06536514276453
60,60.0,15.440843894651126,19.85920755990488,24.185956610948672,4.021803513490503,6.0395037807926855,10.207214601235393,42.27398877122569,55.51413365865045,83.31378706077936,9.522978983169095,10.621784250457836,11.720589517746577,9.522978983169095,10.621784250457836,11.720589517746577,3.0,6.0,9.0,64.73663617936731,87.41284499934801,126.70695827296342,74.2596151625364,98.03462924980585,138.42754779071,74.2596151625364,98.03462924980585,138.42754779071,-46.050791959957564,-17.00083369369483,30.604735476726816,-46.050791959957564,-17.00083369369483,30.604735476726816,109.76051876450738,115.03546294350068,122.24811357301816
61,61.0,15.440843894651126,19.85920755990488,24.27757122515864,3.8501100074461356,5.877077827670268,10.18972732194071,37.44225801949174,55.51413365865045,83.31378706077936,9.381267986395745,10.463721984826023,11.546175983256301,9.381267986395745,10.463721984826023,11.546175983256301,3.0,6.0,9.0,59.733211921589,87.2504190462256,126.78108560787871,69.11447990798474,97.71414103105162,138.327261591135,69.11447990798474,97.71414103105162,138.327261591135,-44.66097530604107,-10.750700204084538,36.85601977454819,-44.66097530604107,-10.750700204084538,36.85601977454819,103.15422725624651,108.46484123513616,115.45844065368551
62,62.0,18.300764250336908,22.67129896307795,27.041833675818996,3.4351843183721718,5.005565810932532,8.908898979711067,41.40927556535077,56.47489013274667,90.49701090517814,9.381267986395745,10.463721984826023,11.546175983256301,9.381267986395745,10.463721984826023,11.546175983256301,3.0,6.0,9.0,66.14522413405984,90.15175490675715,135.4477435607082,75.52649212045559,100.61547689158317,146.9939195439645,75.52649212045559,100.61547689158317,146.9939195439645,-40.44364384471429,-9.641711634154376,44.32127544888846,-40.44364384471429,-9.641711634154376,44.32127544888846,104.54424108630522,110.25718852573755,117.84173295639906
63,63.0,18.850737310452097,23.134096422166003,27.417455533879917,3.2527525730544866,4.477280056097028,8.591321075422508,41.40927556535077,56.47489013274667,90.49701090517814,9.381267986395745,10.463721984826023,11.546175983256301,9.381267986395745,10.463721984826023,11.546175983256301,3.0,6.0,9.0,66.51276544885735,90.0862666110097,135.50578751448057,75.89403343525309,100.54998859583573,147.05196349773686,75.89403343525309,100.54998859583573,147.05196349773686,-41.27576127196963,-10.647504670707136,43.75067545031271,-41.27576127196963,-10.647504670707136,43.75067545031271,105.225191825863,111.19749326654286,119.09369848566158
64,64.0,18.88120767566291,23.28523074740413,27.68925381914535,3.2527525730544866,4.408722569581182,7.974501490249636,42.27398877122569,59.113078317585064,90.49701090517814,9.381267986395745,10.463721984826023,11.546175983256301,9.381267986395745,10.463721984826023,11.546175983256301,3.0,6.0,9.0,67.40794901994309,92.80703163457038,135.16076621457313,76.78921700633883,103.2707536193964,146.70694219782942,76.78921700633883,103.2707536193964,146.70694219782942,-34.61404751897187,-2.11293484335431,49.302331265353814,-34.61404751897187,-2.11293484335431,49.302331265353814,99.36411240019072,105.38368846275071,113.36276599302582
65,65.0,19.240343356245884,23.724318107207132,28.208292858168388,3.2527525730544866,4.298142251870387,8.077993244087324,42.27398877122569,59.14229106047124,90.49701090517814,9.381267986395745,10.463721984826023,11.546175983256301,9.381267986395745,10.463721984826023,11.546175983256301,3.0,6.0,9.0,67.76708470052606,93.16475141954876,135.78329700743387,77.1483526869218,103.62847340437479,147.32947299069016,77.1483526869218,103.62847340437479,147.32947299069016,-33.47240140621035,-1.01672927038193,50.54705362241336,-33.47240140621035,-1.01672927038193,50.54705362241336,98.66965125638129,104.64520267475672,112.50798598123663
66,66.0,19.64619159894772,24.188038889637145,28.729886180326577,2.822800378499869,3.837845143010633,7.589217006759147,43.57347745750245,59.93871947900116,95.15687875112904,9.381267986395745,10.463721984826023,11.546175983256301,9.381267986395745,10.463721984826023,11.546175983256301,3.0,6.0,9.0,69.04246943495004,93.96460351164893,140.47598193821477,78.42373742134578,104.42832549647495,152.02215792147106,78.42373742134578,104.42832549647495,152.02215792147106,-23.619892649596295,8.304722756377558,63.85531300830456,-23.619892649596295,8.304722756377558,63.85531300830456,90.20357540925272,96.1236027400974,104.0803605670283
67,67.0,19.64619159894772,24.188038889637145,28.729886180326577,2.3707534834342905,3.37428103949065,7.114436113663664,43.57347745750245,59.93871947900116,95.15687875112904,8.84843463852795,9.869407866050405,10.890381093572861,8.84843463852795,9.869407866050405,10.890381093572861,3.0,6.0,9.0,68.59042253988446,93.50103940812895,140.00120104511927,77.4388571784124,103.37044727417936,150.89158213869214,77.4388571784124,103.37044727417936,150.89158213869214,-22.278906925829176,9.56406700117492,64.96165112914625,-22.278906925829176,9.56406700117492,64.96165112914625,87.89499644176729,93.80638027300444,101.68282953646298
68,68.0,19.64619159894772,24.188038889637145,28.729886180326577,2.1516930017615357,3.053520721567926,6.616287357059626,42.16223287640104,59.14229106047124,95.15687875112904,8.84843463852795,9.869407866050405,10.890381093572861,8.84843463852795,9.869407866050405,10.890381093572861,3.0,6.0,9.0,66.9601174771103,92.3838506716763,139.50305228851525,75.80855211563825,102.25325853772671,150.39343338208812,75.80855211563825,102.25325853772671,150.39343338208812,-22.94072408257574,9.308430363315466,65.20973115960683,-22.94072408257574,9.308430363315466,65.20973115960683,87.1403801506085,92.94482817441124,100.7059541263412
69,69.0,19.64619159894772,24.188038889637145,28.729886180326577,2.4220779714841836,3.142412867306058,6.333099646621627,41.40927556535077,59.113078317585064,89.29662100944178,8.84843463852795,9.869407866050405,10.890381093572861,8.84843463852795,9.869407866050405,10.890381093572861,3.0,6.0,9.0,66.47754513578266,92.44353007452827,133.35960683639,75.32597977431061,102.31293794057868,144.24998792996286,75.32597977431061,102.31293794057868,144.24998792996286,-16.623653790370923,16.085819510960874,65.80041241595377,-16.623653790370923,16.085819510960874,65.80041241595377,80.50460329455407,86.2271184296178,94.00466134522652
70,70.0,19.64619159894772,24.188038889637145,28.729886180326577,2.44264296130178,3.1784061893724975,6.450601280905992,37.74085209286385,56.47489013274667,88.68104635917848,8.84843463852795,9.869407866050405,10.890381093572861,8.84843463852795,9.869407866050405,10.890381093572861,3.0,6.0,9.0,62.82968665311334,89.84133521175632,132.86153382041104,71.67812129164129,99.71074307780673,143.7519149139839,71.67812129164129,99.71074307780673,143.7519149139839,-16.920220633482515,16.838906096562837,68.61661778724202,-16.920220633482515,16.838906096562837,68.61661778724202,77.14533203736397,82.87183698124389,90.60837683574589
71,71.0,19.64619159894772,24.188038889637145,28.729886180326577,2.491412194942495,3.142749327729835,6.436389309950162,37.74085209286385,55.21218607162274,84.58715145316825,8.84843463852795,9.869407866050405,10.890381093572861,8.84843463852795,9.869407866050405,10.890381093572861,3.0,6.0,9.0,62.87845588675406,88.54297428898971,128.753426943445,71.72689052528202,98.41238215504012,139.64380803701786,71.72689052528202,98.41238215504012,139.64380803701786,-16.356865553072055,16.05625391217538,65.03138136960601,-16.356865553072055,16.05625391217538,65.03138136960601,76.62850040737541,82.35612824286474,90.09982981831763
72,72.0,19.12215696266891,23.628894038093243,28.149090851243287,2.491412194942495,3.114798616542238,6.406226224874971,34.31746223143951,48.51000625599811,68.6094881760125,8.84843463852795,9.869407866050405,10.890381093572861,8.84843463852795,9.869407866050405,10.890381093572861,3.0,6.0,9.0,58.931031389050915,81.25369891063359,112.16480525213076,67.77946602757886,91.123106776684,123.05518634570362,67.77946602757886,91.123106776684,123.05518634570362,-18.893779504777072,10.19520887751385,49.96052573967495,-18.893779504777072,10.19520887751385,49.96052573967495,75.18255026598436,80.92789789917015,88.76113519231163
73,73.0,18.82829661337551,23.4886937323094,28.135631113517565,2.53409821503264,3.002776898419849,6.13594638531546,32.474889828561736,46.64002882869576,67.17609446369691,8.84843463852795,9.869407866050405,10.890381093572861,8.84843463852795,9.869407866050405,10.890381093572861,3.0,6.0,9.0,56.837284656969885,79.13149945942502,110.44767196252994,65.68571929549783,89.00090732547542,121.3380530561028,65.68571929549783,89.00090732547542,121.3380530561028,-20.511446503241785,8.462633778581392,48.63111438024383,-20.511446503241785,8.462633778581392,48.63111438024383,74.87938129504845,80.53827354689403,88.3696084179291
74,74.0,17.525817983659483,21.935014619414545,26.344211255169597,2.6969217548516635,3.0127417512254193,6.249979399273797,30.888506248806166,44.84991615516309,64.27971670994094,8.84843463852795,9.869407866050405,10.890381093572861,8.84843463852795,9.869407866050405,10.890381093572861,3.0,6.0,9.0,54.11124598731731,75.79767252580305,105.87390736438434,62.95968062584526,85.66708039185346,116.76428845795719,62.95968062584526,85.66708039185346,116.76428845795719,-24.35997906994144,4.287274554960334,43.51255100230712,-24.35997906994144,4.287274554960334,43.51255100230712,75.43995197799956,81.37980583689313,89.50787421813618
75,75.0,17.057391972179513,21.42124045182238,25.78508893146525,2.8189231513763415,3.097127014088125,6.370339811745604,30.595061028100247,44.15285179893115,63.45553526543981,8.84843463852795,9.869407866050405,10.890381093572861,8.84843463852795,9.869407866050405,10.890381093572861,3.0,6.0,9.0,53.4713761516561,74.67121926484165,104.61096400865067,62.31981079018405,84.54062713089206,115.50134510222352,62.31981079018405,84.54062713089206,115.50134510222352,-25.971729092748063,2.2259050985686457,41.38514318763153,-25.971729092748063,2.2259050985686457,41.38514318763153,76.33790418171472,82.31472203232342,90.51324215005484
76,76.0,17.057391972179513,21.42124045182238,25.78508893146525,2.7642919080057924,2.790987057797145,6.248753315598806,30.392451139209733,43.74803431874622,63.45553526543981,8.84843463852795,9.869407866050405,10.890381093572861,8.84843463852795,9.869407866050405,10.890381093572861,3.0,6.0,9.0,53.21413501939504,73.96026182836574,104.48937751250386,62.062569657922985,83.82966969441615,115.37975860607672,62.062569657922985,83.82966969441615,115.37975860607672,-25.853770173444126,2.0875747277592467,41.973552192066975,-25.853770173444126,2.0875747277592467,41.973552192066975,75.5678501019467,81.74209496665691,90.07798351930407
77,77.0,17.057391972179513,21.42124045182238,25.78508893146525,2.6568962939093894,2.6748001007190347,6.16244042492937,29.894031995055965,42.84935433789225,63.45553526543981,8.84843463852795,9.869407866050405,10.890381093572861,8.84843463852795,9.869407866050405,10.890381093572861,3.0,6.0,9.0,52.60832026114487,72.94539489043368,104.40306462183443,61.456754899672816,82.81480275648408,115.29344571540729,61.456754899672816,82.81480275648408,115.29344571540729,-25.306493956025832,2.2363374964878915,43.09175793810748,-25.306493956025832,2.2363374964878915,43.09175793810748,74.39368166429374,80.5784652599962,88.95524274269258
78,78.0,17.057391972179513,21.42124045182238,25.78508893146525,2.8281252159279116,2.8281252159279116,6.226922992176543,29.894031995055965,41.33392462070309,63.45553526543981,8.84843463852795,9.869407866050405,10.890381093572861,8.84843463852795,9.869407866050405,10.890381093572861,3.0,6.0,9.0,52.77954918316339,71.58329028845338,104.46754718908161,61.62798382169134,81.45269815450379,115.35792828265447,61.62798382169134,81.45269815450379,115.35792828265447,-24.28446978747882,1.767711728493282,44.16542999746204,-24.28446978747882,1.767711728493282,44.16542999746204,73.45751924285086,79.68498642601051,88.1774745668286
79,79.0,17.057391972179513,21.42124045182238,25.78508893146525,2.650944255743225,2.650944255743225,5.785856829352968,29.894031995055965,41.33392462070309,63.68962479907019,8.84843463852795,9.869407866050405,10.890381093572861,8.84843463852795,9.869407866050405,10.890381093572861,3.0,6.0,9.0,52.6023682229787,71.40610932826868,104.26057055988841,61.450802861506645,81.2755171943191,115.15095165346126,61.450802861506645,81.2755171943191,115.15095165346126,-24.125693146767446,1.9234274845708228,44.265501220303335,-24.125693146767446,1.9234274845708228,44.265501220303335,73.12768341122245,79.35208970974827,87.81872898633861
80,80.0,17.057391972179513,21.42124045182238,25.78508893146525,2.445490622548647,2.445490622548647,4.841751819826745,30.392451139209733,43.74803431874622,64.27971670994094,8.84843463852795,9.869407866050405,10.890381093572861,8.84843463852795,9.869407866050405,10.890381093572861,3.0,6.0,9.0,52.89533373393789,73.61476539311725,103.90655746123294,61.74376837246584,83.48417325916766,114.79693855480579,61.74376837246584,83.48417325916766,114.79693855480579,-24.215608280063364,3.7567376988594248,43.62374567973369,-24.215608280063364,3.7567376988594248,43.62374567973369,73.49549446808727,79.72743556030824,88.28167824554437
81,81.0,17.057391972179513,21.42124045182238,25.78508893146525,2.3745612339475515,2.3745612339475515,3.8208316625657748,30.392451139209733,43.74803431874622,64.50005841554774,8.84843463852795,9.869407866050405,10.890381093572861,8.84843463852795,9.869407866050405,10.890381093572861,3.0,6.0,9.0,52.8244043453368,73.54383600451615,103.10597900957876,61.67283898386475,83.41324387056656,113.99636010315162,61.67283898386475,83.41324387056656,113.99636010315162,-24.295364263671473,3.6676626689481537,42.77032485560794,-24.295364263671473,3.6676626689481537,42.77032485560794,73.52295915570059,79.7455812016184,88.26512715569314
82,82.0,17.068572852851855,21.580528667478937,26.092484482106016,2.434590145077195,2.434590145077195,3.8803236558590375,30.392451139209733,43.74803431874622,64.50005841554774,8.84843463852795,9.869407866050405,10.890381093572861,8.84843463852795,9.869407866050405,10.890381093572861,3.0,6.0,9.0,52.89561413713878,73.76315313130235,103.4728665535128,61.74404877566673,83.63256099735275,114.36324764708566,61.74404877566673,83.63256099735275,114.36324764708566,-24.415694917096687,3.7730143153248576,43.04598076691737,-24.415694917096687,3.7730143153248576,43.04598076691737,73.55934967129238,79.8595466820279,88.4018264838875
83,83.0,18.618967075696514,22.999370769927733,27.37977446415895,2.4795622735046075,2.4795622735046075,4.278283694581855,33.60014287946913,51.52332956939276,74.76972132128981,8.84843463852795,9.869407866050405,10.890381093572861,8.84843463852795,9.869407866050405,10.890381093572861,3.0,6.0,9.0,57.698672228670254,83.00226261282509,115.42777948003061,66.54710686719821,92.8716704788755,126.31816057360346,66.54710686719821,92.8716704788755,126.31816057360346,-18.89427092530667,14.040056372231703,56.13970645510351,-18.89427092530667,14.040056372231703,56.13970645510351,72.22185042078272,78.8316141066438,87.48477409478764
84,84.0,18.70024344171819,23.09981712661508,27.499390811511965,2.2591152390299882,2.2591152390299882,3.998688079656026,33.71159034271801,51.88191432237935,75.06015513022413,8.84843463852795,9.869407866050405,10.890381093572861,8.84843463852795,9.869407866050405,10.890381093572861,3.0,6.0,9.0,57.67094902346619,83.24084668802442,115.55823402139212,66.51938366199414,93.11025455407483,126.44861511496498,66.51938366199414,93.11025455407483,126.44861511496498,-17.24194647537861,15.49975098146723,57.16979653932262,-17.24194647537861,15.49975098146723,57.16979653932262,71.45967700784244,77.6105035726076,85.94218856957283
85,85.0,18.90283820718965,23.29962278127322,27.6964073553568,2.164885080673204,2.164885080673204,3.8726675714944236,33.71159034271801,51.88191432237935,75.84748334735741,8.84843463852795,9.869407866050405,10.890381093572861,8.84843463852795,9.869407866050405,10.890381093572861,3.0,6.0,9.0,57.779313630580866,83.34642218432577,116.41655827420864,66.62774826910882,93.21583005037618,127.3069393677815,66.62774826910882,93.21583005037618,127.3069393677815,-17.972876133683243,14.797332673292672,57.0900423794491,-17.972876133683243,14.797332673292672,57.0900423794491,72.23637035137496,78.41849737708351,86.62009776583463
86,86.0,19.1385676310994,24.177765168625022,29.21696270615065,2.638842712368372,2.638842712368372,4.252055080895287,33.71159034271801,51.88191432237935,75.84748334735741,8.84843463852795,9.869407866050405,10.890381093572861,8.84843463852795,9.869407866050405,10.890381093572861,3.0,6.0,9.0,58.48900068618578,84.69852220337275,118.31650113440335,67.33743532471374,94.56793006942316,129.20688222797622,67.33743532471374,94.56793006942316,129.20688222797622,-19.55981051894264,13.964174912555038,56.936625362862074,-19.55981051894264,13.964174912555038,56.936625362862074,74.31026447007986,80.60375515686812,88.93725344862209
87,87.0,19.610222908622305,24.44259370695639,29.25899052062539,2.663120765047837,2.663120765047837,4.013388842705183,33.71159034271801,51.88191432237935,75.84748334735741,8.902284817301823,9.929471526990495,10.956658236679166,8.902284817301823,9.929471526990495,10.956658236679166,3.0,6.0,9.0,58.98493401638815,84.98762879438358,118.11986271068798,67.88721883368997,94.91710032137408,129.07652094736716,67.88721883368997,94.91710032137408,129.07652094736716,-19.943817904534043,13.410618557835306,55.989128158782165,-19.943817904534043,13.410618557835306,55.989128158782165,75.18192678885353,81.50648176353877,89.92557073849255
88,88.0,19.610222908622305,24.44259370695639,29.25899052062539,2.7991680972410005,2.7991680972410005,4.0862909341929585,33.71159034271801,51.88191432237935,75.84748334735741,8.902284817301823,9.929471526990495,10.956658236679166,8.902284817301823,9.929471526990495,10.956658236679166,3.0,6.0,9.0,59.12098134858132,85.12367612657674,118.19276480217576,68.02326616588314,95.05314765356724,129.14942303885493,68.02326616588314,95.05314765356724,129.14942303885493,-20.328571910808876,13.043407631605618,55.560797984692186,-20.328571910808876,13.043407631605618,55.560797984692186,75.66764196723122,82.00974002196162,90.43085498976049
89,89.0,19.610222908622305,24.44259370695639,29.25899052062539,2.8398647760882696,2.8398647760882696,4.111416451903365,33.60014287946913,51.52332956939276,75.06015513022413,8.902284817301823,9.929471526990495,10.956658236679166,8.902284817301823,9.929471526990495,10.956658236679166,3.0,6.0,9.0,59.05023056417971,84.80578805243742,117.43056210275289,67.95251538148153,94.73525957942792,128.38722033943205,67.95251538148153,94.73525957942792,128.38722033943205,-21.231327481535004,12.158587375138097,54.31936572978009,-21.231327481535004,12.158587375138097,54.31936572978009,75.9695015455631,82.57667220428982,91.08548979892768
90,90.0,19.610222908622305,24.44259370695639,29.25899052062539,2.8398647760882696,2.8398647760882696,4.231934573378333,32.869496486883854,49.43904283215175,74.76972132128981,9.129022412139182,10.182371152001396,11.235719891863608,9.129022412139182,10.182371152001396,11.235719891863608,3.0,6.0,9.0,58.31958417159443,82.7215013151964,117.26064641529354,67.4486065837336,92.9038724671978,128.49636630715713,67.4486065837336,92.9038724671978,128.49636630715713,-22.771610436935603,9.029283874698066,53.19467492846272,-22.771610436935603,9.029283874698066,53.19467492846272,77.52896016433026,83.87458859249973,92.44748580630505
91,91.0,19.610222908622305,24.44259370695639,29.25899052062539,3.0101504147339533,3.0101504147339533,4.7962753299946685,32.62725761932845,46.47897844723986,73.39028657114233,9.129022412139182,10.182371152001396,11.235719891863608,9.129022412139182,10.182371152001396,11.235719891863608,3.0,6.0,9.0,58.24763094268471,79.93172256893021,116.44555242176239,67.37665335482389,90.1140937209316,127.681272313626,67.37665335482389,90.1140937209316,127.681272313626,-24.696754473481562,4.410454139680212,50.90677499238204,-24.696754473481562,4.410454139680212,50.90677499238204,79.33387133419734,85.7036395812514,94.63278184125883
92,92.0,19.610222908622305,24.44259370695639,29.25899052062539,3.007008565717023,3.007008565717023,4.760359365482609,31.157838178990332,45.91133253991012,71.50504314325116,9.129022412139182,10.182371152001396,11.235719891863608,9.129022412139182,10.182371152001396,11.235719891863608,3.0,6.0,9.0,56.77506965332966,79.36093481258354,114.52439302935915,65.90409206546884,89.54330596458493,125.76011292122276,65.90409206546884,89.54330596458493,125.76011292122276,-26.39211053877638,3.633986685233623,49.01617491565129,-26.39211053877638,3.633986685233623,49.01617491565129,79.52243595445739,85.90931927935131,95.07470055313115
93,93.0,19.550217159363495,24.35908283734307,29.167948515322653,3.3667360710640057,3.3667360710640057,5.1891466593762,30.44088461769766,44.969187104372295,70.65459021964554,9.129022412139182,10.182371152001396,11.235719891863608,9.129022412139182,10.182371152001396,11.235719891863608,3.0,6.0,9.0,56.35783784812516,78.69500601277937,114.0116853943444,65.48686026026434,88.87737716478077,125.24740528620801,65.48686026026434,88.87737716478077,125.24740528620801,-30.738829610227597,-0.9293238165933531,44.38543339005345,-30.738829610227597,-0.9293238165933531,44.38543339005345,83.38771209225631,89.80670098137412,98.75143006659368
94,94.0,19.50988595822469,24.31029419434372,29.11070243046276,3.6711308680588908,3.6711308680588908,5.562005453582266,30.29825223952008,44.91155477321229,70.45121268810662,9.355760006976542,10.435270777012297,11.51478154704805,9.355760006976542,10.435270777012297,11.51478154704805,3.0,6.0,9.0,56.47926906580366,78.8929798356149,114.12392057215165,65.8350290727802,89.32825061262719,125.63870211919969,65.8350290727802,89.32825061262719,125.63870211919969,-32.69494629970322,-2.7125154454527234,42.605800229676845,-32.69494629970322,-2.7125154454527234,42.605800229676845,85.5515567436764,92.04076605807991,101.04863022663697
95,95.0,19.470324050835192,24.270385817107694,29.070447583380215,3.603667032484101,3.603667032484101,5.6083945197786935,29.823078365258432,44.74172653402219,70.45121268810662,9.355760006976542,10.435270777012297,11.51478154704805,9.355760006976542,10.435270777012297,11.51478154704805,3.0,6.0,9.0,55.897069448577724,78.61577938361398,114.13005479126554,65.25282945555426,89.05105016062627,125.64483633831358,65.25282945555426,89.05105016062627,125.64483633831358,-33.930611663671485,-3.509629916185858,42.157230182385476,-33.930611663671485,-3.509629916185858,42.157230182385476,85.93791903439852,92.56068007681213,101.63375399769616
96,96.0,19.470324050835192,24.270385817107694,29.070447583380215,3.5912099217965223,3.5912099217965223,5.762366015023358,29.60380468880325,44.47770995915498,70.3384027757061,9.355760006976542,10.435270777012297,11.51478154704805,9.355760006976542,10.435270777012297,11.51478154704805,3.0,6.0,9.0,55.665338661434966,78.33930569805919,114.17121637410968,65.02109866841151,88.77457647507148,125.68599792115772,65.02109866841151,88.77457647507148,125.68599792115772,-33.80450395837552,-3.5027700393061565,42.75681467439597,-33.80450395837552,-3.5027700393061565,42.75681467439597,85.72909040196825,92.27734651437764,101.62550978199353
97,97.0,19.470324050835192,24.270385817107694,29.070447583380215,3.8616168611538044,3.8616168611538044,6.040225589045981,29.2316111627077,44.318936351032704,69.8977631322932,9.355760006976542,10.435270777012297,11.51478154704805,9.355760006976542,10.435270777012297,11.51478154704805,3.0,6.0,9.0,55.5635520746967,78.4509390292942,114.0084363047194,64.91931208167324,88.8862098063065,125.52321785176744,64.91931208167324,88.8862098063065,125.52321785176744,-35.217097196620045,-4.684657347162286,41.32192630374959,-35.217097196620045,-4.684657347162286,41.32192630374959,87.00532502864428,93.57086715346878,102.94044275891972
98,98.0,19.50988595822469,24.31029419434372,29.11070243046276,3.9859189986725925,3.9859189986725925,6.195957871090777,28.335794531224657,44.318936351032704,69.8977631322932,9.355760006976542,10.435270777012297,11.51478154704805,9.355760006976542,10.435270777012297,11.51478154704805,3.0,6.0,9.0,54.83159948812194,78.61514954404902,114.20442343384674,64.18735949509848,89.05042032106131,125.71920498089479,64.18735949509848,89.05042032106131,125.71920498089479,-36.99788464714388,-5.550595020406661,40.49737836997774,-36.99788464714388,-5.550595020406661,40.49737836997774,88.01678654069359,94.60101534146797,103.98020407201889
99,99.0,19.550217159363495,24.35908283734307,29.167948515322653,3.988026192288255,3.988026192288255,6.230593428458061,28.035555657046725,43.96597485573905,69.26370746339828,9.355760006976542,10.435270777012297,11.51478154704805,9.355760006976542,10.435270777012297,11.51478154704805,3.0,6.0,9.0,54.57379900869847,78.31308388537038,113.66224940717899,63.92955901567501,88.74835466238267,125.17703095422704,63.92955901567501,88.74835466238267,125.17703095422704,-38.69302806193612,-7.314029833371933,38.510964983702536,-38.69302806193612,-7.314029833371933,38.510964983702536,89.50218191389807,96.0623844957546,105.4587030209847
100,100.0,23.16880830049901,27.78557345206111,32.402338603623214,3.8578778767231823,3.8578778767231823,6.017219458579896,28.01691097085603,43.8209584072128,69.20348031647234,9.355760006976542,10.435270777012297,11.51478154704805,9.355760006976542,10.435270777012297,11.51478154704805,3.0,6.0,9.0,58.04359714807822,81.4644097359971,116.62303837867545,67.39935715505476,91.89968051300939,128.1378199257235,67.39935715505476,91.89968051300939,128.1378199257235,-43.6205488502423,-11.923798171904295,34.46345274197016,-43.6205488502423,-11.923798171904295,34.46345274197016,96.6270513645303,103.82347868491368,113.97259018607402
101,101.0,23.29973351003508,27.92813863324001,32.55654375644494,3.8883143314833277,3.8883143314833277,6.286240691746346,27.80352653637499,43.8209584072128,69.20348031647234,20.50558123310369,22.871609836923344,25.237638440743,20.50558123310369,22.871609836923344,25.237638440743,3.0,6.0,9.0,57.9915743778934,81.63741137193614,117.04626476466362,78.49715561099708,104.50902120885948,142.28390320540663,78.49715561099708,104.50902120885948,142.28390320540663,-34.3741956937466,-0.9601003744506045,47.10658192921716,-34.3741956937466,-0.9601003744506045,47.10658192921716,98.06689186187648,105.46912158331008,115.7609218904307
102,102.0,23.29973351003508,27.92813863324001,32.55654375644494,3.7921612859772535,3.7921612859772535,6.168066205115517,27.394755983632503,42.71938058462096,68.90923095329178,20.50558123310369,22.871609836923344,25.237638440743,20.50558123310369,22.871609836923344,25.237638440743,3.0,6.0,9.0,57.48665077964483,80.43968050383822,116.63384091485224,77.99223201274853,103.31129034076156,141.87147935559526,77.99223201274853,103.31129034076156,141.87147935559526,-36.12781622672409,-3.6625568503557986,45.033756268937694,-36.12781622672409,-3.6625568503557986,45.033756268937694,99.82764614276209,106.97384719111736,117.10997129557715
103,103.0,23.303722362777833,27.989018642518335,32.67431492225884,3.7303457470675143,3.7303457470675143,6.315982684168761,27.372073338788635,42.71938058462096,67.78072018692346,20.50558123310369,22.871609836923344,25.237638440743,20.50558123310369,22.871609836923344,25.237638440743,3.0,6.0,9.0,57.40614144863398,80.4387449742068,115.77101779335106,77.91172268173767,103.31035481113014,141.00865623409408,77.91172268173767,103.31035481113014,141.00865623409408,-41.15264375583442,-8.72914248535568,38.74730066635067,-41.15264375583442,-8.72914248535568,38.74730066635067,105.01462815539955,112.03949729648582,121.81763902522823
104,104.0,23.303722362777833,28.02334007845996,32.74244311835034,3.693504045913035,3.693504045913035,6.236429645726973,23.24667577389169,40.765345603441794,65.69008192093905,20.50558123310369,22.871609836923344,25.237638440743,20.50558123310369,22.871609836923344,25.237638440743,3.0,6.0,9.0,53.24390218258256,78.48218972781478,113.66895468501636,73.74948341568626,101.35379956473813,138.90659312575937,73.74948341568626,101.35379956473813,138.90659312575937,-49.99643313467857,-15.323969499982326,31.921907456491596,-49.99643313467857,-15.323969499982326,31.921907456491596,109.60962157907608,116.67776906472045,126.37085246017313
105,105.0,23.303722362777833,28.051163134457532,32.85530880322866,3.6790729565332927,3.6790729565332927,6.164379160664949,22.635567095077946,38.90507877204955,63.68790140273396,20.50558123310369,22.871609836923344,25.237638440743,20.50558123310369,22.871609836923344,25.237638440743,3.0,6.0,9.0,52.61836241438907,76.63531486304038,111.70758936662756,73.12394364749275,99.50692469996372,136.94522780737057,73.12394364749275,99.50692469996372,136.94522780737057,-53.3151353021929,-19.86600656203248,27.23237096918737,-53.3151353021929,-19.86600656203248,27.23237096918737,112.30678357430675,119.3729312619962,129.0330056858092
106,106.0,23.29973351003508,28.02334007845996,32.74244311835034,3.6192982161817047,3.6192982161817047,6.10460442031336,22.54402335648386,37.653510527246695,61.83571204426897,20.50558123310369,22.871609836923344,25.237638440743,20.50558123310369,22.871609836923344,25.237638440743,3.0,6.0,9.0,52.46305508270064,75.29614882188835,109.68275958293268,72.96863631580433,98.16775865881169,134.9203980236757,72.96863631580433,98.16775865881169,134.9203980236757,-58.31696463305704,-26.27755466174132,19.910881467478674,-58.31696463305704,-26.27755466174132,19.910881467478674,117.60502569224465,124.44531332055301,133.881110084909
107,107.0,23.29973351003508,28.02334007845996,32.74244311835034,3.494553680506223,3.494553680506223,5.979859884637879,22.130196791438618,36.96740108962,61.01951299028196,20.50558123310369,22.871609836923344,25.237638440743,20.50558123310369,22.871609836923344,25.237638440743,3.0,6.0,9.0,51.92448398197992,74.48529484858618,108.74181599327017,72.4300652150836,97.35690468550952,133.97945443401318,72.4300652150836,97.35690468550952,133.97945443401318,-68.42199458573089,-36.654867486996594,9.40347902586305,-68.42199458573089,-36.654867486996594,9.40347902586305,127.17148454419774,134.0117721725061,143.4475689368621
108,108.0,23.20419736276196,28.02334007845996,32.74244311835034,3.494553680506223,3.494553680506223,5.979859884637879,20.80496588744047,35.57568392536646,59.866449785904706,20.50558123310369,22.871609836923344,25.237638440743,20.50558123310369,22.871609836923344,25.237638440743,3.0,6.0,9.0,50.50371693070865,73.09357768433264,107.58875278889292,71.00929816381233,95.96518752125598,132.82639122963593,71.00929816381233,95.96518752125598,132.82639122963593,-75.84841499585775,-44.063678075066036,2.2524208122331686,-75.84841499585775,-44.063678075066036,2.2524208122331686,133.20001803297396,140.02886559632202,149.48376077524128
109,109.0,23.201552368755703,27.989018642518335,32.67431492225884,3.2139140979211147,3.2139140979211147,5.650276342232624,15.61932865721948,26.01905660033404,47.95813598481862,20.50558123310369,22.871609836923344,25.237638440743,20.50558123310369,22.871609836923344,25.237638440743,3.0,6.0,9.0,45.0347951238963,63.22198934077349,95.28272724931008,65.54037635699999,86.09359917769683,120.52036569005308,65.54037635699999,86.09359917769683,120.52036569005308,-80.76277301401953,-53.27213095736954,-9.132625763146294,-80.76277301401953,-53.27213095736954,-9.132625763146294,132.42831089911323,139.36573013506637,149.07846881693337
110,110.0,23.18735193838722,27.8778869449502,32.55422152114469,2.977524767051937,2.977524767051937,5.349532495548152,15.61932865721948,26.01905660033404,44.35999453037286,20.50558123310369,22.871609836923344,25.237638440743,20.50558123310369,22.871609836923344,25.237638440743,3.0,6.0,9.0,44.78420536265864,62.87446831233618,91.2637485470657,65.28978659576234,85.74607814925952,116.5013869878087,65.28978659576234,85.74607814925952,116.5013869878087,-81.28477302493019,-53.806672103681024,-13.407272029671788,-81.28477302493019,-53.806672103681024,-13.407272029671788,132.53094088518856,139.55275025294054,149.1968414884006
111,111.0,21.56510939983015,26.309811373997412,31.48694789608464,2.9112697965382384,2.9112697965382384,4.6719616439631535,15.43443880681863,25.912154452615923,42.535685596024976,20.50558123310369,22.871609836923344,25.237638440743,20.50558123310369,22.871609836923344,25.237638440743,3.0,6.0,9.0,42.91081800318702,61.13323562315158,87.69459513607276,63.41639923629071,84.00484546007492,112.93223357681576,63.41639923629071,84.00484546007492,112.93223357681576,-83.62621548489895,-55.9094640169716,-17.18521312857267,-83.62621548489895,-55.9094640169716,-17.18521312857267,132.78600423290337,139.91430947704652,149.7111722487046
112,112.0,21.52777218860046,26.25233958446867,31.47404582481599,2.326204345885913,2.326204345885913,2.8313441250592604,15.13500795271099,25.51359172705597,41.600928841114566,20.50558123310369,22.871609836923344,25.237638440743,20.50558123310369,22.871609836923344,25.237638440743,3.0,6.0,9.0,41.988984487197364,60.09213565741055,84.90631879098981,62.494565720301054,82.96374549433389,110.14395723173281,62.494565720301054,82.96374549433389,110.14395723173281,-84.67336330848993,-57.17137659064983,-20.226826713447693,-84.67336330848993,-57.17137659064983,-20.226826713447693,133.10231514117646,140.13512208498372,149.89946022478694
113,113.0,21.395559406595535,26.25233958446867,31.47404582481599,1.8651497566604576,1.8651497566604576,2.3546273447067643,13.263493364429973,24.728992980561365,41.54954309793263,20.50558123310369,22.871609836923344,25.237638440743,20.50558123310369,22.871609836923344,25.237638440743,3.0,6.0,9.0,39.524202527685965,58.846482321690495,84.37821626745537,60.029783760789655,81.71809215861384,109.61585470819837,60.029783760789655,81.71809215861384,109.61585470819837,-86.0176036122154,-57.27506597894114,-19.713486970259154,-86.0176036122154,-57.27506597894114,-19.713486970259154,131.93892890210492,138.99315813755499,148.65697459665245
114,114.0,21.395559406595535,26.25233958446867,31.47404582481599,0.996112299460216,0.996112299460216,1.465389218655596,13.263493364429973,23.27884108579051,38.54715236549018,19.218845382401675,21.436404464986484,23.65396354757129,19.218845382401675,21.436404464986484,23.65396354757129,3.0,6.0,9.0,38.65516507048572,56.5272929697194,80.48658740896175,57.8740104528874,77.96369743470588,104.14055095653305,57.8740104528874,77.96369743470588,104.14055095653305,-94.79159470255703,-67.64471168033553,-31.844061645956515,-94.79159470255703,-67.64471168033553,-31.844061645956515,138.55121307463838,145.6084091150414,155.23220562759326
115,115.0,21.395559406595535,26.25233958446867,31.47404582481599,0.796906766024624,0.796906766024624,1.2592265803207972,14.96831517008516,25.275504340651807,41.54954309793263,19.218845382401675,21.436404464986484,23.65396354757129,19.218845382401675,21.436404464986484,23.65396354757129,3.0,6.0,9.0,40.16078134270532,58.3247506911451,83.28281550306941,59.379626725106995,79.76115515613158,106.93677905064071,59.379626725106995,79.76115515613158,106.93677905064071,-92.48378687406961,-65.04587798713332,-28.210800305519925,-92.48378687406961,-65.04587798713332,-28.210800305519925,137.7506526873532,144.8070331432649,154.46648693036917
116,116.0,21.483318911459072,26.309811373997412,31.48694789608464,0.21574856312992724,0.21574856312992724,0.4359140543165428,14.96831517008516,25.275504340651807,41.54954309793263,19.218845382401675,21.436404464986484,23.65396354757129,19.218845382401675,21.436404464986484,23.65396354757129,3.0,6.0,9.0,39.66738264467416,57.80106427777915,82.47240504833381,58.88622802707584,79.23746874276563,106.1263685959051,58.88622802707584,79.23746874276563,106.1263685959051,-93.18596533144432,-65.75805571827229,-29.174046439335157,-93.18596533144432,-65.75805571827229,-29.174046439335157,137.91885556355567,144.99552446103792,154.69063388683557
117,117.0,21.483318911459072,26.52001017794,31.80093061266261,0.0,0.0,0.11491997844193143,14.96831517008516,25.275504340651807,41.600928841114566,18.382750501438913,20.503837097758787,22.62492369407866,18.382750501438913,20.503837097758787,22.62492369407866,3.0,6.0,9.0,39.451634081544235,57.79551451859181,82.51677943221911,57.83438458298315,78.29935161635059,105.14170312629777,57.83438458298315,78.29935161635059,105.14170312629777,-92.66280154775933,-65.10045742356424,-28.509016396598625,-92.66280154775933,-65.10045742356424,-28.509016396598625,136.30243194908718,143.39980903991483,153.14889855693326
118,118.0,21.483318911459072,26.782626488396,32.081934065332916,0.0,0.0,0.10408988785007701,14.96831517008516,25.275504340651807,42.535685596024976,18.382750501438913,20.503837097758787,22.62492369407866,18.382750501438913,20.503837097758787,22.62492369407866,3.0,6.0,9.0,39.451634081544235,58.05813082904781,83.72170954920797,57.83438458298315,78.5619679268066,106.34663324328663,57.83438458298315,78.5619679268066,106.34663324328663,-92.32701865154888,-64.51670281466272,-26.952894496496768,-92.32701865154888,-64.51670281466272,-26.952894496496768,135.99593824840662,143.07867074146932,152.85781374315525
119,119.0,21.72951926260827,27.05334024774405,32.37716123287982,0.0,0.0,0.0589333190457005,14.96831517008516,25.275504340651807,44.35999453037286,18.382750501438913,20.503837097758787,22.62492369407866,18.382750501438913,20.503837097758787,22.62492369407866,3.0,6.0,9.0,39.69783443269343,58.32884458839585,85.79608908229838,58.08058493413235,78.83268168615464,108.42101277637704,58.08058493413235,78.83268168615464,108.42101277637704,-92.06970725067508,-64.16216996061632,-24.7764930376849,-92.06970725067508,-64.16216996061632,-24.7764930376849,135.8394111087345,142.99485164677097,152.79219747948
120,120.0,23.8859367575269,29.31266193019111,34.739387102855325,0.0,0.0,0.0,14.96831517008516,25.275504340651807,45.43818213630095,18.382750501438913,20.503837097758787,22.62492369407866,18.382750501438913,20.503837097758787,22.62492369407866,3.0,6.0,9.0,41.85425192761206,60.58816627084292,89.17756923915627,60.237002429050975,81.09200336860171,111.80249293323493,60.237002429050975,81.09200336860171,111.80249293323493,-88.17208451020754,-59.73599085672505,-18.78140134337633,-88.17208451020754,-59.73599085672505,-18.78140134337633,133.246901511395,140.82799422532676,151.07209417404226
121,121.0,25.80434239103692,30.412040802070475,35.01973921310403,0.0,0.0,0.0,20.47330278729897,35.38479316959439,49.02468985720624,18.382750501438913,20.503837097758787,22.62492369407866,18.382750501438913,20.503837097758787,22.62492369407866,3.0,6.0,9.0,49.27764517833589,71.79683397166487,93.04442907031027,67.66039567977481,92.30067106942366,115.66935276438893,67.66039567977481,92.30067106942366,115.66935276438893,-70.20927297142055,-37.07299843487479,-2.433673887825634,-70.20927297142055,-37.07299843487479,-2.433673887825634,120.87767035740154,129.37366950429845,140.64431235638233
122,122.0,25.808483439989224,30.580194167183077,35.245722423085674,0.0,0.0,0.0,20.73101994159255,36.60950764762623,49.56372983425963,18.382750501438913,20.503837097758787,22.62492369407866,18.382750501438913,20.503837097758787,22.62492369407866,3.0,6.0,9.0,49.539503381581774,73.18970181480931,93.8094522573453,67.92225388302069,93.6935389125681,116.43437595142396,67.92225388302069,93.6935389125681,116.43437595142396,-65.91420642248988,-31.618941886508082,2.307166277511101,-65.91420642248988,-31.618941886508082,2.307166277511101,116.7885012926418,125.31248079907618,136.4977519242395
123,123.0,25.914665911280483,30.778180074147453,35.43790914839102,0.0,0.0,0.0,21.543772118734864,37.12745293959841,49.56372983425963,18.382750501438913,20.503837097758787,22.62492369407866,18.382750501438913,20.503837097758787,22.62492369407866,3.0,6.0,9.0,50.458438030015344,73.90563301374587,94.00163898265066,68.84118853145426,94.40947011150466,116.62656267672932,68.84118853145426,94.40947011150466,116.62656267672932,-64.12203126254646,-29.843774959395887,3.7999908927895945,-64.12203126254646,-29.843774959395887,3.7999908927895945,115.54327034780037,124.25324507090055,135.67991835786137
124,124.0,25.914665911280483,30.778180074147453,35.43790914839102,0.0,0.0,0.0,23.219992967508723,37.18471793229857,50.22738373959987,18.382750501438913,20.503837097758787,22.62492369407866,18.382750501438913,20.503837097758787,22.62492369407866,3.0,6.0,9.0,52.13465887878921,73.96289800644603,94.66529288799089,70.51740938022812,94.46673510420482,117.29021658206955,70.51740938022812,94.46673510420482,117.29021658206955,-60.75293437652968,-28.055094862218397,6.188876819202761,-60.75293437652968,-28.055094862218397,6.188876819202761,113.77331617608863,122.52182996642321,133.94232016997964
125,125.0,25.914665911280483,30.778180074147453,35.43790914839102,0.0,0.0,0.0,26.380576851323497,37.64246138446008,50.70368484667007,18.382750501438913,20.503837097758787,22.62492369407866,18.382750501438913,20.503837097758787,22.62492369407866,3.0,6.0,9.0,55.295242762603976,74.42064145860753,95.1415939950611,73.6779932640429,94.92447855636632,117.76651768913976,73.6779932640429,94.92447855636632,117.76651768913976,-57.05655953203805,-27.051226477219984,7.278489084265885,-57.05655953203805,-27.051226477219984,7.278489084265885,113.21685727109167,121.97570503358631,133.46338146229874
126,126.0,25.914665911280483,30.778180074147453,35.43790914839102,0.0,0.0,0.0,26.380576851323497,37.64246138446008,54.18832975108264,18.382750501438913,20.503837097758787,22.62492369407866,18.382750501438913,20.503837097758787,22.62492369407866,3.0,6.0,9.0,55.295242762603976,74.42064145860753,98.62623889947366,73.6779932640429,94.92447855636632,121.25116259355232,73.6779932640429,94.92447855636632,121.25116259355232,-46.838210501561946,-16.862909852809054,20.93296937575903,-46.838210501561946,-16.862909852809054,20.93296937575903,103.05857305274591,111.78738840917538,123.25658360055746
127,127.0,25.914665911280483,30.63149556054461,35.36749549168339,0.0,0.0,0.0,26.80197114034835,37.992948276425174,55.48698213956294,18.382750501438913,20.503837097758787,22.62492369407866,18.382750501438913,20.503837097758787,22.62492369407866,3.0,6.0,9.0,55.71663705162884,74.62444383696979,99.85447763124634,74.09938755306774,95.12828093472858,122.479401325325,74.09938755306774,95.12828093472858,122.479401325325,-45.17908789259374,-15.421379154503441,23.39893642747505,-45.17908789259374,-15.421379154503441,23.39893642747505,101.82084473280256,110.54966008923202,122.01885528061409
128,128.0,25.89549562940583,30.63149556054461,35.36749549168339,0.0,0.0,0.0,26.80197114034835,37.64246138446008,54.18832975108264,18.382750501438913,20.503837097758787,22.62492369407866,18.382750501438913,20.503837097758787,22.62492369407866,3.0,6.0,9.0,55.69746676975418,74.27395694500468,98.55582524276603,74.08021727119309,94.77779404276347,121.1807489368447,74.08021727119309,94.77779404276347,121.1807489368447,-43.682756585257366,-14.177195245826695,23.826721660033684,-43.682756585257366,-14.177195245826695,23.826721660033684,100.14700472072988,108.95498928859017,120.55595130036933
129,129.0,25.80434239103692,30.412040802070475,35.01973921310403,0.0,0.0,0.0,27.568857773956335,37.992948276425174,55.48698213956294,18.382750501438913,20.503837097758787,22.62492369407866,18.382750501438913,20.503837097758787,22.62492369407866,3.0,6.0,9.0,56.37320016499325,74.40498907849565,99.50672135266697,74.75595066643217,94.90882617625444,122.13164504674563,74.75595066643217,94.90882617625444,122.13164504674563,-42.56706143063877,-13.64437792865398,25.00844597586834,-42.56706143063877,-13.64437792865398,25.00844597586834,99.78339611274589,108.55320410490842,119.98320913893954
130,130.0,24.991578007511144,30.22754563762404,35.01973921310403,0.0,0.0,0.0,28.2196164499061,39.00751222186176,55.48707069738269,18.49385192290922,20.62775791401413,22.761663905119036,18.49385192290922,20.62775791401413,22.761663905119036,3.0,6.0,9.0,56.21119445741724,75.2350578594858,99.50680991048672,74.70504638032646,95.86281577349993,122.26847381560576,74.70504638032646,95.86281577349993,122.26847381560576,-42.35224942823508,-12.507300131702607,25.4987753828854,-42.35224942823508,-12.507300131702607,25.4987753828854,99.68293600184353,108.37011590520254,119.97053337768472
131,131.0,24.991578007511144,30.22754563762404,35.36749549168339,0.0,0.0,0.0,28.2196164499061,39.00751222186176,55.48707069738269,18.49385192290922,20.62775791401413,22.761663905119036,18.49385192290922,20.62775791401413,22.761663905119036,3.0,6.0,9.0,56.21119445741724,75.2350578594858,99.85456618906608,74.70504638032646,95.86281577349993,122.61623009418511,74.70504638032646,95.86281577349993,122.61623009418511,-41.51095390693219,-11.862663778844848,26.24608316163716,-41.51095390693219,-11.862663778844848,26.24608316163716,99.23495881743091,107.72547955234478,119.0808121721416
132,132.0,24.991578007511144,30.22754563762404,35.36749549168339,0.0,0.0,0.0,27.568857773956335,37.992948276425174,55.48707069738269,18.49385192290922,20.62775791401413,22.761663905119036,18.49385192290922,20.62775791401413,22.761663905119036,3.0,6.0,9.0,55.560435781467476,74.22049391404921,99.85456618906608,74.05428770437669,94.84825182806334,122.61623009418511,74.05428770437669,94.84825182806334,122.61623009418511,-44.45127935596733,-15.166794497366823,24.023372919192497,-44.45127935596733,-15.166794497366823,24.023372919192497,101.5245255905163,110.01504632543016,121.43723547586771
133,133.0,24.991578007511144,30.22754563762404,35.36749549168339,0.0,0.0,0.0,27.568857773956335,37.992948276425174,55.48707069738269,18.49385192290922,20.62775791401413,22.761663905119036,18.49385192290922,20.62775791401413,22.761663905119036,3.0,6.0,9.0,55.560435781467476,74.22049391404921,99.85456618906608,74.05428770437669,94.84825182806334,122.61623009418511,74.05428770437669,94.84825182806334,122.61623009418511,-49.0704290624586,-19.798053711801472,19.401100181231186,-49.0704290624586,-19.798053711801472,19.401100181231186,106.16789431289433,114.64630553986481,126.0774811667757
134,134.0,24.915982523955552,29.650225508454856,34.30887300939856,0.0,0.0,0.0,27.568857773956335,37.992948276425174,55.48707069738269,19.230749106130638,21.449681695299557,23.668614284468475,19.230749106130638,21.449681695299557,23.668614284468475,3.0,6.0,9.0,55.48484029791189,73.64317378488003,98.79594370678126,74.71558940404253,95.0928554801796,122.46455799124973,74.71558940404253,95.0928554801796,122.46455799124973,-56.96380192851157,-27.987631355282076,10.784018124206938,-56.96380192851157,-27.987631355282076,10.784018124206938,114.48158233836924,123.08048683546167,134.48043380388054
135,135.0,24.299136366252625,29.22508693523084,34.15103750420906,0.0,0.0,0.0,27.568857773956335,37.992948276425174,55.9228923076989,19.230749106130638,21.449681695299557,23.668614284468475,19.230749106130638,21.449681695299557,23.668614284468475,3.0,6.0,9.0,54.867994140208964,73.21803521165602,99.07392981190796,74.09874324633961,94.66771690695558,122.74254409637643,74.09874324633961,94.66771690695558,122.74254409637643,-55.768432525240826,-26.711603792264754,12.653826957037381,-55.768432525240826,-26.711603792264754,12.653826957037381,112.89146562686022,121.37932069922033,132.6699242591016
136,136.0,24.299136366252625,29.22508693523084,34.15103750420906,0.0,0.0,0.0,28.973764723166624,40.12307834340366,58.833586953344486,19.230749106130638,21.449681695299557,23.668614284468475,19.230749106130638,21.449681695299557,23.668614284468475,3.0,6.0,9.0,56.27290108941925,75.3481652786345,101.98462445755354,75.50365019554988,96.79784697393406,125.65323874202201,75.50365019554988,96.79784697393406,125.65323874202201,-50.725737757179985,-21.44016790290489,18.080241478880424,-50.725737757179985,-21.44016790290489,18.080241478880424,110.24664180094803,118.23801487683895,128.9030324905363
137,137.0,23.67819054215333,28.741241706443475,33.83751366689898,0.0,0.0,0.0,28.973764723166624,40.12307834340366,58.833586953344486,19.230749106130638,21.449681695299557,23.668614284468475,19.230749106130638,21.449681695299557,23.668614284468475,3.0,6.0,9.0,55.651955265319955,74.86432004984714,101.67110062024346,74.88270437145059,96.3140017451467,125.33971490471194,74.88270437145059,96.3140017451467,125.33971490471194,-49.82648785011102,-20.539643826053805,18.94989768014358,-49.82648785011102,-20.539643826053805,18.94989768014358,108.9980989208394,116.8536455712005,127.31747391783264
138,138.0,23.609458366820412,28.723486016859702,33.83751366689898,0.0,0.0,0.0,28.973764723166624,40.12307834340366,58.833586953344486,19.230749106130638,21.449681695299557,23.668614284468475,19.230749106130638,21.449681695299557,23.668614284468475,3.0,6.0,9.0,55.58322308998704,74.84656436026336,101.67110062024346,74.81397219611767,96.29624605556292,125.33971490471194,74.81397219611767,96.29624605556292,125.33971490471194,-48.621185021838045,-19.283402267048714,20.219554000628676,-48.621185021838045,-19.283402267048714,20.219554000628676,107.72413942726754,115.57964832261163,126.03913574114
139,139.0,20.76557292337283,26.17589774944441,31.58622257551598,0.0,0.0,0.0,26.952238840467324,35.295190958052466,51.43883501548139,19.230749106130638,21.449681695299557,23.668614284468475,19.230749106130638,21.449681695299557,23.668614284468475,3.0,6.0,9.0,50.71781176384015,67.47108870749688,92.02505759099736,69.94856086997079,88.92077040279644,115.69367187546584,69.94856086997079,88.92077040279644,115.69367187546584,-46.880892616604484,-20.678378348232755,15.801204951805659,-46.880892616604484,-20.678378348232755,15.801204951805659,102.3688440154831,109.59914875102919,119.3058305783982
140,140.0,20.633516412704335,25.88608508068082,31.338887277551663,0.0,0.0,0.0,25.368320431920186,35.295190958052466,51.43883501548139,19.230749106130638,21.449681695299557,23.668614284468475,19.230749106130638,21.449681695299557,23.668614284468475,3.0,6.0,9.0,49.00183684462452,67.18127603873329,91.77772229303305,68.23258595075515,88.63095773403285,115.44633657750153,68.23258595075515,88.63095773403285,115.44633657750153,-44.36471980764749,-16.70628908200956,19.8875635385199,-44.36471980764749,-16.70628908200956,19.8875635385199,98.07718787368218,105.33724681604241,115.11572059310319
141,141.0,20.58257391551901,25.86899948379065,31.15542505206229,0.0,0.0,0.0,25.368320431920186,35.295190958052466,51.43883501548139,19.230749106130638,21.449681695299557,23.668614284468475,19.230749106130638,21.449681695299557,23.668614284468475,3.0,6.0,9.0,48.950894347439196,67.16419044184312,91.59426006754367,68.18164345356983,88.61387213714268,115.26287435201215,68.18164345356983,88.61387213714268,115.26287435201215,-32.581747625291015,-5.023466814661376,31.11092176515473,-32.581747625291015,-5.023466814661376,31.11092176515473,86.51128682474726,93.63733895180405,103.12272531675069
142,142.0,20.57752955861114,25.69460441945507,31.098809625562865,0.0,0.0,0.0,25.491104899249564,35.295190958052466,51.43883501548139,19.230749106130638,21.449681695299557,23.668614284468475,19.230749106130638,21.449681695299557,23.668614284468475,3.0,6.0,9.0,49.0686344578607,66.98979537750753,91.53764464104425,68.29938356399134,88.4394770728071,115.20625892551273,68.29938356399134,88.4394770728071,115.20625892551273,-30.192292802761898,-2.8273196953377493,33.484140540078826,-30.192292802761898,-2.8273196953377493,33.484140540078826,84.04191716953645,91.26679676814484,100.81147515085578
143,143.0,20.55893417828478,25.195248304787476,29.75698019687061,0.0,0.0,0.0,22.322323672137443,33.90601927265067,50.406550124907795,19.230749106130638,21.449681695299557,23.668614284468475,19.230749106130638,21.449681695299557,23.668614284468475,3.0,6.0,9.0,45.88125785042222,65.10126757743814,89.16353032177841,65.11200695655286,86.5509492727377,112.83214460624689,65.11200695655286,86.5509492727377,112.83214460624689,-31.792761456688496,-3.1114462960044165,32.863824139326,-31.792761456688496,-3.1114462960044165,32.863824139326,82.42002272424287,89.66239556874211,99.35647067056334
144,144.0,20.43328288380997,25.135503518038412,29.693477477465695,0.0,0.0,0.0,22.263594299358964,33.70628713934712,50.406550124907795,19.230749106130638,21.449681695299557,23.668614284468475,19.230749106130638,21.449681695299557,23.668614284468475,3.0,6.0,9.0,45.69687718316894,64.84179065738553,89.10002760237349,64.92762628929958,86.29147235268509,112.76864188684196,64.92762628929958,86.29147235268509,112.76864188684196,-21.14960412426521,7.539232544075659,43.69659611308916,-21.14960412426521,7.539232544075659,43.69659611308916,71.42724920365407,78.75223980860943,88.43243384346606
145,145.0,20.374117099614708,25.106308977998975,29.653683777713173,0.0,0.0,0.0,20.476705808615936,33.549244935589705,50.281370853703194,19.230749106130638,21.449681695299557,23.668614284468475,19.230749106130638,21.449681695299557,23.668614284468475,3.0,6.0,9.0,43.85082290823064,64.65555391358868,88.93505463141636,63.08157201436128,86.10523560888824,112.60366891588484,63.08157201436128,86.10523560888824,112.60366891588484,-10.63163670583176,19.72203687414138,55.89440897281662,-10.63163670583176,19.72203687414138,55.89440897281662,59.05318874930067,66.38319873474686,76.05713752642549
146,146.0,20.320299853571676,24.758569595986017,29.19683933840037,0.0,0.0,0.0,20.476705808615936,33.549244935589705,49.86960522102308,15.988401499956398,17.833217057643672,19.67803261533095,15.988401499956398,17.833217057643672,19.67803261533095,3.0,6.0,9.0,43.797005662187615,64.30781453157573,88.06644455942345,59.78540716214401,82.14103158921941,107.7444771747544,59.78540716214401,82.14103158921941,107.7444771747544,-12.158310716930856,17.493741378266407,52.77693063497952,-12.158310716930856,17.493741378266407,52.77693063497952,57.35086254283114,64.647290210953,74.32703388213113
147,147.0,20.320299853571676,24.60833771869222,28.84255833776972,0.0,0.0,0.0,22.263594299358964,33.70628713934712,49.86960522102308,15.988401499956398,17.833217057643672,19.67803261533095,15.988401499956398,17.833217057643672,19.67803261533095,3.0,6.0,9.0,45.58389415293064,64.31462485803934,87.7121635587928,61.572295652887036,82.14784191568302,107.39019617412374,61.572295652887036,82.14784191568302,107.39019617412374,-7.507458359497832,20.264404666791243,55.072409211756025,-7.507458359497832,20.264404666791243,55.072409211756025,54.68712048539868,61.883437248891774,71.44908753541583
148,148.0,19.758162328363618,24.29327046788131,28.828378607399017,0.0,0.0,0.0,22.322323672137443,33.90601927265067,49.86960522102308,15.988401499956398,17.833217057643672,19.67803261533095,15.988401499956398,17.833217057643672,19.67803261533095,3.0,6.0,9.0,45.08048600050106,64.19928974053198,87.6979838284221,61.06888750045746,82.03250679817566,107.37601644375304,61.06888750045746,82.03250679817566,107.37601644375304,-6.814111903992014,21.273616566506362,56.39880484818124,-6.814111903992014,21.273616566506362,56.39880484818124,53.634781058889125,60.7588902316693,70.5405688677668
149,149.0,19.005323581466655,23.284968635921647,27.564613690376643,0.0,0.0,0.0,22.643829118291514,37.8886432410199,50.281370853703194,15.988401499956398,17.833217057643672,19.67803261533095,15.988401499956398,17.833217057643672,19.67803261533095,3.0,6.0,9.0,44.64915269975817,67.17361187694155,86.84598454407984,60.637554199714565,85.00682893458523,106.52401715941079,60.637554199714565,85.00682893458523,106.52401715941079,-4.224180927233498,26.940179853584993,57.673370538065626,-4.224180927233498,26.940179853584993,57.673370538065626,51.27156303505241,58.066649081000236,67.28265154065531
150,150.0,18.948231407552907,23.04719778443088,27.268001208972848,0.0,0.0,0.0,25.19217573111361,35.87286523463342,49.86960522102308,15.988401499956398,17.833217057643672,19.67803261533095,15.988401499956398,17.833217057643672,19.67803261533095,3.0,6.0,9.0,47.14040713866652,64.9200630190643,86.13760642999593,63.128808638622914,82.75328007670797,105.81563904532688,63.128808638622914,82.75328007670797,105.81563904532688,-1.3564589741406081,25.114168366907606,57.18580166648195,-1.3564589741406081,25.114168366907606,57.18580166648195,50.7929558068372,57.63911170980036,66.6483860407558
151,151.0,18.826394359888923,22.863985648684984,26.840948624398063,0.0,0.0,0.0,25.19217573111361,35.87286523463342,49.54109898716288,15.988401499956398,17.833217057643672,19.67803261533095,15.988401499956398,17.833217057643672,19.67803261533095,3.0,6.0,9.0,47.01857009100253,64.73685088331841,85.38204761156095,63.006971590958926,82.57006794096208,105.0600802268919,63.006971590958926,82.57006794096208,105.0600802268919,0.27407549035508794,26.531510095279742,57.89750684894645,0.27407549035508794,26.531510095279742,57.89750684894645,49.34421959076083,56.038557845682334,64.91454231341922
152,152.0,18.732770444769905,22.786859534583986,26.77973988981706,0.0,0.0,0.0,25.19217573111361,35.87286523463342,49.54109898716288,15.988401499956398,17.833217057643672,19.67803261533095,15.988401499956398,17.833217057643672,19.67803261533095,3.0,6.0,9.0,46.92494617588352,64.6597247692174,85.32083887697993,62.913347675839915,82.49294182686108,104.99887149231088,62.913347675839915,82.49294182686108,104.99887149231088,2.737069931176933,28.861998624097367,60.17635654860655,2.737069931176933,28.861998624097367,60.17635654860655,47.08560866086445,53.63094320276372,62.4393714618231
153,153.0,18.597743669982645,22.62559745366226,26.712594683736523,0.0,0.0,0.0,27.210636810793986,36.512452288487125,49.54109898716288,15.619952908345688,17.42225516700096,19.22455742565623,15.619952908345688,17.42225516700096,19.22455742565623,3.0,6.0,9.0,48.808380480776634,65.13804974214938,85.25369367089941,64.42833338912232,82.56030490915033,104.47825109655564,64.42833338912232,82.56030490915033,104.47825109655564,6.391758589632033,30.93313240584699,61.497753367935836,6.391758589632033,30.93313240584699,61.497753367935836,45.2177702071164,51.62717250330334,60.27384727798688
154,154.0,18.393160117956057,22.552877400846292,26.653451237341876,0.0,0.0,0.0,27.509230193238473,36.512452288487125,47.6759149875881,14.93974012383361,16.663556291968256,18.387372460102902,14.93974012383361,16.663556291968256,18.387372460102902,3.0,6.0,9.0,48.90239031119453,65.06532968933342,83.32936622492997,63.84213043502814,81.72888598130169,101.71673868503288,63.84213043502814,81.72888598130169,101.71673868503288,6.355430997166067,30.553878128835926,59.03464527973548,6.355430997166067,30.553878128835926,59.03464527973548,44.86331626706945,51.17500785246576,59.66792229963412
155,155.0,14.430546993372982,17.41960063888882,20.40865428440464,0.0,0.0,0.6934661522005617,27.509230193238473,36.512452288487125,44.2744727706736,14.93974012383361,16.663556291968256,18.387372460102902,14.93974012383361,16.663556291968256,18.387372460102902,3.0,6.0,9.0,44.93977718661145,59.93205292737595,74.3765932072788,59.87951731044506,76.5956092193442,92.76396566738171,59.87951731044506,76.5956092193442,92.76396566738171,10.72107541467242,32.565762546753604,55.799371270582434,10.72107541467242,32.565762546753604,55.799371270582434,38.90125144940855,44.029846672590594,51.09509894838191
156,156.0,14.350648672961936,17.34251315941222,20.334377645862503,0.0,0.0,0.7071959190893131,27.509230193238473,35.87286523463342,43.4574082460942,14.93974012383361,16.663556291968256,18.387372460102902,14.93974012383361,16.663556291968256,18.387372460102902,3.0,6.0,9.0,44.85987886620041,59.21537839404564,73.49898181104601,59.79961899003402,75.8789346860139,91.88635427114892,59.79961899003402,75.8789346860139,91.88635427114892,10.732986253936218,31.892749945726713,54.9064538133108,10.732986253936218,31.892749945726713,54.9064538133108,38.905736744476584,43.98618474028719,50.992469022736266
157,157.0,14.312138958470264,17.307131961081883,20.3021249636935,0.0,0.0,0.6982846446036585,27.778577743404043,35.87286523463342,43.4574082460942,14.93974012383361,16.663556291968256,18.387372460102902,14.93974012383361,16.663556291968256,18.387372460102902,3.0,6.0,9.0,45.09071670187431,59.1799971957153,73.45781785439135,60.030456825707915,75.84355348768355,91.84519031449426,60.030456825707915,75.84355348768355,91.84519031449426,10.994440717976829,31.881313114642893,54.877273646235295,10.994440717976829,31.881313114642893,54.877273646235295,38.88846463835023,43.96224037304066,50.95656407782235
158,158.0,14.272052633885057,17.27054046584622,20.269028297807388,0.0,0.0,0.7150653298470219,27.348960943657996,35.63655676155814,43.19046998187858,14.93974012383361,16.663556291968256,18.387372460102902,14.93974012383361,16.663556291968256,18.387372460102902,3.0,6.0,9.0,44.62101357754305,58.907097227404364,73.17456360953298,59.56075370137666,75.57065351937263,91.56193606963589,59.56075370137666,75.57065351937263,91.56193606963589,10.547436461327614,31.626291243296464,54.59187092369221,10.547436461327614,31.626291243296464,54.59187092369221,38.87540731210328,43.94436227607616,50.91865940620865
159,159.0,13.494886815431036,16.725323452706974,19.97324237026104,0.0,0.0,0.5509199472352194,27.210636810793986,35.40829054018199,42.844941362795055,14.435248975320485,16.100854626319002,17.76646027731752,14.435248975320485,16.100854626319002,17.76646027731752,3.0,6.0,9.0,43.70552362622502,58.13361399288896,72.36910368029132,58.14077260154551,74.23446861920796,90.13556395760884,58.14077260154551,74.23446861920796,90.13556395760884,11.512062738695647,32.34030493677145,54.868586412896995,11.512062738695647,32.34030493677145,54.868586412896995,37.15961750202315,41.894163682436506,48.52134982016117
160,160.0,13.588286052174247,16.797324624299854,20.006363196425465,0.0,0.0,0.5940014590397384,27.210636810793986,34.618748799874986,43.19046998187858,14.435248975320485,16.100854626319002,17.76646027731752,14.435248975320485,16.100854626319002,17.76646027731752,3.0,6.0,9.0,43.79892286296823,57.41607342417484,72.79083463734378,58.23417183828872,73.51692805049385,90.5572949146613,58.23417183828872,73.51692805049385,90.5572949146613,11.076068351800629,31.247199007025316,55.07081556505062,11.076068351800629,31.247199007025316,55.07081556505062,37.38135460044897,42.26972904346853,49.052978737326384
161,161.0,14.205916462984634,17.27054046584622,20.269028297807388,0.0,0.0,0.5352013985474904,27.348960943657996,35.40829054018199,43.4574082460942,14.435248975320485,16.100854626319002,17.76646027731752,14.435248975320485,16.100854626319002,17.76646027731752,3.0,6.0,9.0,44.55487740664263,58.678831006028204,73.26163794244907,58.990126381963115,74.77968563234721,91.02809821976659,58.990126381963115,74.77968563234721,91.02809821976659,11.183665358533808,31.922625061917785,55.06110418535053,11.183665358533808,31.922625061917785,55.06110418535053,37.90766011742954,42.857060570429425,49.74712710644279
162,162.0,14.205916462984634,17.307131961081883,20.3021249636935,0.0,0.0,0.5401181500477092,27.637684333606977,35.556195760050265,43.507077248266526,14.435248975320485,16.100854626319002,17.76646027731752,14.435248975320485,16.100854626319002,17.76646027731752,3.0,6.0,9.0,44.84360079659161,58.86332772113215,73.34932036200775,59.27884977191209,74.96418234745116,91.11578063932527,59.27884977191209,74.96418234745116,91.11578063932527,11.752428609157434,32.33659646795943,55.26801826893066,11.752428609157434,32.33659646795943,55.26801826893066,37.72875059622879,42.627585879491726,49.407409388588846
163,163.0,14.205916462984634,17.34251315941222,20.334377645862503,0.0,0.0,0.5647003168276742,27.637684333606977,35.556195760050265,44.2744727706736,14.435248975320485,16.100854626319002,17.76646027731752,14.435248975320485,16.100854626319002,17.76646027731752,3.0,6.0,9.0,44.84360079659161,58.898708919462486,74.17355073336378,59.27884977191209,74.99956354578148,91.9400110106813,59.27884977191209,74.99956354578148,91.9400110106813,10.829661058233384,31.62971321998843,55.60563572844665,10.829661058233384,31.62971321998843,55.60563572844665,38.2905119379074,43.36985032579305,50.40532536935145
164,164.0,14.205916462984634,17.41960063888882,20.40865428440464,0.0,0.0,0.5647003168276742,27.637684333606977,35.556195760050265,44.62193187518959,14.435248975320485,16.100854626319002,17.76646027731752,14.435248975320485,16.100854626319002,17.76646027731752,3.0,6.0,9.0,44.84360079659161,58.97579639893908,74.5952864764219,59.27884977191209,75.07665102525809,92.36174675373942,59.27884977191209,75.07665102525809,92.36174675373942,10.994973854517397,31.86215747524618,56.17772271150004,10.994973854517397,31.86215747524618,56.17772271150004,38.14511118262912,43.21449355001191,50.24496305778443
165,165.0,14.205916462984634,17.461277753974173,20.716639044963703,0.0,0.0,0.5647003168276742,28.968082496373302,36.95472967411146,46.26681099912405,12.002921426702713,13.387873899014563,14.772826371326415,12.002921426702713,13.387873899014563,14.772826371326415,3.0,6.0,9.0,46.17399895935794,60.416007428085635,76.54815036091543,58.17692038606065,73.8038813271002,91.32097673224185,58.17692038606065,73.8038813271002,91.32097673224185,9.955244352051146,30.650302778409028,55.194992172945085,9.955244352051146,30.650302778409028,55.194992172945085,38.08548106337284,43.15357854869117,50.18117253808558
166,166.0,14.359478136550452,17.614326318821732,20.869174501093003,0.0,0.0,0.5520001069954383,29.230150272775845,37.44904611766637,47.43838249446647,12.002921426702713,13.387873899014563,14.772826371326415,12.002921426702713,13.387873899014563,14.772826371326415,3.0,6.0,9.0,46.589628409326295,61.0633724364881,77.8595571025549,58.59254983602901,74.45124633550266,92.63238347388132,58.59254983602901,74.45124633550266,92.63238347388132,10.790644210314277,31.682071902121933,56.847316712552676,10.790644210314277,31.682071902121933,56.847316712552676,37.73644324104672,42.769174433380726,49.75328210543281
167,167.0,14.399441865416074,17.675136332444126,20.950830799472175,0.0,0.0,0.5352013985474904,29.230150272775845,37.44904611766637,47.43838249446647,12.002921426702713,13.387873899014563,14.772826371326415,12.002921426702713,13.387873899014563,14.772826371326415,3.0,6.0,9.0,46.62959213819192,61.124182450110496,77.92441469248612,58.63251356489463,74.51205634912506,92.69724106381254,58.63251356489463,74.51205634912506,92.69724106381254,11.005021189022358,31.926946146887985,57.09501889722232,11.005021189022358,31.926946146887985,57.09501889722232,37.54272802860188,42.585110202237075,49.56799823788393
168,168.0,15.80533481886583,19.045176821219197,22.285018823572557,0.0,0.0,0.2302741700055953,32.32276213015656,41.46643565505301,52.39035152876446,12.002921426702713,13.387873899014563,14.772826371326415,12.002921426702713,13.387873899014563,14.772826371326415,3.0,6.0,9.0,51.12809694902239,66.5116124762722,83.90564452234261,63.131018375725105,79.89948637528677,98.67847089366903,63.131018375725105,79.89948637528677,98.67847089366903,13.558160179718172,35.65042990808345,61.756360559690656,13.558160179718172,35.65042990808345,61.756360559690656,38.9252547383997,44.24905646720332,51.57600260042826
169,169.0,15.80533481886583,19.045176821219197,22.285018823572557,0.0,0.0,0.2302741700055953,32.32276213015656,41.46643565505301,52.39035152876446,12.002921426702713,13.387873899014563,14.772826371326415,12.002921426702713,13.387873899014563,14.772826371326415,3.0,6.0,9.0,51.12809694902239,66.5116124762722,83.90564452234261,63.131018375725105,79.89948637528677,98.67847089366903,63.131018375725105,79.89948637528677,98.67847089366903,15.965298006689977,37.717245802669126,63.18237478324481,15.965298006689977,37.717245802669126,63.18237478324481,37.19876077620016,42.182240572617644,48.86838503481107
170,170.0,15.80533481886583,19.045176821219197,22.285018823572557,0.0,0.0,0.2302741700055953,32.32276213015656,41.46643565505301,52.39035152876446,12.002921426702713,13.387873899014563,14.772826371326415,12.002921426702713,13.387873899014563,14.772826371326415,3.0,6.0,9.0,51.12809694902239,66.5116124762722,83.90564452234261,63.131018375725105,79.89948637528677,98.67847089366903,63.131018375725105,79.89948637528677,98.67847089366903,15.974349188218326,37.72476923441218,63.18228763228924,15.974349188218326,37.72476923441218,63.18228763228924,37.192765094242404,42.17471714087459,48.85325102036939
