,gross_atmospheric_influx_no_sed_biased_rifts,gross_atmospheric_influx_no_sed_biased_rifts,gross_atmospheric_influx_no_sed_biased_rifts,ratschbacher_gross_atmospheric_influx_no_sed_biased_rifts,ratschbacher_gross_atmospheric_influx_no_sed_biased_rifts,ratschbacher_gross_atmospheric_influx_no_sed_biased_rifts,gross_atmospheric_influx_no_sed_unbiased_rifts,gross_atmospheric_influx_no_sed_unbiased_rifts,gross_atmospheric_influx_no_sed_unbiased_rifts,ratschbacher_gross_atmospheric_influx_no_sed_unbiased_rifts,ratschbacher_gross_atmospheric_influx_no_sed_unbiased_rifts,ratschbacher_gross_atmospheric_influx_no_sed_unbiased_rifts,net_carbon_outflux_no_sed_unbiased_rifts,net_carbon_outflux_no_sed_unbiased_rifts,net_carbon_outflux_no_sed_unbiased_rifts,net_carbon_outflux_no_sed_with_sediment_storage_unbiased_rifts,net_carbon_outflux_no_sed_with_sediment_storage_unbiased_rifts,net_carbon_outflux_no_sed_with_sediment_storage_unbiased_rifts,ratschbacher_net_carbon_outflux_no_sed_unbiased_rifts,ratschbacher_net_carbon_outflux_no_sed_unbiased_rifts,ratschbacher_net_carbon_outflux_no_sed_unbiased_rifts,net_carbon_outflux_no_sed_biased_rifts,net_carbon_outflux_no_sed_biased_rifts,net_carbon_outflux_no_sed_biased_rifts,ratschbacher_net_carbon_outflux_no_sed_biased_rifts,ratschbacher_net_carbon_outflux_no_sed_biased_rifts,ratschbacher_net_carbon_outflux_no_sed_biased_rifts,carbon_flux_ratio_with_sed_unbiased_rifts,carbon_flux_ratio_with_sed_unbiased_rifts,carbon_flux_ratio_with_sed_unbiased_rifts,ratschbacher_carbon_flux_ratio_with_sed_unbiased_rifts,ratschbacher_carbon_flux_ratio_with_sed_unbiased_rifts,ratschbacher_carbon_flux_ratio_with_sed_unbiased_rifts,carbon_flux_ratio_with_sed_biased_rifts,carbon_flux_ratio_with_sed_biased_rifts,carbon_flux_ratio_with_sed_biased_rifts,ratschbacher_carbon_flux_ratio_with_sed_biased_rifts,ratschbacher_carbon_flux_ratio_with_sed_biased_rifts,ratschbacher_carbon_flux_ratio_with_sed_biased_rifts,GAST,GAST,GAST
,min,mean,max,min,mean,max,min,mean,max,min,mean,max,min,mean,max,min,mean,max,min,mean,max,min,mean,max,min,mean,max,min,mean,max,min,mean,max,min,mean,max,min,mean,max,min,mean,max
Age (Ma),,,,,,,,,,,,,,,,,,,,,,,,,,,,,,,,,,,,,,,,,,
0,109.10693529309759,137.80974986229091,168.38925920787787,49.33716994800083,57.0519748103425,67.48887043833585,109.10693529309759,137.80974986229091,168.38925920787787,49.33716994800083,57.0519748103425,67.48887043833585,71.68514742303022,104.35085027221697,140.2887594045459,48.964998913030215,78.78726887221697,111.88174615454591,7.79777980553321,23.593075220268553,35.27076836260366,71.68514742303022,104.35085027221697,140.2887594045459,7.79777980553321,23.593075220268553,39.388370635003895,0.6317910204090909,0.8143149722511495,0.984987876105013,0.27453062304455056,0.337118943550668,0.38338403186085235,0.6317910204090909,0.8143149722511495,0.984987876105013,0.27453062304455056,0.337118943550668,0.38338403186085235,12.6686245330859,17.29271350281715,21.9168024725484
1,112.80184680471626,139.07932457835287,169.92183706485608,50.586868069287306,58.32154952640444,69.02144829531404,112.80184680471626,139.07932457835287,169.92183706485608,50.586868069287306,58.32154952640444,69.02144829531404,75.20576363285205,105.477161149425,141.79417532268192,51.931945622852055,79.290744899425,112.69516154268192,8.544985641813248,24.719386097476573,36.44798729753005,75.20576363285205,105.477161149425,141.79417532268192,8.544985641813248,24.719386097476573,40.8937865531399,0.6256216569439458,0.8062355774700622,0.9597041715291592,0.27513908687378286,0.3380869752130514,0.383602645958181,0.6256216569439458,0.8062355774700622,0.9597041715291592,0.27513908687378286,0.3380869752130514,0.383602645958181,12.7049300694091,17.4147854464743,22.1246408235395
2,112.80184680471626,139.07932457835287,169.59925135470485,50.586868069287306,58.32154952640444,68.69886258516283,112.80184680471626,139.07932457835287,169.59925135470485,50.586868069287306,58.32154952640444,68.69886258516283,74.35566930907237,104.72654464331131,140.79293806506072,51.08185129907237,78.5401283933113,111.69392428506072,8.044989887207066,23.968769591362886,35.79684860908236,74.35566930907237,104.72654464331131,140.79293806506072,8.044989887207066,23.968769591362886,39.892549295518705,0.6247220670890843,0.8027426158357833,0.9555930506533451,0.275764408528246,0.3366222360394537,0.3819684176937893,0.6247220670890843,0.8027426158357833,0.9555930506533451,0.275764408528246,0.3366222360394537,0.3819684176937893,12.7352214410834,17.52673280729755,22.3182441735117
3,112.89872822113394,139.29253460376577,173.08153231320563,50.68374948570497,58.38944061078401,68.70736991936141,112.89872822113394,139.29253460376577,173.08153231320563,50.68374948570497,58.38944061078401,68.70736991936141,74.193111001966,104.5719777174205,143.8895639680643,42.381628751966005,68.7848378874205,104.1267660980643,7.822365874657386,23.66888372443873,35.35963518234041,74.193111001966,104.5719777174205,143.8895639680643,7.822365874657386,23.66888372443873,39.51540157422007,0.44577897165835817,0.589421830596821,0.7015496577622787,0.20303552817072917,0.24707721106686098,0.2799492580733731,0.44577897165835817,0.589421830596821,0.7015496577622787,0.20303552817072917,0.24707721106686098,0.2799492580733731,12.7598041134973,17.62911323751195,22.4984223615266
4,111.9054151024524,142.85952800772617,176.90190440412192,49.70913636702344,57.415351505392245,67.87783664072325,111.9054151024524,142.85952800772617,176.90190440412192,49.70913636702344,57.415351505392245,67.87783664072325,72.67566192601026,107.81959924580133,147.41620640930927,40.132204366010264,71.20532399580134,106.73111319930928,6.358706841024208,22.375422743467404,34.27146229635349,72.67566192601026,107.81959924580133,147.41620640930927,6.358706841024208,22.375422743467404,38.3921386459106,0.45913320260482554,0.6036823661133356,0.7349212967994854,0.19804379612846854,0.2426203959327762,0.27546669185184625,0.45913320260482554,0.6036823661133356,0.7349212967994854,0.19804379612846854,0.2426203959327762,0.27546669185184625,12.7790036459293,17.722527904219902,22.6660521625105
5,111.93427439692613,148.89443443995643,181.99514046129423,49.307478194076204,57.01983424803871,67.2660333576281,111.93427439692613,148.89443443995643,181.99514046129423,49.307478194076204,57.01983424803871,67.2660333576281,72.57549125629365,113.6929905197754,152.29911652700113,37.957119786293646,74.7484034997754,109.02831506700113,6.066771232380368,21.818390327857692,33.68808560227166,72.57549125629365,113.6929905197754,152.29911652700113,6.066771232380368,21.818390327857692,37.570009423335016,0.489096386695649,0.6298945776269927,0.7866456745991744,0.19751224503741413,0.24122113459192632,0.2741227536080679,0.489096386695649,0.6298945776269927,0.7866456745991744,0.19751224503741413,0.24122113459192632,0.2741227536080679,12.7931575101289,17.807583469561948,22.822009428995
6,118.59851265405754,155.51650307582784,189.26016688296582,53.23657065557684,61.451492147676,72.25228711292459,118.59851265405754,155.51650307582784,189.26016688296582,53.23657065557684,61.451492147676,72.25228711292459,78.90091938428492,120.00625895734896,159.2365449319941,43.05864297428492,79.68818496734896,114.44267386199411,9.653830896441349,25.94124802919712,38.343518672590015,78.90091938428492,120.00625895734896,159.2365449319941,9.653830896441349,25.94124802919712,42.22866516195289,0.5179533750315661,0.6625422416586505,0.8202663050513623,0.2153805005377233,0.26179992833904253,0.29710795109919336,0.5179533750315661,0.6625422416586505,0.8202663050513623,0.2153805005377233,0.26179992833904253,0.29710795109919336,12.802609862647,17.8848791783548,22.9671484940626
7,118.46733843558927,156.47331371366138,189.83769444341502,53.14789643710857,61.37543921937339,72.23377188906784,118.46733843558927,156.47331371366138,189.83769444341502,53.14789643710857,61.37543921937339,72.23377188906784,78.56187643608945,120.69449637391978,159.49615326003308,43.03979579608945,80.73557427391978,115.10038999003308,9.301013053577655,25.596621879631783,37.95080932165482,78.56187643608945,120.69449637391978,159.49615326003308,9.301013053577655,25.596621879631783,41.89223070568591,0.5242306282270462,0.6673716069784128,0.8298952475511239,0.2150634564577491,0.2617713176049582,0.29716363310886335,0.5242306282270462,0.6673716069784128,0.8298952475511239,0.2150634564577491,0.2617713176049582,0.29716363310886335,12.8077077208687,17.95500276277265,23.1022978046766
8,118.56623746858004,156.52911168867493,191.20895912508095,53.10602497313808,61.416831411919034,72.31675097879813,118.56623746858004,156.52911168867493,191.20895912508095,53.10602497313808,61.416831411919034,72.31675097879813,78.24020614331474,120.56352907485193,160.89349793500583,42.83146162331474,80.73397801485193,116.64314064500583,8.901207807469056,25.45124879809603,38.122503948319284,78.24020614331474,120.56352907485193,160.89349793500583,8.901207807469056,25.45124879809603,42.00128978872301,0.5138254333705877,0.6611552070721824,0.8219663291128463,0.21296137480492033,0.2594153729730937,0.2948426195664423,0.5138254333705877,0.6611552070721824,0.8219663291128463,0.21296137480492033,0.2594153729730937,0.2948426195664423,12.808797688244,18.0185131259346,23.2282285636252
9,118.33685448351979,156.15768156560304,190.84095572364757,52.932326442834196,61.094042204440875,71.99887950348611,118.33685448351979,156.15768156560304,190.84095572364757,52.932326442834196,61.094042204440875,71.99887950348611,78.17018713680838,120.23036873602402,160.4968880740081,42.76144261680838,80.40081767602402,116.2465307840081,8.678646895877051,25.166729374861852,37.56779965360092,78.17018713680838,120.23036873602402,160.4968880740081,8.678646895877051,25.166729374861852,41.65481185384665,0.5127618389532271,0.6602268706539655,0.8205687184005782,0.21179600528768702,0.2583025560820321,0.2931190783074445,0.5127618389532271,0.6602268706539655,0.8205687184005782,0.21179600528768702,0.2583025560820321,0.2931190783074445,12.8062224433314,18.0759176122646,23.3456127811978
10,118.13697760030139,155.97489552223394,190.69543757488623,52.788134014372176,60.95989707666546,71.90349328084616,118.13697760030139,155.97489552223394,190.69543757488623,52.788134014372176,60.95989707666546,71.90349328084616,77.91285656408706,119.99426260517762,160.5144533966959,45.09834711408706,83.07384385517761,119.4881254566959,8.236019216562475,24.97926415960916,37.394515341060455,77.91285656408706,119.99426260517762,160.5144533966959,8.236019216562475,24.97926415960916,41.72250910265584,0.50822349903366,0.6548691681973976,0.8141616168031218,0.2095754436520998,0.2559434770469473,0.29055477847599503,0.50822349903366,0.6548691681973976,0.8141616168031218,0.2095754436520998,0.2559434770469473,0.29055477847599503,12.8003162437902,18.1276604612126,23.455004678635
11,118.28541599338322,156.17164421897093,190.94049657527842,52.9922568622104,61.210989066018286,72.19868420735972,118.28541599338322,156.17164421897093,190.94049657527842,52.9922568622104,61.210989066018286,72.19868420735972,78.19962439352965,120.31123144564887,160.85173680170104,46.123534133529645,84.22067686564887,120.74671821170104,8.591228151610125,25.350576292696232,37.794687323035646,78.19962439352965,120.31123144564887,160.85173680170104,8.591228151610125,25.350576292696232,42.10992443378234,0.5111894060807907,0.658714710200888,0.8189452781793504,0.21141204209442221,0.2581811770336348,0.2931509266018958,0.5111894060807907,0.658714710200888,0.8189452781793504,0.21141204209442221,0.2581811770336348,0.2931509266018958,12.7913986922673,18.1741181766067,23.5568376609461
12,117.81043759076715,155.6701589899694,190.4125045198914,52.572517720543104,60.76719614470905,71.725553408851,117.81043759076715,155.6701589899694,190.4125045198914,52.572517720543104,60.76719614470905,71.725553408851,77.8095414831596,119.89464170889337,160.40864023856005,46.9568318031596,85.18092570889337,121.83391826856005,8.261668599746415,24.991678863633034,37.4117361143305,77.8095414831596,119.89464170889337,160.40864023856005,8.261668599746415,24.991678863633034,41.72168912751965,0.5153049917290737,0.6645109753096206,0.8265670406082851,0.21218500467127663,0.2593976201922781,0.2946898446880275,0.5153049917290737,0.6645109753096206,0.8265670406082851,0.21218500467127663,0.2593976201922781,0.2946898446880275,12.77976594846,18.215588125485,23.65141030251
13,117.53176186325062,155.12551791037868,189.85805677365084,52.07499464035425,60.28024737281064,71.22686774439484,117.53176186325062,155.12551791037868,189.85805677365084,52.07499464035425,60.28024737281064,71.22686774439484,77.65359311186549,119.46748792472556,160.1794730740925,49.36683456186549,87.64392620472556,124.8191081140925,7.696150729478553,24.622217387157527,37.047608885345944,77.65359311186549,119.46748792472556,160.1794730740925,7.696150729478553,24.622217387157527,41.5482840448365,0.5171253265251675,0.667580155298856,0.8298179315259748,0.21183585800535193,0.25941506880797977,0.2950391530134666,0.5171253265251675,0.667580155298856,0.8298179315259748,0.21183585800535193,0.25941506880797977,0.2950391530134666,12.765678416584,18.2522684941569,23.7388585717298
14,121.92133697501426,155.26044543137758,190.17529559057937,52.18200515009774,60.53591389956345,71.59986864310775,121.92133697501426,155.26044543137758,190.17529559057937,52.18200515009774,60.53591389956345,71.59986864310775,81.40029780332685,119.09855912147194,159.73108933822428,53.93348545332685,88.19545632147194,125.39169739822428,7.592392788562947,24.3740275896578,37.087089200905275,81.40029780332685,119.09855912147194,159.73108933822428,7.592392788562947,24.3740275896578,41.15566239075265,0.514056384274834,0.6643324420750899,0.8075218426841682,0.21125966139941502,0.2590226467688393,0.2950925926952305,0.514056384274834,0.6643324420750899,0.8075218426841682,0.21125966139941502,0.2590226467688393,0.2950925926952305,12.7493436270026,18.2842293221532,23.8191150173038
15,123.01860828392182,155.14349847649774,190.01602095689086,52.09415471434329,60.476659252375924,71.49635609120362,123.01860828392182,155.14349847649774,190.01602095689086,52.09415471434329,60.476659252375924,71.49635609120362,81.59690441895201,118.15552525909254,159.05107956928026,55.10806713895201,88.35089732909255,125.93066070928026,6.445957366348431,23.48868603497072,36.30492122056797,81.59690441895201,118.15552525909254,159.05107956928026,6.445957366348431,23.48868603497072,40.53141470359301,0.5157697787308115,0.6665937802527792,0.8052053676812927,0.21202299795536056,0.25984566097822936,0.29620073481074566,0.5157697787308115,0.6665937802527792,0.8052053676812927,0.21202299795536056,0.25984566097822936,0.29620073481074566,12.7308924486455,18.3113803599393,23.8918682712331
16,122.64104639153189,154.83148590485095,189.4645734739549,51.76885270895902,60.22233898842144,71.00067069005208,122.64104639153189,154.83148590485095,189.4645734739549,51.76885270895902,60.22233898842144,71.00067069005208,80.58920924007046,117.31435524014877,158.09519207159576,54.10037196007046,87.50972731014878,124.97477321159576,5.779127359745587,22.705208323719262,35.69340108994094,80.58920924007046,117.31435524014877,158.09519207159576,5.779127359745587,22.705208323719262,39.63128928769294,0.514913897800745,0.6646054313152817,0.803385341548132,0.2117354220322828,0.258500997676991,0.2951343185363682,0.514913897800745,0.6646054313152817,0.803385341548132,0.2117354220322828,0.258500997676991,0.2951343185363682,12.7103457032967,18.33343179431255,23.9565178853284
17,122.30022130323198,154.2366763837401,185.46688277121874,51.48028750766474,59.908489532323124,70.5705033142795,122.30022130323198,154.2366763837401,185.46688277121874,51.48028750766474,59.908489532323124,70.5705033142795,81.30951996552656,117.62179053352197,155.01048784794426,54.82068268552656,87.81716260352198,121.89006898794426,6.473098973204948,23.293603682104994,36.097621194250664,81.30951996552656,117.62179053352197,155.01048784794426,6.473098973204948,23.293603682104994,40.11410839100504,0.5317859010408363,0.6682683102818914,0.8072196919618868,0.21285613274591042,0.2595682558128989,0.29641562432040136,0.5317859010408363,0.6682683102818914,0.8072196919618868,0.21285613274591042,0.2595682558128989,0.29641562432040136,12.6875663309526,18.34984292298255,24.0121195150125
18,121.1900027292451,153.88673338973464,185.0348078185438,51.65971045235118,60.11580938537577,70.43206046823391,121.1900027292451,153.88673338973464,185.0348078185438,51.65971045235118,60.11580938537577,70.43206046823391,79.84405075532149,116.97578679382663,154.3269438213823,53.33596633532149,87.15081318382663,121.1850806913823,6.685529107863125,23.204862789467754,36.095967100507934,79.84405075532149,116.97578679382663,154.3269438213823,6.685529107863125,23.204862789467754,39.72419647107238,0.5303054803644779,0.6663666229278921,0.8085285183954964,0.215100155640262,0.260315934988727,0.2972725774393878,0.5303054803644779,0.6663666229278921,0.8085285183954964,0.215100155640262,0.260315934988727,0.2972725774393878,12.6621888845042,18.3597524571538,24.0573160298034
19,121.18501464344035,153.8817453039299,185.02981973273907,51.70752625578882,60.17888412679615,70.49038709378857,121.18501464344035,153.8817453039299,185.02981973273907,51.70752625578882,60.17888412679615,70.49038709378857,79.65523848242572,116.9362916082974,154.19472403487651,51.368479932425714,85.1127298882974,118.83435907487652,6.811569466401252,23.23343043116364,36.289110767553105,79.65523848242572,116.9362916082974,154.19472403487651,6.811569466401252,23.23343043116364,39.65529139592603,0.5302755145128462,0.6662902807684105,0.8084797860403221,0.21539093791680852,0.2605676555200121,0.2976105242667081,0.5302755145128462,0.6662902807684105,0.8084797860403221,0.21539093791680852,0.2605676555200121,0.2976105242667081,12.6335126836289,18.361881270647,24.0902498576651
20,120.45246084146831,153.14919150195786,184.29726593076703,51.0381123855574,59.514393152049244,69.82114800317594,120.45246084146831,153.14919150195786,184.29726593076703,51.0381123855574,59.514393152049244,69.82114800317594,78.79057613480325,116.0796409575506,153.3930502720644,50.95575816480324,84.76344841755059,118.59548292206438,5.972752870810673,22.444842607641974,35.51345753639162,78.79057613480325,116.0796409575506,153.3930502720644,5.972752870810673,22.444842607641974,38.916932344473274,0.5264063847410059,0.6622495032077199,0.8042473881263292,0.21225921818724328,0.25735282643101437,0.29436062677377983,0.5264063847410059,0.6622495032077199,0.8042473881263292,0.21225921818724328,0.25735282643101437,0.29436062677377983,12.6003384651992,18.3543987007306,24.108458936262
21,119.27794837069277,151.78962106806637,184.32800764119392,51.24217884141086,59.65921377338746,69.91520442496223,119.27794837069277,151.78962106806637,184.32800764119392,51.24217884141086,59.65921377338746,69.91520442496223,78.22125079617567,115.19837744271433,154.2483317005807,48.74604376617567,82.03645553271434,117.39969588058071,6.300411811721844,23.06797014803543,35.95045902917709,78.22125079617567,115.19837744271433,154.2483317005807,6.300411811721844,23.06797014803543,39.83552848434901,0.5084713047158118,0.648695838554482,0.7881897820878475,0.21056156917779978,0.25496264786690714,0.2912616990234361,0.5084713047158118,0.648695838554482,0.7881897820878475,0.21056156917779978,0.25496264786690714,0.2912616990234361,12.5607328995321,18.33477066117295,24.1088084228138
22,115.07361280907173,151.8330150192323,184.09033239760302,51.32883829342795,59.76897718279218,69.74083726831313,115.07361280907173,151.8330150192323,184.09033239760302,51.32883829342795,59.76897718279218,69.74083726831313,74.10896931751728,115.2912889376383,153.9026724563205,42.59905891751728,79.8422368476383,114.5144788563205,6.901324875365731,23.22725110119817,36.09030740052285,74.10896931751728,115.2912889376383,153.9026724563205,6.901324875365731,23.22725110119817,39.55317732703061,0.5056151309211314,0.6434007052054348,0.7996367495488131,0.21047125032804062,0.25327430970098946,0.28935350283646083,0.5056151309211314,0.6434007052054348,0.7996367495488131,0.21047125032804062,0.25327430970098946,0.28935350283646083,12.5117889336019,18.299789909306,24.0877908850101
23,114.27788951449779,152.29647066757238,185.1163132736035,51.80417069744611,60.2910880528776,70.59974185576303,114.27788951449779,152.29647066757238,185.1163132736035,51.80417069744611,60.2910880528776,70.59974185576303,72.10796719966058,114.73483470832556,154.1116247769065,40.59805679966058,79.28578261832556,114.7234311769065,5.863850828195567,22.72945209363079,35.82465580465268,72.10796719966058,114.73483470832556,154.1116247769065,5.863850828195567,22.72945209363079,39.595053359066014,0.49687689166690413,0.6347639088558482,0.7936917497881855,0.20777885477048139,0.25129017470898923,0.28699097940769813,0.49687689166690413,0.6347639088558482,0.7936917497881855,0.20777885477048139,0.25129017470898923,0.28699097940769813,12.4499189257388,18.24674771934695,24.0435765129551
24,114.75882277020264,154.0092773818325,187.37210140919538,53.414582106796004,62.06254998888309,72.75148928619649,114.75882277020264,154.0092773818325,187.37210140919538,53.414582106796004,62.06254998888309,72.75148928619649,72.18473257200364,116.08354273325509,156.05473612174677,40.59046000200364,80.54228020325509,116.56648369174677,6.839506681863469,24.136815340305667,37.433138772014345,72.18473257200364,116.08354273325509,156.05473612174677,6.839506681863469,24.136815340305667,41.434123998747864,0.49692086220451426,0.6357245632205389,0.7982024137341712,0.21151169531476985,0.25618383616083235,0.29221805208836,0.49692086220451426,0.6357245632205389,0.7982024137341712,0.21151169531476985,0.25618383616083235,0.29221805208836,12.3739494054309,18.1790386072468,23.9841278090627
25,114.86935016989337,154.11980478152321,187.25523063122944,53.58982427976804,62.231732610319156,72.69785961494992,114.86935016989337,154.11980478152321,187.25523063122944,53.58982427976804,62.231732610319156,72.69785961494992,72.31308479470395,116.1940701329458,155.93786534378083,40.71881222470395,80.6528076029458,116.44961291378083,7.2315015959821665,24.30599796174173,37.57843701890484,72.31308479470395,116.1940701329458,155.93786534378083,7.2315015959821665,24.30599796174173,41.380494327501296,0.49050395100918126,0.626176200819281,0.7860821346797233,0.20978095488388995,0.25284245559207147,0.28827458494045166,0.49050395100918126,0.626176200819281,0.7860821346797233,0.20978095488388995,0.25284245559207147,0.28827458494045166,12.2935203081192,18.1181159224802,23.9427115368412
26,114.33967251592074,154.7099537425405,189.11578963820773,54.053130659708444,62.670177544651125,73.12880233833069,114.33967251592074,154.7099537425405,189.11578963820773,54.053130659708444,62.670177544651125,73.12880233833069,71.82866625923094,116.79710079018326,157.9829411412631,42.20315458923094,83.46606123018327,120.94637451126309,7.518695343201713,24.757324592293884,37.97252478156913,71.82866625923094,116.79710079018326,157.9829411412631,7.518695343201713,24.757324592293884,41.995953841386054,0.48774293982817907,0.628606827503124,0.7930564664486711,0.2115673011730571,0.2546371486281963,0.289971070299853,0.48774293982817907,0.628606827503124,0.7930564664486711,0.2115673011730571,0.2546371486281963,0.289971070299853,12.2399159934469,18.1146327074431,23.9893494214393
27,114.7138838327335,156.77727048030872,193.56312941240424,54.498770547949775,63.10304408320923,73.62209265300686,114.7138838327335,156.77727048030872,193.56312941240424,54.498770547949775,63.10304408320923,73.62209265300686,72.25623491764635,118.91773136224315,162.4490505886425,44.08031561764635,87.21046691224315,127.2104411786425,7.978996101042192,25.243504965143657,38.44588829742469,72.25623491764635,118.91773136224315,162.4490505886425,7.978996101042192,25.243504965143657,42.50801382924512,0.4844436107173962,0.6342706237545421,0.8048541630540007,0.21217149010670297,0.2552947057239051,0.29042730574206177,0.4844436107173962,0.6342706237545421,0.8048541630540007,0.21217149010670297,0.2552947057239051,0.29042730574206177,12.2113879864524,18.1401279105691,24.0688678346858
28,114.2039306845586,161.98311361406297,196.416134988484,54.06024597120344,62.8571493800746,73.59308562586298,114.2039306845586,161.98311361406297,196.416134988484,54.06024597120344,62.8571493800746,73.59308562586298,71.19559888932525,123.66988746781388,164.89079328954136,43.48598342932526,92.49384465781388,130.24832298954135,7.020102540730662,24.54392323382551,38.03593229168092,71.19559888932525,123.66988746781388,164.89079328954136,7.020102540730662,24.54392323382551,42.06774392692036,0.5139300884611713,0.654131158054182,0.8474744818372946,0.20992462205112966,0.2538339892264131,0.2896827628383123,0.5139300884611713,0.654131158054182,0.8474744818372946,0.20992462205112966,0.2538339892264131,0.2896827628383123,12.2118157352633,18.1962421700297,24.1806686047961
29,115.13789524220233,161.99552270922226,196.4285440836433,54.1440836377913,62.934240128226804,73.68988290667627,115.13789524220233,161.99552270922226,196.4285440836433,54.1440836377913,62.934240128226804,73.68988290667627,71.70212064058433,123.29232115761516,164.32751997688462,44.278572160584325,92.43837239761515,130.04317144688463,6.873218353321803,24.231038576619703,37.75376811706612,71.70212064058433,123.29232115761516,164.32751997688462,6.873218353321803,24.231038576619703,41.5888587999176,0.5131574617443013,0.653050918083025,0.8423580406202573,0.2098244113887989,0.25370616796840845,0.28947088762506135,0.5131574617443013,0.653050918083025,0.8423580406202573,0.2098244113887989,0.25370616796840845,0.28947088762506135,12.2445906264649,18.2847264884078,24.3248623503507
30,116.70912592225407,162.43460148828953,197.42350868992276,54.21551220921987,63.46369218823709,74.76923569860976,116.70912592225407,162.43460148828953,197.42350868992276,54.21551220921987,63.46369218823709,74.76923569860976,73.18734892802318,123.6280719131206,165.3184866465754,46.166376588023184,93.2252487431206,131.5338126465754,6.650111570873925,24.657162613068166,38.62059001114736,73.18734892802318,123.6280719131206,165.3184866465754,6.650111570873925,24.657162613068166,42.66421365526241,0.5124529647615182,0.654548322964769,0.8392234713172186,0.20965660766235183,0.2557340179392607,0.2933160381247937,0.5124529647615182,0.654548322964769,0.8392234713172186,0.20965660766235183,0.2557340179392607,0.2933160381247937,12.3124788565688,18.40676894992655,24.5010590432843
31,118.86387674595416,162.99988991503236,197.56098997057848,55.06555284873134,64.11935389592294,74.99110516491946,118.86387674595416,162.99988991503236,197.56098997057848,55.06555284873134,64.11935389592294,74.99110516491946,75.1638097140958,124.01816530451013,165.35187107460916,48.345221704095806,93.83755511451014,131.80923893460917,7.493272301851299,25.13762928540072,38.90977275392845,75.1638097140958,124.01816530451013,165.35187107460916,7.493272301851299,25.13762928540072,42.78198626895014,0.5177558177459434,0.6585462060161139,0.8373042726396085,0.21456074793344976,0.2590526733630046,0.2959633490271268,0.5177558177459434,0.6585462060161139,0.8373042726396085,0.21456074793344976,0.2590526733630046,0.2959633490271268,12.4174997522581,18.56271049792245,24.7079212435868
32,118.62495257226695,163.06356313871112,197.59766469960636,54.90167938498328,64.27340040054474,75.11380256172276,118.62495257226695,163.06356313871112,197.59766469960636,54.90167938498328,64.27340040054474,75.11380256172276,74.39663398667918,123.5869766007228,164.92630492098056,50.27028449667918,96.4379577507228,134.75461634098056,7.1511849420159095,24.796813862556426,38.92026692571734,74.39663398667918,123.5869766007228,164.92630492098056,7.1511849420159095,24.796813862556426,42.44244278309694,0.5596120525134732,0.7118447027243578,0.9064000848078109,0.23253021588002834,0.28058187077814295,0.32190551326848643,0.5596120525134732,0.7118447027243578,0.9064000848078109,0.23253021588002834,0.28058187077814295,0.32190551326848643,12.5608112036413,18.752489847338552,24.9441684910358
33,118.64076925154865,162.2987176539054,194.2017378262989,54.99254677420413,64.30155557579157,74.59854996325411,118.64076925154865,162.2987176539054,194.2017378262989,54.99254677420413,64.30155557579157,74.59854996325411,74.09509468217013,122.65182442100956,161.40190371930944,53.98128211217013,100.02130426100956,136.25467558930944,7.510608829526774,24.654662342895712,38.862452480965814,74.09509468217013,122.65182442100956,161.40190371930944,7.510608829526774,24.654662342895712,41.79871585626465,0.5712662015564868,0.713065168597786,0.9054909144272238,0.23647959908998922,0.2825111635541527,0.3238601425602721,0.5712662015564868,0.713065168597786,0.9054909144272238,0.23647959908998922,0.2825111635541527,0.3238601425602721,12.7426068900532,18.97571983785265,25.2088327856521
34,117.93923992492755,158.49909106351947,192.75301049559897,54.36606815752218,63.35740575724188,73.82498295912036,117.93923992492755,158.49909106351947,192.75301049559897,54.36606815752218,63.35740575724188,73.82498295912036,73.90908526164783,119.33659017243096,160.48647034150594,54.26295043164783,97.24029714243096,135.94001902150595,6.831366927279404,24.194904866153365,38.05389623806427,73.90908526164783,119.33659017243096,160.48647034150594,6.831366927279404,24.194904866153365,41.558442805027326,0.5540413748406681,0.7087676568959429,0.8907959635192386,0.23570151136266215,0.28331821794214346,0.3239953910353514,0.5540413748406681,0.7087676568959429,0.8907959635192386,0.23570151136266215,0.28331821794214346,0.3239953910353514,12.9620309186006,19.23103171783955,25.5000325170785
35,111.83056526115602,150.02375600430508,183.32982114622786,48.33244420368982,56.79373390074438,66.39252321480858,111.83056526115602,150.02375600430508,183.32982114622786,48.33244420368982,56.79373390074438,66.39252321480858,68.51855250632778,111.34138539761877,151.42006266531916,49.699738236327775,90.16643755761876,127.88898103531916,1.739961854216233,18.11136329405806,31.202295139254545,68.51855250632778,111.34138539761877,151.42006266531916,1.739961854216233,18.11136329405806,34.482764733899884,0.5555560064280542,0.7162434625810395,0.8992713435853324,0.22448702853478347,0.271144662054775,0.311982694970619,0.5555560064280542,0.7162434625810395,0.8992713435853324,0.22448702853478347,0.271144662054775,0.311982694970619,13.2171161752078,19.51564600814725,25.8141758410867
36,110.18021030151203,148.35938795115675,181.2560306550332,46.76183000494227,55.225995061079175,64.41197372758369,110.18021030151203,148.35938795115675,181.2560306550332,46.76183000494227,55.225995061079175,64.41197372758369,66.50504224948696,109.43835496615188,149.16006636463226,48.59994065948696,89.29158418615188,126.77162670463225,0.2939147149658652,16.30496207607431,29.52326219923141,66.50504224948696,109.43835496615188,149.16006636463226,0.2939147149658652,16.30496207607431,32.31600943718276,0.5692494701242264,0.7338444781575945,0.9234806878336522,0.22680579383648314,0.273169713666344,0.3155267841476466,0.5692494701242264,0.7338444781575945,0.9234806878336522,0.22680579383648314,0.273169713666344,0.3155267841476466,13.5047530464802,19.82558503302885,26.1464170195775
37,108.30046443026687,141.73268537645896,176.79662100009762,46.200747440115165,54.93494199275141,64.17488572190365,108.30046443026687,141.73268537645896,176.79662100009762,46.200747440115165,54.93494199275141,64.17488572190365,64.62338834952524,102.81928870786939,144.6338447596246,46.82151224952524,82.79335961786938,122.38386262962459,0.0309811668930422,16.021545324161842,29.519419288950147,64.62338834952524,102.81928870786939,144.6338447596246,0.0309811668930422,16.021545324161842,32.01210948143064,0.5356314831713415,0.7139094177922433,0.8831769789835034,0.2292247834244212,0.2767080320980767,0.32120047804112123,0.5356314831713415,0.7139094177922433,0.8831769789835034,0.2292247834244212,0.2767080320980767,0.32120047804112123,13.820695168084,20.155980610172698,26.4912660522614
38,104.78288355225929,139.64382168097055,174.60694549504345,45.65665737173455,54.3982779625082,63.76450275841475,104.78288355225929,139.64382168097055,174.60694549504345,45.65665737173455,54.3982779625082,63.76450275841475,60.523423311977254,100.2550430772385,142.09300700164022,42.828787341977254,80.3450907772385,119.96773829164022,-1.231565547459212,15.009499358776154,28.621801586099792,60.523423311977254,100.2550430772385,142.09300700164022,-1.231565547459212,15.009499358776154,31.25056426501152,0.531344406196102,0.7111229820971109,0.8895231069300898,0.22834548222291257,0.277018096325259,0.32206112263476505,0.531344406196102,0.7111229820971109,0.8895231069300898,0.22834548222291257,0.277018096325259,0.32206112263476505,14.1596080870805,20.5012707569646,26.8429334268487
39,102.81756030782671,136.6624254458062,169.32521906766155,43.94245958478924,52.78947709533085,62.421112196201705,102.81756030782671,136.6624254458062,169.32521906766155,43.94245958478924,52.78947709533085,62.421112196201705,58.26462788560319,97.09496573352227,136.5744006211428,41.79594807560319,78.55681779352227,115.96678469114278,-3.2262589835890907,13.222017383046918,27.054507603528116,58.26462788560319,97.09496573352227,136.5744006211428,-3.2262589835890907,13.222017383046918,29.670293749682926,0.5440194261666804,0.7173888379093266,0.896041594484858,0.22558742290531963,0.27711041644199474,0.32411432849995003,0.5440194261666804,0.7173888379093266,0.896041594484858,0.22558742290531963,0.27711041644199474,0.32411432849995003,14.5151648888657,20.855193194193898,27.1952214995221
40,100.69617995201878,131.60070347064965,166.0919823348646,43.60116250568399,52.448038792675,61.9805898218176,100.69617995201878,131.60070347064965,166.0919823348646,43.60116250568399,52.448038792675,61.9805898218176,56.31569137271831,92.1550424814566,133.44080805253992,40.603361932718315,74.4642931914566,113.77163916253991,-3.3246599325290163,13.002377803481956,26.784081680580393,56.31569137271831,92.1550424814566,133.44080805253992,-3.3246599325290163,13.002377803481956,29.329415539492928,0.5285833658709145,0.7188728140970011,0.8887982844886679,0.23335252467424697,0.286498994659005,0.335438544829911,0.5285833658709145,0.7188728140970011,0.8887982844886679,0.23335252467424697,0.286498994659005,0.335438544829911,14.8801900733111,21.21087515682865,27.5415602403462
41,89.03347460263056,122.52655400200385,156.94018352633788,43.01289986111913,51.88251194649179,61.31483972508188,89.03347460263056,122.52655400200385,156.94018352633788,43.01289986111913,51.88251194649179,61.31483972508188,44.679765076124845,83.11557344589764,124.30269777991845,31.559334026124844,68.35878126589763,107.90927502991845,-3.734291197891288,12.471531390385586,26.28387244615775,44.679765076124845,83.11557344589764,124.30269777991845,-3.734291197891288,12.471531390385586,28.67735397866246,0.4889501344713953,0.6823081989232846,0.8697627403029848,0.23527187468153193,0.2889158482433748,0.33894373409730727,0.4889501344713953,0.6823081989232846,0.8697627403029848,0.23527187468153193,0.2889158482433748,0.33894373409730727,15.2468495544024,21.5609826897947,27.875115825187
42,88.93756546590528,121.0725845322034,153.43622392123092,43.02509883250195,51.94406401090359,61.451872033373704,88.93756546590528,121.0725845322034,153.43622392123092,43.02509883250195,51.94406401090359,61.451872033373704,44.900495492977655,81.94600897706458,120.97312286472902,32.658067642977656,68.17453130706458,105.67284605472902,-3.3537940653422638,12.817488455764774,26.64694805195522,44.900495492977655,81.94600897706458,120.97312286472902,-3.3537940653422638,12.817488455764774,28.988770976871812,0.49594790969092617,0.6792965512019521,0.8605638139621183,0.23699381355623111,0.2914402436716372,0.34212158682701943,0.49594790969092617,0.6792965512019521,0.8605638139621183,0.23699381355623111,0.2914402436716372,0.34212158682701943,15.6068811924376,21.8978801564808,28.188879120524
43,88.71377186138525,120.49827344821634,153.32564891894123,42.949806102957616,51.83280051350678,61.54151182017254,88.71377186138525,120.49827344821634,153.32564891894123,42.949806102957616,51.83280051350678,61.54151182017254,45.164459252968705,81.76751068484134,121.08952018352615,33.9337025429687,69.13537643484133,107.05600796352614,-3.101307584493881,13.102037750131792,26.80358200572251,45.164459252968705,81.76751068484134,121.08952018352615,-3.101307584493881,13.102037750131792,29.305383084757466,0.4942031822828979,0.6815615998545279,0.8622980260076176,0.23721589326131626,0.29317637034947247,0.34405171017895564,0.4942031822828979,0.6815615998545279,0.8622980260076176,0.23721589326131626,0.29317637034947247,0.34405171017895564,15.9518571977369,22.21385295884475,28.4758487199526
44,88.64786441393402,120.4323660007651,153.4690601635126,43.03497779219703,51.91469180819392,61.81387043316498,88.64786441393402,120.4323660007651,153.4690601635126,43.03497779219703,51.91469180819392,61.81387043316498,45.12644046395029,81.76032270835309,121.34748826332904,34.75958811395029,70.09989109835308,108.39347698332904,-3.2070015014176008,13.242648515781909,26.971743189350512,45.12644046395029,81.76032270835309,121.34748826332904,-3.2070015014176008,13.242648515781909,29.692298532981418,0.49714865884997705,0.6874805721961754,0.8699157461184834,0.23876661314569722,0.29635174675102305,0.34770060239476536,0.49714865884997705,0.6874805721961754,0.8699157461184834,0.23876661314569722,0.29635174675102305,0.34770060239476536,16.2734668066541,22.50140815709485,28.7293495075356
45,88.5934841155457,120.40544751799115,153.57261391960932,43.136209850981814,52.03557206755832,62.04637155768273,88.5934841155457,120.40544751799115,153.57261391960932,43.136209850981814,52.03557206755832,62.04637155768273,44.99171053419176,81.64942131270033,121.36019661759265,35.46961130119176,70.93809574270033,109.45964437759265,-3.2748625311310633,13.279545862267497,27.024655454907126,44.99171053419176,81.64942131270033,121.36019661759265,-3.2748625311310633,13.279545862267497,29.833954255666058,0.5102726293320794,0.7068743137608432,0.8947149771732755,0.24555807173724906,0.3054895775451694,0.35845368009780953,0.5102726293320794,0.7068743137608432,0.8947149771732755,0.24555807173724906,0.3054895775451694,0.35845368009780953,16.5638044375748,22.7535726627233,28.9433408878718
46,94.19730359076125,120.16161209659437,153.35362732322093,42.76749921603351,51.62632917320579,61.981262628435154,94.19730359076125,120.16161209659437,153.35362732322093,42.76749921603351,51.62632917320579,61.981262628435154,50.79719795883945,81.48840879769065,121.18586745197689,42.14074411083945,71.75084009969065,110.36718360197689,-3.907251008586975,12.953125874302067,26.53885816449244,50.79719795883945,81.48840879769065,121.18586745197689,-3.907251008586975,12.953125874302067,29.81350275719111,0.5144298231828266,0.7134110843299515,0.8688584222528366,0.24390280007526383,0.3065104972611766,0.35980499870008265,0.5144298231828266,0.7134110843299515,0.8688584222528366,0.24390280007526383,0.3065104972611766,0.35980499870008265,16.8156454464295,22.964101986028602,29.1125585256277
47,93.16582313008769,120.47719955296941,150.4491674821511,41.91543052006583,50.79134207223825,61.61535113180867,93.16582313008769,120.47719955296941,150.4491674821511,41.91543052006583,50.79134207223825,61.61535113180867,49.67236807695305,81.96917868779104,118.28829080208278,41.923742103953046,73.25373719979105,108.60603352608278,-4.887832037620591,12.283321207059885,26.144666947188576,49.67236807695305,81.96917868779104,118.28829080208278,-4.887832037620591,12.283321207059885,29.45447445174036,0.6021617847591397,0.8054274341804203,0.989975265595262,0.26577351521109893,0.3395558701199459,0.3999636640833079,0.6021617847591397,0.8054274341804203,0.989975265595262,0.26577351521109893,0.3395558701199459,0.3999636640833079,17.0226899023694,23.12761689194615,29.2325438815229
48,95.13400980000092,122.1970342914886,152.96203853324525,44.063028954684945,52.860302810441794,64.31987137152362,95.13400980000092,122.1970342914886,152.96203853324525,44.063028954684945,52.860302810441794,64.31987137152362,51.398868440486496,83.85972349758956,120.93347896170272,44.181960642486494,75.73779408158956,111.90652796170272,-3.245327766895599,14.522992016542737,28.718096437914966,51.398868440486496,83.85972349758956,120.93347896170272,-3.245327766895599,14.522992016542737,32.291311799981074,0.6558829851414714,0.8813790821281084,1.0795716960967474,0.296812825577795,0.3812691972617391,0.44643508597989967,0.6558829851414714,0.8813790821281084,1.0795716960967474,0.296812825577795,0.3812691972617391,0.44643508597989967,17.1797568771271,23.239695957546402,29.2996350379657
49,95.20756207357981,122.83013602725457,159.28799970130345,44.28411444532425,53.44715060918659,65.04035556511343,95.20756207357981,122.83013602725457,159.28799970130345,44.28411444532425,53.44715060918659,65.04035556511343,52.82800183811768,84.91134508248741,128.37543736926153,46.374635832117676,77.64919314348741,120.30449929126154,-3.0710739042326196,15.52835966441944,29.15216511897676,52.82800183811768,84.91134508248741,128.37543736926153,-3.0710739042326196,15.52835966441944,34.1277932330715,0.684062780731524,0.9800804157100784,1.2032286901424822,0.3309361793722387,0.4264629779124213,0.5011353059278831,0.684062780731524,0.9800804157100784,1.2032286901424822,0.3309361793722387,0.4264629779124213,0.5011353059278831,17.2829211765706,23.29693483209755,29.3109484876245
50,95.87184361862391,123.19487973446637,159.64483176424798,45.08586229764598,53.98793988962413,65.54860718641757,95.87184361862391,123.19487973446637,159.64483176424798,45.08586229764598,53.98793988962413,65.54860718641757,53.4271556262314,85.0914332470028,128.34998646048427,47.5579891442314,78.4892428750028,121.01477258448428,-2.4847750783327456,15.884493402160558,29.12781249906765,53.4271556262314,85.0914332470028,128.34998646048427,-2.4847750783327456,15.884493402160558,34.25376188265386,0.6831697154527951,0.9770162896303883,1.1963012136986362,0.3336061490309924,0.42815981337406095,0.5002816769841993,0.6831697154527951,0.9770162896303883,1.1963012136986362,0.3336061490309924,0.42815981337406095,0.5002816769841993,17.3296041436447,23.296991848686652,29.2643795537286
51,95.9777965159219,123.5533982161683,160.09925074321507,45.32928150222158,54.52827655314424,66.15444572374427,95.9777965159219,123.5533982161683,160.09925074321507,45.32928150222158,54.52827655314424,66.15444572374427,53.36199253008995,85.36741077042096,128.60545541327267,48.47102046208995,79.86558546042096,122.49277718327266,-1.976072179008085,16.342289107396894,29.97110069840415,53.36199253008995,85.36741077042096,128.60545541327267,-1.976072179008085,16.342289107396894,34.66065039380187,0.6849559810177943,0.9792185762090491,1.200455580758362,0.33721115191446416,0.4321621428500365,0.5066305278574172,0.6849559810177943,0.9792185762090491,1.200455580758362,0.33721115191446416,0.4321621428500365,0.5066305278574172,17.3186538455767,23.2386787326428,29.1587036197089
52,95.40705115030957,123.94290505096201,160.45122505590746,45.713140550875615,55.09960156975612,66.67313927933887,95.40705115030957,123.94290505096201,160.45122505590746,45.713140550875615,55.09960156975612,66.67313927933887,52.68128504948875,85.70440048838887,128.77659940379442,47.81810648048875,80.23468871338886,122.70035475879442,-1.276319612859865,16.861097007182977,30.73481956431116,52.68128504948875,85.70440048838887,128.77659940379442,-1.276319612859865,16.861097007182977,34.99851362722582,0.7317735875442629,1.0449593645064483,1.2887707805490365,0.36363737754577524,0.4645432880342509,0.5456082741581353,0.7317735875442629,1.0449593645064483,1.2887707805490365,0.36363737754577524,0.4645432880342509,0.5456082741581353,17.2505594785285,23.1221176924967,28.9936759064649
53,94.73039225321972,123.94290505096201,160.62510560031166,45.86902290381679,55.26769771444913,67.01421225276513,94.73039225321972,123.94290505096201,160.62510560031166,45.86902290381679,55.26769771444913,67.01421225276513,51.4318948750415,85.23424169688253,128.49033554685798,46.4487327220415,79.62657015688254,122.25815444685797,-1.7613734785721675,16.55903436036965,30.54754319510073,51.4318948750415,85.23424169688253,128.49033554685798,-1.7613734785721675,16.55903436036965,34.87944219931147,0.7586076362006606,1.0860748698035227,1.3457556434033884,0.37764957285551365,0.4842944222977521,0.5689242007625875,0.7586076362006606,1.0860748698035227,1.3457556434033884,0.37764957285551365,0.4842944222977521,0.5689242007625875,17.1279597843802,22.949089905776248,28.7702200271723
54,94.51495806059647,124.0164078316209,155.29574509092495,46.300019210295346,55.69857632733511,67.60894070522858,94.51495806059647,124.0164078316209,155.29574509092495,46.300019210295346,55.69857632733511,67.60894070522858,49.89121970863373,84.64392988608157,122.35188384758581,44.715900368633726,78.82150089108157,115.88234523758581,-2.0128826982978723,16.326098381795774,30.97591590525895,49.89121970863373,84.64392988608157,122.35188384758581,-2.0128826982978723,16.326098381795774,34.66507946188942,0.8012903202082573,1.0804342718222166,1.3421615595090717,0.37798412189476854,0.4852474911018549,0.5700840256225456,0.8012903202082573,1.0804342718222166,1.3421615595090717,0.37798412189476854,0.4852474911018549,0.5700840256225456,16.95592208513,22.72328725054365,28.4906524159573
55,88.82320684204076,115.49510607946034,152.65814294224504,46.460669812436976,55.88257447214586,67.87885535733886,88.82320684204076,115.49510607946034,152.65814294224504,46.460669812436976,55.88257447214586,67.87885535733886,44.16956520401672,76.17344335996339,119.98600609657349,38.77596451401672,70.10164688996339,113.23601386657349,-2.084895006369507,16.560911752648906,31.314795330884877,44.16956520401672,76.17344335996339,119.98600609657349,-2.084895006369507,16.560911752648906,35.20671851166732,0.6142313957218928,0.9113516686137237,1.1252793534032262,0.34351243409336224,0.4409596148306233,0.5175861358282994,0.6142313957218928,0.9113516686137237,1.1252793534032262,0.34351243409336224,0.4409596148306233,0.5175861358282994,16.7417568683079,22.4503176924521,28.1588785165963
56,87.4277930358505,113.47337712569524,151.34533389277078,46.97785045056503,56.54130468199407,68.80280427141321,87.4277930358505,113.47337712569524,151.34533389277078,46.97785045056503,56.54130468199407,68.80280427141321,43.08651659952086,73.90362517097257,118.18296728806365,37.76240648452087,67.91052510597257,111.52087728806364,-1.6973322121632606,16.97155272727141,31.306531440307424,43.08651659952086,73.90362517097257,118.18296728806365,-1.6973322121632606,16.97155272727141,35.64043766670608,0.5920023285455932,0.8936491260651409,1.1014994368825732,0.34614178362956965,0.4452858352816675,0.52243829808852,0.5920023285455932,0.8936491260651409,1.1014994368825732,0.34614178362956965,0.4452858352816675,0.52243829808852,16.494510408902,22.137509659705,27.780508910508
57,74.7168957452156,98.29383166187236,138.18623346886832,44.30609616317909,54.810136874695274,66.89579884361905,74.7168957452156,98.29383166187236,138.18623346886832,44.30609616317909,54.810136874695274,66.89579884361905,31.864348404089952,59.882704981625764,106.00568805324501,26.587860284089953,53.943029561625764,99.40282536324501,-1.9172330390983774,16.399010194448678,31.344471566843907,31.864348404089952,59.882704981625764,106.00568805324501,-1.9172330390983774,16.399010194448678,34.715253427995734,0.46411305829611976,0.7851533309380891,0.9755304645837704,0.3388468893080138,0.4378134498243635,0.523143399962026,0.46411305829611976,0.7851533309380891,0.9755304645837704,0.3388468893080138,0.4378134498243635,0.523143399962026,16.2241532371754,21.7935223813382,27.362891525501
58,74.45835578899913,98.09753321507728,137.96153223487795,44.17728593669235,54.78938701724188,66.8376189911333,74.45835578899913,98.09753321507728,137.96153223487795,44.17728593669235,54.78938701724188,66.8376189911333,28.298961203188313,57.01572562015238,103.58594182332445,23.137513603188314,51.21036778015238,97.13667362832444,-5.04686973494583,13.707579422316982,29.39726749375243,28.298961203188313,57.01572562015238,103.58594182332445,-5.04686973494583,13.707579422316982,32.462028579579794,0.4556935967280436,0.7720800131982937,0.960674095085575,0.3337024412384687,0.43122175721434836,0.5165039602710965,0.4556935967280436,0.7720800131982937,0.960674095085575,0.3337024412384687,0.43122175721434836,0.5165039602710965,15.9405226696213,21.4278239698833,26.9151252701453
59,74.45835578899913,98.18848442155789,138.00615882624444,44.30701566642208,55.05588681306418,67.04312886325687,74.45835578899913,98.18848442155789,138.00615882624444,44.30701566642208,55.05588681306418,67.04312886325687,27.9505574270498,56.944956778519,103.80233875984969,22.924852682049803,51.289838408519,97.51780711984969,-5.2145904568115355,13.812359170025289,29.825501035577823,27.9505574270498,56.944956778519,103.80233875984969,-5.2145904568115355,13.812359170025289,32.83930879686211,0.4750632477210633,0.8046544176035587,1.0021967081329757,0.3495575680316738,0.45118287343161245,0.541394711946789,0.4750632477210633,0.8046544176035587,1.0021967081329757,0.3495575680316738,0.45118287343161245,0.541394711946789,15.6526599816676,21.0503161664049,26.4479723511422
60,74.2596151625364,98.03462924980585,138.42754779071,44.2380047696891,55.07242770603791,67.62540110847954,74.2596151625364,98.03462924980585,138.42754779071,44.2380047696891,55.07242770603791,67.62540110847954,27.308248315567276,56.35820658183,103.96377575225165,22.146800715567277,50.55284874183,97.51450755725165,-6.369618993897056,13.396005038062057,29.505372153404146,27.308248315567276,56.35820658183,103.96377575225165,-6.369618993897056,13.396005038062057,33.16162907002117,0.4970354743281469,0.8522122373511485,1.0625497554132772,0.36556723411188913,0.4787430440740397,0.5754509656498628,0.4970354743281469,0.8522122373511485,1.0625497554132772,0.36556723411188913,0.4787430440740397,0.5754509656498628,15.3687146742799,20.67119392919135,25.9736731841028
61,69.11447990798474,97.71414103105162,138.327261591135,44.074327151650905,54.91904131495992,67.68843956532068,69.11447990798474,97.71414103105162,138.327261591135,44.074327151650905,54.91904131495992,67.68843956532068,22.129063097145128,56.03933819910165,103.64605817773437,16.96761549714513,50.23398035910165,97.19678998273437,-6.518759185900173,13.244238483009944,29.3995666252086,22.129063097145128,56.03933819910165,103.64605817773437,-6.518759185900173,13.244238483009944,33.00723615192006,0.521968460968812,0.9008830872597825,1.168223742839769,0.38415904707854226,0.5063303526707179,0.6093416046073498,0.521968460968812,0.9008830872597825,1.168223742839769,0.38415904707854226,0.5063303526707179,0.6093416046073498,15.0961757645823,20.30092411326045,25.5056724619386
62,75.52649212045559,100.61547689158317,146.9939195439645,46.67721655510482,57.02672252907149,69.35019535207307,75.52649212045559,100.61547689158317,146.9939195439645,46.67721655510482,57.02672252907149,69.35019535207307,25.124663745968668,55.92659595652859,109.8895830395714,19.96991178096867,50.12844457152859,103.44803211957141,-7.570175659646168,12.337841594016908,28.400295007415913,25.124663745968668,55.92659595652859,109.8895830395714,-7.570175659646168,12.337841594016908,32.24585884767998,0.4872555566582447,0.9125525350040674,1.1449629247371962,0.3999190213506245,0.5172154604301346,0.6148331393594894,0.4872555566582447,0.9125525350040674,1.1449629247371962,0.3999190213506245,0.5172154604301346,0.6148331393594894,14.8422219235068,19.95024116205295,25.0582604005991
63,75.89403343525309,100.54998859583573,147.05196349773686,47.21042588609666,57.12833606100028,69.58656098416712,75.89403343525309,100.54998859583573,147.05196349773686,47.21042588609666,57.12833606100028,69.58656098416712,23.959899429641865,54.58815603090436,108.9863361519242,18.904568534641864,48.899756995904355,102.6648688619242,-9.187926646216638,11.166503496068913,27.056715111652395,23.959899429641865,54.58815603090436,108.9863361519242,-9.187926646216638,11.166503496068913,31.520933638354464,0.4811533308701672,0.9042469001959889,1.1312345715289203,0.39592854804877975,0.513755610695849,0.6071182111740835,0.4811533308701672,0.9042469001959889,1.1312345715289203,0.39592854804877975,0.513755610695849,0.6071182111740835,14.6140027608877,19.6300724644886,24.6461421680895
64,76.78921700633883,103.2707536193964,146.70694219782942,47.431179652117194,57.350859158313575,69.406138189203,76.78921700633883,103.2707536193964,146.70694219782942,47.431179652117194,57.350859158313575,69.406138189203,24.80175196074059,57.30286463635815,108.71813074506628,19.78274285074059,51.65495272135815,102.44131638006627,-8.651386385889204,11.382970175275325,27.322225744031698,24.80175196074059,57.30286463635815,108.71813074506628,-8.651386385889204,11.382970175275325,31.417326736439854,0.5611533002061164,0.9799500769599543,1.2373958437017798,0.42262118387914654,0.5442100195476173,0.6433393034081644,0.5611533002061164,0.9799500769599543,1.2373958437017798,0.42262118387914654,0.5442100195476173,0.6433393034081644,14.4188724386502,19.35141412275175,24.2839558068533
65,77.1483526869218,103.62847340437479,147.32947299069016,47.98059873350988,57.81165319592148,70.15797932689132,77.1483526869218,103.62847340437479,147.32947299069016,47.98059873350988,57.81165319592148,70.15797932689132,25.44299851948407,57.8986706553125,109.46245354810777,20.44512905648407,52.2736855403125,103.21035289810777,-8.127258990590548,12.081850446859193,27.88845632764623,25.44299851948407,57.8986706553125,109.46245354810777,-8.127258990590548,12.081850446859193,32.29095988430893,0.5660959630918112,0.9902840336260613,1.249572124740801,0.42738192443234724,0.5524539273491916,0.6515556419477356,0.5660959630918112,0.9902840336260613,1.249572124740801,0.42738192443234724,0.5524539273491916,0.6515556419477356,14.2646243300346,19.125187655856152,23.9857509816777
66,78.42373742134578,104.42832549647495,152.02215792147106,48.114887795558545,57.94736386500743,70.32010675654892,78.42373742134578,104.42832549647495,152.02215792147106,48.114887795558545,57.94736386500743,70.32010675654892,27.998135259937243,59.9227506659111,115.4733409178381,23.050374257937243,54.3563790309111,109.28835862783811,-6.887711684028794,13.44178903444358,29.19429243473715,27.998135259937243,59.9227506659111,115.4733409178381,-6.887711684028794,13.44178903444358,33.771289752915955,0.5831644186067833,1.086396291021594,1.3650802706900618,0.46479081328390426,0.602842197058382,0.7116617271518184,0.5831644186067833,1.086396291021594,1.3650802706900618,0.46479081328390426,0.602842197058382,0.7116617271518184,14.1596117481027,18.9620087521766,23.7644057562505
67,77.4388571784124,103.37044727417936,150.89158213869214,47.278874866541024,57.02177263822753,69.31884131859758,77.4388571784124,103.37044727417936,150.89158213869214,47.278874866541024,57.02177263822753,69.31884131859758,27.479421725314403,59.3223956523185,114.7199797802898,22.5585582393144,53.7876808473185,108.5714136402898,-7.19979692746189,12.973721016366675,28.628002619290328,27.479421725314403,59.3223956523185,114.7199797802898,-7.19979692746189,12.973721016366675,33.14723896019524,0.5869875967041087,1.1019553997642872,1.3869813380137328,0.4671911926379484,0.6078666767897581,0.7185672092810141,0.5869875967041087,1.1019553997642872,1.3869813380137328,0.4671911926379484,0.6078666767897581,0.7185672092810141,14.112556727847,18.871783654147848,23.6310105804487
68,75.80855211563825,102.25325853772671,150.39343338208812,47.20868169878413,56.83114684945278,68.95460060797056,75.80855211563825,102.25325853772671,150.39343338208812,47.20868169878413,56.83114684945278,68.95460060797056,26.135423321222973,58.38457776711418,114.28587856340553,21.725412589222973,53.42514120111418,108.77701609340554,-6.922113631607473,12.96246607884025,28.389379253311645,26.135423321222973,58.38457776711418,114.28587856340553,-6.922113631607473,12.96246607884025,32.847045789287975,0.574122726611498,1.1001500626355258,1.3928483042439037,0.471376364149627,0.611450340655953,0.7217967546410221,0.574122726611498,1.1001500626355258,1.3928483042439037,0.471376364149627,0.611450340655953,0.7217967546410221,14.1321410914116,18.8632822986808,23.59442350595
69,75.32597977431061,102.31293794057868,144.24998792996286,47.61089468515033,57.04559953330751,68.80647036879692,75.32597977431061,102.31293794057868,144.24998792996286,47.61089468515033,57.04559953330751,68.80647036879692,26.280342213199276,58.98981551453109,108.70440841952397,21.920897181199276,54.08710164853109,103.25842598452397,-5.815936643838199,13.72247710725992,28.879697090480846,26.280342213199276,58.98981551453109,108.70440841952397,-5.815936643838199,13.72247710725992,33.26089085835804,0.6885595667696303,1.1865517461782142,1.5092815188376318,0.5126973006752819,0.6615737667247982,0.7794710721886146,0.6885595667696303,1.1865517461782142,1.5092815188376318,0.5126973006752819,0.6615737667247982,0.7794710721886146,14.2267620226166,18.9439115447101,23.6610610668036
70,71.67812129164129,99.71074307780673,143.7519149139839,47.75526919877745,57.20715339349054,69.05902947434565,71.67812129164129,99.71074307780673,143.7519149139839,47.75526919877745,57.20715339349054,69.05902947434565,22.696299228198278,56.455425958243644,108.23313764892282,18.59657740919828,51.84673934324364,103.11548617392282,-5.636579661429636,13.951836273927462,29.13022541252049,22.696299228198278,56.455425958243644,108.23313764892282,-5.636579661429636,13.951836273927462,33.54025220928456,0.6600142325765278,1.203192142348358,1.5515246681959347,0.533445119658686,0.6903087403074949,0.8139361623527275,0.6600142325765278,1.203192142348358,1.5515246681959347,0.533445119658686,0.6903087403074949,0.8139361623527275,14.4041478358794,19.1194469653444,23.8347460948094
71,71.72689052528202,98.41238215504012,139.64380803701786,47.92784795622769,57.29705706996447,69.17197189916492,71.72689052528202,98.41238215504012,139.64380803701786,47.92784795622769,57.29705706996447,69.17197189916492,22.769503340046896,55.182622805294315,104.15775026272495,18.913877601046895,50.844662702294315,99.33745585672494,-5.551318684434676,14.067297720218662,29.164134669444756,22.769503340046896,55.182622805294315,104.15775026272495,-5.551318684434676,14.067297720218662,33.685914124872,0.6818600684453806,1.194961252486593,1.5294746140266595,0.5373877895633115,0.6957230541605582,0.8193496420092196,0.6818600684453806,1.194961252486593,1.5294746140266595,0.5373877895633115,0.6957230541605582,0.8193496420092196,14.6709512317442,19.3938069310109,24.1166626302776
72,67.77946602757886,91.123106776684,123.05518634570362,47.5276228437584,56.83552204534956,68.67137384536679,67.77946602757886,91.123106776684,123.05518634570362,47.5276228437584,56.83552204534956,68.67137384536679,19.032582642517987,48.121571024808915,87.88688788697,15.343641874517987,43.97251448680892,83.27771557297,-5.835102799684208,13.833986293474481,28.887233128251438,19.032582642517987,48.121571024808915,87.88688788697,-5.835102799684208,13.833986293474481,33.50307538663317,0.7166293429278461,1.1259789163214926,1.4253002468167089,0.5410204855778626,0.7022982620426171,0.8276547933647299,0.7166293429278461,1.1259789163214926,1.4253002468167089,0.5410204855778626,0.7022982620426171,0.8276547933647299,15.0327471964533,19.76914251875775,24.5055378410622
73,65.68571929549783,89.00090732547542,121.3380530561028,47.40025803836467,56.70056415493289,68.49799462844192,65.68571929549783,89.00090732547542,121.3380530561028,47.40025803836467,56.70056415493289,68.49799462844192,16.81053935211289,45.784619633936074,85.9531002355985,13.19597352211289,41.719930897936074,81.43828853259849,-6.144488881150544,13.484276463393542,28.443474831807357,16.81053935211289,45.784619633936074,85.9531002355985,-6.144488881150544,13.484276463393542,33.11304180793763,0.6894330145362628,1.1050759273310466,1.4048001242396644,0.5423307905215144,0.7040201094193874,0.8296460269647603,0.6894330145362628,1.1050759273310466,1.4048001242396644,0.5423307905215144,0.7040201094193874,0.8296460269647603,15.493003340492,20.2455731111032,24.9981428817144
74,62.95968062584526,85.66708039185346,116.76428845795719,46.39089659926132,55.272763450835754,66.93096814441265,62.95968062584526,85.66708039185346,116.76428845795719,46.39089659926132,55.272763450835754,66.93096814441265,12.947598930618412,41.59485255552018,80.82012900286696,9.538168757618411,37.76151631252018,76.56288650786696,-8.585737460317475,11.20053561450247,26.02225632497047,12.947598930618412,41.59485255552018,80.82012900286696,-8.585737460317475,11.20053561450247,30.986808689322416,0.6563573407540444,1.0526822902914412,1.3420976223796668,0.5206885502910339,0.6791950764986726,0.7990671673671512,0.6563573407540444,1.0526822902914412,1.3420976223796668,0.5206885502910339,0.6791950764986726,0.7990671673671512,16.0523751827321,20.82120607243855,25.590036962145
75,62.31981079018405,84.54062713089206,115.50134510222352,46.183360873194914,54.95928810209844,66.60256659354047,62.31981079018405,84.54062713089206,115.50134510222352,46.183360873194914,54.95928810209844,66.60256659354047,11.467252125140028,39.664886316456744,78.82412440551963,7.984295327140028,35.748940738456746,74.47519019251962,-9.758251321510329,10.083547287663123,24.836292367175353,11.467252125140028,39.664886316456744,78.82412440551963,-9.758251321510329,10.083547287663123,29.925345896836575,0.6372533472056527,1.0270413972569157,1.3071017905668152,0.511372059539854,0.6676726440322179,0.7847916037291224,0.6372533472056527,1.0270413972569157,1.3071017905668152,0.511372059539854,0.6676726440322179,0.7847916037291224,16.707884133947,21.4918347343001,26.2757853346532
76,62.062569657922985,83.82966969441615,115.37975860607672,46.26761851871325,54.7690617017996,66.6056157457002,62.062569657922985,83.82966969441615,115.37975860607672,46.26761851871325,54.7690617017996,66.6056157457002,10.327159857431639,38.268504758635025,78.15448222294276,6.973741375431638,34.499764068635024,73.97041936994276,-10.964545830529296,9.207896766018472,23.88358481381504,10.327159857431639,38.268504758635025,78.15448222294276,-10.964545830529296,9.207896766018472,29.38033936256624,0.6256496060562278,1.0255385518148363,1.30286642195974,0.5099079329475893,0.670022730933679,0.7856857950660538,0.6256496060562278,1.0255385518148363,1.30286642195974,0.5099079329475893,0.670022730933679,0.7856857950660538,17.4521056065575,22.2502494955306,27.0483933845037
77,61.456754899672816,82.81480275648408,115.29344571540729,46.29911179350574,54.76878830071364,66.64588513351178,61.456754899672816,82.81480275648408,115.29344571540729,46.29911179350574,54.76878830071364,66.64588513351178,9.642520832854125,37.18535228536785,78.04077272698743,6.303600396854124,33.437201253367846,73.88339120198742,-11.11453648589712,9.139337829597402,23.793797932507758,9.642520832854125,37.18535228536785,78.04077272698743,-11.11453648589712,9.139337829597402,29.393212145091923,0.6107646799664441,1.0277535379865088,1.3043021259350744,0.516235803171988,0.679695103697936,0.7970407442300215,0.6107646799664441,1.0277535379865088,1.3043021259350744,0.516235803171988,0.679695103697936,0.7970407442300215,18.2729452397572,23.0857361057275,27.8985269716978
78,61.62798382169134,81.45269815450379,115.35792828265447,46.605410159968706,55.04238137693795,66.83694997923998,61.62798382169134,81.45269815450379,115.35792828265447,46.605410159968706,55.04238137693795,66.83694997923998,9.491714354567755,35.543895870539856,77.94161413950862,6.190620677567755,31.832988053539857,73.82089217750861,-11.153477650146087,9.133579092974017,23.79801749310291,9.491714354567755,35.543895870539856,77.94161413950862,-11.153477650146087,9.133579092974017,29.42063583609412,0.5829681262700446,1.0221837488814112,1.2834830601944471,0.5254381521678082,0.6907497114032413,0.8095963384140938,0.5829681262700446,1.0221837488814112,1.2834830601944471,0.5254381521678082,0.6907497114032413,0.8095963384140938,19.1544850736562,23.9845257838568,28.8145664940574
79,61.450802861506645,81.2755171943191,115.15095165346126,46.532395866450685,54.98676904420425,66.51870549516778,61.450802861506645,81.2755171943191,115.15095165346126,46.532395866450685,54.98676904420425,66.51870549516778,9.27506450019792,35.3241851315362,77.6662588672687,5.985739314197921,31.621831437536198,73.5508765262687,-10.9631387461325,9.035436981421356,23.71421645770075,9.27506450019792,35.3241851315362,77.6662588672687,-10.9631387461325,9.035436981421356,29.03401270897521,0.5835728870048855,1.024239153519539,1.286671925560643,0.5298941184451731,0.6929467043065057,0.8125534659847,0.5835728870048855,1.024239153519539,1.286671925560643,0.5298941184451731,0.6929467043065057,0.8125534659847,20.0782386452951,24.9307429151409,29.7832471849867
80,61.74376837246584,83.48417325916766,114.79693855480579,46.431108899922776,54.902884038460655,65.69595970894252,61.74376837246584,83.48417325916766,114.79693855480579,46.431108899922776,54.902884038460655,65.69595970894252,8.84293119929842,36.8152771782212,76.68228515909547,5.78666723729842,33.3704102972212,72.84881545609547,-11.113330398203814,8.233987957514195,22.93770418827303,8.84293119929842,36.8152771782212,76.68228515909547,-11.113330398203814,8.233987957514195,27.581306313232204,0.6386187318898529,1.0471197608760126,1.3318228300338808,0.5344070405365744,0.6886322588029369,0.807747347183163,0.6386187318898529,1.0471197608760126,1.3318228300338808,0.5344070405365744,0.6886322588029369,0.807747347183163,21.0244884784037,25.9073352808246,30.7901820832455
81,61.67283898386475,83.41324387056656,113.99636010315162,46.46434617798835,54.95352327731054,64.79639877498252,61.67283898386475,83.41324387056656,113.99636010315162,46.46434617798835,54.95352327731054,64.79639877498252,8.763175215690296,36.72620214830992,75.82886433496972,6.3640818176902965,34.02167790130992,72.81890927396972,-10.095939896692819,8.2664815550539,22.978280700293908,8.763175215690296,36.72620214830992,75.82886433496972,-10.095939896692819,8.2664815550539,26.62890300680062,0.646534450737998,1.0459920488845058,1.3305699301364098,0.5453936100525686,0.6891105745204008,0.8083738051637367,0.646534450737998,1.0459920488845058,1.3305699301364098,0.5453936100525686,0.6891105745204008,0.8083738051637367,21.9737658086458,26.89701240321125,31.8202589977767
82,61.74404877566673,83.63256099735275,114.36324764708566,46.639722636456995,55.294409031547715,65.28464554221752,61.74404877566673,83.63256099735275,114.36324764708566,46.639722636456995,55.294409031547715,65.28464554221752,9.08638552902545,37.275094761446994,76.54806121303952,7.079073539025449,35.023689470446996,74.05256254703951,-9.595573516887463,8.936942795641954,23.89182620146819,9.08638552902545,37.275094761446994,76.54806121303952,-9.595573516887463,8.936942795641954,27.46945910817137,0.6464631647437689,1.047245626504088,1.3335143606347595,0.5470178253827587,0.6923957288627024,0.8137573670589103,0.6464631647437689,1.047245626504088,1.3335143606347595,0.5470178253827587,0.6923957288627024,0.8137573670589103,22.9083018494692,27.883169798667254,32.8580377478653
83,66.54710686719821,92.8716704788755,126.31816057360346,48.35937139513648,56.88246647002086,67.08480494080125,66.54710686719821,92.8716704788755,126.31816057360346,48.35937139513648,56.88246647002086,67.08480494080125,12.368847725103791,45.303175022642165,87.40282510551395,10.40734899510379,43.109376172642165,84.97672607851395,-9.541527445136701,9.313971013787523,24.446829774532986,12.368847725103791,45.303175022642165,87.40282510551395,-9.541527445136701,9.313971013787523,28.169469472711747,0.7345542113274559,1.1781018507782708,1.5263394668362167,0.5698365649253325,0.7215692221279394,0.8454636549533604,0.7345542113274559,1.1781018507782708,1.5263394668362167,0.5698365649253325,0.7215692221279394,0.8454636549533604,23.8129648392641,28.8505631058457,33.8881613724273
84,66.51938366199414,93.11025455407483,126.44861511496498,48.34983035631316,56.888026330350186,67.03543515404108,66.51938366199414,93.11025455407483,126.44861511496498,48.34983035631316,56.888026330350186,67.03543515404108,14.051990629654988,46.79368808650084,88.46373364435622,12.221658216654987,44.748313722500846,86.20035073435622,-7.9076339578799235,10.571459862776202,25.260482401578393,14.051990629654988,46.79368808650084,88.46373364435622,-7.9076339578799235,10.571459862776202,29.050553683432327,0.7512601041826779,1.1997120269547874,1.555279676140756,0.5803933536470096,0.7329939081909095,0.857402846701075,0.7512601041826779,1.1997120269547874,1.555279676140756,0.5803933536470096,0.7329939081909095,0.857402846701075,24.67550950642,29.78563815844675,34.8957668104735
85,66.62774826910882,93.21583005037618,127.3069393677815,48.58782459305747,57.11916236476813,67.21704067053695,66.62774826910882,93.21583005037618,127.3069393677815,48.58782459305747,57.11916236476813,67.21704067053695,13.58790785126007,46.358116658235986,88.6508263643924,11.77398018626007,44.323598358235984,86.3986841403924,-8.038029721891988,10.261448972627932,24.974913770047145,13.58790785126007,46.358116658235986,88.6508263643924,-8.038029721891988,10.261448972627932,28.56092766714785,0.7365366196473406,1.188696967784758,1.5404627470576533,0.5787729322747405,0.7283888913365005,0.851405730570334,0.7365366196473406,1.188696967784758,1.5404627470576533,0.5787729322747405,0.7283888913365005,0.851405730570334,25.4863735184872,30.67662627521565,35.8668790319441
86,67.33743532471374,94.56793006942316,129.20688222797622,49.42714127829201,58.59682292193169,69.2275930115443,67.33743532471374,94.56793006942316,129.20688222797622,49.42714127829201,58.59682292193169,69.2275930115443,13.626681133022352,47.15066656452002,90.12311701482706,11.928792730022352,45.251701755520024,88.02307569082706,-7.784708964338023,11.179559417028557,26.642731747456487,13.626681133022352,47.15066656452002,90.12311701482706,-7.784708964338023,11.179559417028557,30.143827798395137,0.7267099621768094,1.1732447190007274,1.5232759764321362,0.5751716498086119,0.726973858821995,0.8541107307726654,0.7267099621768094,1.1732447190007274,1.5232759764321362,0.5751716498086119,0.726973858821995,0.8541107307726654,26.2382301797481,31.5135010970083,36.7887720142685
87,67.88721883368997,94.91710032137408,129.07652094736716,50.0951690315125,59.06783768438798,69.20906633564192,67.88721883368997,94.91710032137408,129.07652094736716,50.0951690315125,59.06783768438798,69.20906633564192,13.961246283214024,47.31568274558337,89.89419234653023,12.510104151214025,45.688068105583376,88.09010519853024,-7.0938975176104435,11.466420108597276,26.763643736158002,13.961246283214024,47.31568274558337,89.89419234653023,-7.0938975176104435,11.466420108597276,30.026737734804996,0.7285128602224789,1.164534381409583,1.5082537288545654,0.5794961510600016,0.7247011085051088,0.8483174995624486,0.7285128602224789,1.164534381409583,1.5082537288545654,0.5794961510600016,0.7247011085051088,0.8483174995624486,26.9253835807398,32.28783244871135,37.6502813166829
88,68.02326616588314,95.05314765356724,129.14942303885493,50.336621769111076,59.311750185120474,69.39978451908372,68.02326616588314,95.05314765356724,129.14942303885493,50.336621769111076,59.311750185120474,69.39978451908372,14.000160380217224,47.37213992263174,89.8895302757183,12.911803781217223,46.15142894263174,88.5364649147183,-6.878406847577139,11.630742454184976,26.947968924924794,14.000160380217224,47.37213992263174,89.8895302757183,-6.878406847577139,11.630742454184976,30.13989175594709,0.7265887060160949,1.1590470549975245,1.5006111165649365,0.5795385978148041,0.723228121065098,0.846131346931715,0.7265887060160949,1.1590470549975245,1.5006111165649365,0.5795385978148041,0.723228121065098,0.846131346931715,27.5430263401339,32.99254152390285,38.4420567076718
89,67.95251538148153,94.73525957942792,128.38722033943205,50.48272385336375,59.46031203250707,69.54272612874814,67.95251538148153,94.73525957942792,128.38722033943205,50.48272385336375,59.46031203250707,69.54272612874814,13.242957574816018,46.63287243148912,88.79365078613111,12.488848800816017,45.788384498489116,87.85878368013111,-7.233306806310665,11.35792488456827,26.942683722438304,13.242957574816018,46.63287243148912,88.79365078613111,-7.233306806310665,11.35792488456827,29.949156575447205,0.7229169499981194,1.1472399777149953,1.484317323519174,0.5771881331712634,0.7200618582134887,0.8431025894752389,0.7229169499981194,1.1472399777149953,1.484317323519174,0.5771881331712634,0.7200618582134887,0.8431025894752389,28.0866752447704,33.62171197542805,39.1567487060857
90,67.4486065837336,92.9038724671978,128.49636630715713,50.81486685360652,59.82107682605729,70.06012199736158,67.4486065837336,92.9038724671978,128.49636630715713,50.81486685360652,59.82107682605729,70.06012199736158,13.249946500996003,45.05084081262968,89.21623186639434,12.872892113996004,44.62859684662968,88.74879831339433,-6.843897213620437,11.968045171489173,27.319883572109433,13.249946500996003,45.05084081262968,89.21623186639434,-6.843897213620437,11.968045171489173,30.779987556598783,0.6684557504245559,1.1076521986720718,1.4225012831391397,0.5710350104573906,0.713220509690901,0.833393180688015,0.6684557504245559,1.1076521986720718,1.4225012831391397,0.5710350104573906,0.713220509690901,0.833393180688015,28.5518653848282,34.1704972369855,39.7891290891428
91,67.37665335482389,90.1140937209316,127.681272313626,51.081895735495436,60.0992276332423,70.71909100564156,67.37665335482389,90.1140937209316,127.681272313626,51.081895735495436,60.0992276332423,70.71909100564156,12.993426971765416,42.100635584927204,88.59695643762905,12.993426971765416,42.100635584927204,88.59695643762905,-7.463236135168806,12.085769497237898,27.47286964203883,12.993426971765416,42.100635584927204,88.59695643762905,-7.463236135168806,12.085769497237898,31.634775129644602,0.5996419165769846,1.0514616900895892,1.3280350761506152,0.5573962108824759,0.7012447537454367,0.8186611832900844,0.5996419165769846,1.0514616900895892,1.3280350761506152,0.5573962108824759,0.7012447537454367,0.8186611832900844,28.9340751855183,34.63510571978425,40.3361362540502
92,65.90409206546884,89.54330596458493,125.76011292122276,51.17290973063436,60.1891639944194,70.76738556744529,65.90409206546884,89.54330596458493,125.76011292122276,51.17290973063436,60.1891639944194,70.76738556744529,11.388677358786651,41.41477458279665,86.79696281321431,11.388677358786651,41.41477458279665,86.79696281321431,-7.68297023417459,12.060632612631125,27.463770201310084,11.388677358786651,41.41477458279665,86.79696281321431,-7.68297023417459,12.060632612631125,31.80423545943684,0.6063108597807684,1.0423002616679686,1.3281677315398341,0.5565691276780136,0.7006127449188873,0.817778010586421,0.6063108597807684,1.0423002616679686,1.3281677315398341,0.5565691276780136,0.7006127449188873,0.817778010586421,29.2282647592364,35.01252516836285,40.7967855774893
93,65.48686026026434,88.87737716478077,125.24740528620801,51.56678733087837,60.55378927455385,71.18934138235194,65.48686026026434,88.87737716478077,125.24740528620801,51.56678733087837,60.55378927455385,71.18934138235194,10.677979805834546,40.4874855994688,85.8022428061156,10.677979805834546,40.4874855994688,85.8022428061156,-7.416383483775768,12.16389770924188,27.56988854203518,10.677979805834546,40.4874855994688,85.8022428061156,-7.416383483775768,12.16389770924188,31.744178902259527,0.5728478404129252,0.9896519546265696,1.2595405960721353,0.5381245668700371,0.6742680514131422,0.7853389333337277,0.5728478404129252,0.9896519546265696,1.2595405960721353,0.5381245668700371,0.6742680514131422,0.7853389333337277,29.4286492107868,35.3003188320422,41.1719884532976
94,65.8350290727802,89.32825061262719,125.63870211919969,52.14406925203268,61.15070369796108,71.86822627319833,65.8350290727802,89.32825061262719,125.63870211919969,52.14406925203268,61.15070369796108,71.86822627319833,10.307434592199947,40.28986544645045,85.60818112158002,10.307434592199947,40.28986544645045,85.60818112158002,-7.613068212009978,12.11231853178434,27.608162292116255,10.307434592199947,40.28986544645045,85.60818112158002,-7.613068212009978,12.11231853178434,31.837705275578656,0.5647517122005501,0.9705291952509276,1.2347897448863734,0.5310195106985645,0.6643871657844909,0.7728754879667721,0.5647517122005501,0.9705291952509276,1.2347897448863734,0.5310195106985645,0.6643871657844909,0.7728754879667721,29.5293830915301,35.496899308447354,41.4644155253646
95,65.25282945555426,89.05105016062627,125.64483633831358,52.12007600004313,61.13174012955105,71.958571018628,65.25282945555426,89.05105016062627,125.64483633831358,52.12007600004313,61.13174012955105,71.958571018628,9.071769228231709,39.49275097571732,85.15961107428866,9.071769228231709,39.49275097571732,85.15961107428866,-8.3264638653189,11.573440944642094,27.207866116563615,9.071769228231709,39.49275097571732,85.15961107428866,-8.3264638653189,11.573440944642094,31.473345754603088,0.5556415222108639,0.9620829285904839,1.2282479959514763,0.5267598041981488,0.6604504210515787,0.7686722495938128,0.5556415222108639,0.9620829285904839,1.2282479959514763,0.5267598041981488,0.6604504210515787,0.7686722495938128,29.525596905811,35.6019505394198,41.6783041730286
96,65.02109866841151,88.77457647507148,125.68599792115772,52.19065138033028,61.20769166326426,72.19535670262924,65.02109866841151,88.77457647507148,125.68599792115772,52.19065138033028,61.20769166326426,72.19535670262924,8.595284198036133,38.8970181171055,85.15660283080763,8.595284198036133,38.8970181171055,85.15660283080763,-9.005695001682597,11.330133305298276,26.89542970064165,8.595284198036133,38.8970181171055,85.15660283080763,-9.005695001682597,11.330133305298276,31.665961612279148,0.5503339559059419,0.9620408456504501,1.2283538532120315,0.5265773574536212,0.663301384091355,0.7717638925309201,0.5503339559059419,0.9620408456504501,1.2283538532120315,0.5265773574536212,0.663301384091355,0.7717638925309201,29.4145716653429,35.6168936755542,41.8192156857655
97,64.91931208167324,88.8862098063065,125.52321785176744,52.540506674361225,61.5368012621993,72.55594133747911,64.91931208167324,88.8862098063065,125.52321785176744,52.540506674361225,61.5368012621993,72.55594133747911,8.363901191934453,38.89634104139222,84.9029246923041,8.363901191934453,38.89634104139222,84.9029246923041,-8.841783183445727,11.54693249728502,27.108769209947603,8.363901191934453,38.89634104139222,84.9029246923041,-8.841783183445727,11.54693249728502,31.935648178015768,0.5470032756964767,0.9499346592622806,1.2146014665732676,0.522724780745262,0.6576491501491665,0.7642937026165704,0.5470032756964767,0.9499346592622806,1.2146014665732676,0.522724780745262,0.6576491501491665,0.7642937026165704,29.1969319376389,35.5453491191213,41.8937663006037
98,64.18735949509848,89.05042032106131,125.71920498089479,52.78350740991699,61.74508313057425,72.8346535274337,64.18735949509848,89.05042032106131,125.71920498089479,52.78350740991699,61.74508313057425,72.8346535274337,7.592145929436228,39.039435556173444,85.08740894655784,7.592145929436228,39.039435556173444,85.08740894655784,-8.73466076172398,11.734098365686386,27.279902887118027,7.592145929436228,39.039435556173444,85.08740894655784,-8.73466076172398,11.734098365686386,32.20285749309675,0.5426340134613304,0.9413262637787612,1.2121894371154207,0.5187898771618169,0.6526894336990118,0.757748673952111,0.5426340134613304,0.9413262637787612,1.2121894371154207,0.5187898771618169,0.6526894336990118,0.757748673952111,28.877798239272,35.3935691952793,41.9093401512866
99,63.92955901567501,88.74835466238267,125.17703095422704,52.90209000122756,61.84005032080942,73.00926023048812,63.92955901567501,88.74835466238267,125.17703095422704,52.90209000122756,61.84005032080942,73.00926023048812,7.199286359775009,38.57828458833919,84.40327940541367,7.199286359775009,38.57828458833919,84.40327940541367,-8.895548188142882,11.669980246765938,27.168143148204315,7.199286359775009,38.57828458833919,84.40327940541367,-8.895548188142882,11.669980246765938,32.23550868167476,0.5340241892037381,0.9238616668557174,1.18981478550555,0.5115225847180892,0.6437488580511177,0.7466553071598272,0.5340241892037381,0.9238616668557174,1.18981478550555,0.5115225847180892,0.6437488580511177,0.7466553071598272,28.4678918538078,35.170842088738496,41.8737923236692
100,67.39935715505476,91.89968051300939,128.1378199257235,56.448294559649995,65.18046397358253,76.07423874469784,67.39935715505476,91.89968051300939,128.1378199257235,56.448294559649995,65.18046397358253,76.07423874469784,5.534424028508056,37.23117470684606,83.61842562072053,5.534424028508056,37.23117470684606,83.61842562072053,-10.530928104856443,10.511958167419209,26.440554901735126,5.534424028508056,37.23117470684606,83.61842562072053,-10.530928104856443,10.511958167419209,31.55484443969486,0.5255518887478021,0.8851531626281666,1.1289790999728506,0.5062454896133906,0.6278008095971623,0.7224971581701025,0.5255518887478021,0.8851531626281666,1.1289790999728506,0.5062454896133906,0.6278008095971623,0.7224971581701025,27.9835015499528,34.889326180765394,41.795150811578
101,78.49715561099708,104.50902120885948,142.28390320540663,67.81723918292535,77.83387602305277,90.25634507913601,78.49715561099708,104.50902120885948,142.28390320540663,67.81723918292535,77.83387602305277,90.25634507913601,15.14639273864902,48.56048805794501,96.62717036161277,15.14639273864902,48.56048805794501,96.62717036161277,-0.8289264910655589,21.885342872138295,39.304209433699306,15.14639273864902,48.56048805794501,96.62717036161277,-0.8289264910655589,21.885342872138295,44.59961223534215,0.6199136850039902,0.9908968581511108,1.247144656760395,0.5999247154856646,0.737977854130242,0.8461552782139985,0.6199136850039902,0.9908968581511108,1.247144656760395,0.5999247154856646,0.737977854130242,0.8461552782139985,27.4452095069201,34.5632682938295,41.6813270807389
102,77.99223201274853,103.31129034076156,141.87147935559526,67.77124347097649,77.78179433116684,90.17419364726022,77.99223201274853,103.31129034076156,141.87147935559526,67.77124347097649,77.78179433116684,90.17419364726022,16.466475564724988,48.9317349410933,97.62804806038679,16.466475564724988,48.9317349410933,97.62804806038679,0.8737155109454022,23.40223893149858,40.55899084004422,16.466475564724988,48.9317349410933,97.62804806038679,0.8737155109454022,23.40223893149858,45.93076235205176,0.5938642882388678,0.9657621283470122,1.2110821308313326,0.5923262266933323,0.7271103767279065,0.8325450844902218,0.5938642882388678,0.9657621283470122,1.2110821308313326,0.5923262266933323,0.7271103767279065,0.8325450844902218,26.8756100628735,34.2077279768813,41.5398458908891
103,77.91172268173767,103.31035481113014,141.00865623409408,67.75062608713509,77.82493015515557,90.47590434688242,77.91172268173767,103.31035481113014,141.00865623409408,67.75062608713509,77.82493015515557,90.47590434688242,16.790319039091386,49.21382030957014,96.69026346127647,16.790319039091386,49.21382030957014,96.69026346127647,1.2992797331263262,23.72839565359557,40.827568862702336,16.790319039091386,49.21382030957014,96.69026346127647,1.2992797331263262,23.72839565359557,46.15751157406481,0.5761256610441907,0.9220887035733828,1.1560385517207166,0.5664606813613856,0.6946204868200224,0.7945303411283328,0.5761256610441907,0.9220887035733828,1.1560385517207166,0.5664606813613856,0.6946204868200224,0.7945303411283328,26.2969511490437,33.837278399827696,41.3776056506117
104,73.74948341568626,101.35379956473813,138.90659312575937,67.75099368830618,77.86648124356286,90.50050255928717,73.74948341568626,101.35379956473813,138.90659312575937,67.75099368830618,77.86648124356286,90.50050255928717,12.942129587535206,47.61459322223145,94.86047017870537,12.942129587535206,47.61459322223145,94.86047017870537,1.8001701898791964,24.127274901056182,41.310909941957235,12.942129587535206,47.61459322223145,94.86047017870537,1.8001701898791964,24.127274901056182,46.45437961223317,0.5388225830432114,0.8686641883640901,1.1110316651336618,0.545713896230521,0.6673634735025726,0.7630221879679547,0.5388225830432114,0.8686641883640901,1.1110316651336618,0.545713896230521,0.6673634735025726,0.7630221879679547,25.7291213793494,33.46490094303065,41.2006805067119
105,73.12394364749275,99.50692469996372,136.94522780737057,67.77377190125202,77.92394456380084,90.57734081385851,73.12394364749275,99.50692469996372,136.94522780737057,67.77377190125202,77.92394456380084,90.57734081385851,12.04290899577552,45.49203773593594,92.59041526715578,12.04290899577552,45.49203773593594,92.59041526715578,1.5955869259024027,23.909057599773064,41.12537795001134,12.04290899577552,45.49203773593594,92.59041526715578,1.5955869259024027,23.909057599773064,46.222528273643725,0.5127831548069346,0.8335803070929778,1.0600345099032233,0.5343448948272631,0.6527773402227651,0.7461745036194121,0.5127831548069346,0.8335803070929778,1.0600345099032233,0.5343448948272631,0.6527773402227651,0.7461745036194121,25.1881099045454,33.10114202612335,41.0141741477013
106,72.96863631580433,98.16775865881169,134.9203980236757,67.7420083081577,77.86928098307618,90.44072344338365,72.96863631580433,98.16775865881169,134.9203980236757,67.7420083081577,77.86928098307618,90.44072344338365,12.430912200470573,44.47032217178629,90.65875830100629,12.430912200470573,44.47032217178629,90.65875830100629,2.164605271387316,24.17184449605078,41.13940479927763,12.430912200470573,44.47032217178629,90.65875830100629,2.164605271387316,24.17184449605078,46.179083720714246,0.48751500566382083,0.7888425529207824,0.9959243814787998,0.5141244647150286,0.6257309247355604,0.71407990344946,0.48751500566382083,0.7888425529207824,0.9959243814787998,0.5141244647150286,0.6257309247355604,0.71407990344946,24.6852343510752,32.7536345021436,40.822034653212
107,72.4300652150836,97.35690468550952,133.97945443401318,67.58005447015663,77.70905681533762,90.29468267912354,72.4300652150836,97.35690468550952,133.97945443401318,67.58005447015663,77.70905681533762,90.29468267912354,11.934058261415437,43.70118536014972,89.75953187300938,11.934058261415437,43.70118536014972,89.75953187300938,2.031914861835901,24.05333748997782,41.02262746346718,11.934058261415437,43.70118536014972,89.75953187300938,2.031914861835901,24.05333748997782,46.07476011811974,0.4484556333504623,0.7264802420505807,0.916145284777772,0.47746194907040485,0.579867391913204,0.6610388876337135,0.4484556333504623,0.7264802420505807,0.916145284777772,0.47746194907040485,0.579867391913204,0.6610388876337135,24.2271909465313,32.42692944294435,40.6266679393574
108,71.00929816381233,95.96518752125598,132.82639122963593,67.44730902055792,77.67357718327455,90.26630204473288,71.00929816381233,95.96518752125598,132.82639122963593,67.44730902055792,77.67357718327455,90.26630204473288,10.652619021698833,42.437355942490555,88.75345482978977,10.652619021698833,42.437355942490555,88.75345482978977,2.0981255641315144,24.145745604509116,41.20086133057381,10.652619021698833,42.437355942490555,88.75345482978977,2.0981255641315144,24.145745604509116,46.19336564488672,0.4180480938028483,0.6853243230428383,0.8666506178063222,0.4572797814310571,0.5546968966183977,0.6325756710402735,0.4180480938028483,0.6853243230428383,0.8666506178063222,0.4572797814310571,0.5546968966183977,0.6325756710402735,23.8163258747902,32.1226034288618,40.4288809829334
109,65.54037635699999,86.09359917769683,120.52036569005308,67.12681514164098,77.32313653268474,89.84020967184547,65.54037635699999,86.09359917769683,120.52036569005308,67.12681514164098,77.32313653268474,89.84020967184547,5.3258390407022205,32.81648109735224,76.95598629157546,5.3258390407022205,32.81648109735224,76.95598629157546,1.816206631312454,24.04601845234015,41.17975907933709,5.3258390407022205,32.81648109735224,76.95598629157546,1.816206631312454,24.04601845234015,46.275830273367845,0.3670047302905744,0.6177530092531297,0.7684017498986889,0.457037357612056,0.554821737436793,0.6330233454765899,0.3670047302905744,0.6177530092531297,0.7684017498986889,0.457037357612056,0.554821737436793,0.6330233454765899,23.4510111375685,31.83973659354575,40.228462049523
110,65.28978659576234,85.74607814925952,116.5013869878087,66.83901607807772,76.94013587218434,89.39099178965621,65.28978659576234,85.74607814925952,116.5013869878087,66.83901607807772,76.94013587218434,89.39099178965621,4.471543456514979,31.949644377764137,72.34904445177338,4.471543456514979,31.949644377764137,72.34904445177338,1.0487549477570326,23.143702100688962,40.26663126254756,4.471543456514979,31.949644377764137,72.34904445177338,1.0487549477570326,23.143702100688962,45.23864925362089,0.38999674294489056,0.6144348856890605,0.7642443440630543,0.4543190221622608,0.5513337123971379,0.6288497816212069,0.38999674294489056,0.6144348856890605,0.7642443440630543,0.4543190221622608,0.5513337123971379,0.6288497816212069,23.1262818296981,31.5754981316832,40.0247144336683
111,63.41639923629071,84.00484546007492,112.93223357681576,65.09174303816772,75.27032569865479,87.61776667862051,63.41639923629071,84.00484546007492,112.93223357681576,65.09174303816772,75.27032569865479,87.61776667862051,2.4013368227364964,30.118088290663835,68.84233917906278,2.4013368227364964,30.118088290663835,68.84233917906278,-0.76073522238012,21.383568529243703,38.6904564338739,2.4013368227364964,30.118088290663835,68.84233917906278,-0.76073522238012,21.383568529243703,43.52787228086753,0.3894204222466103,0.6004021016439083,0.7506982459386358,0.4420211624652545,0.5379744643703022,0.615715056071442,0.3894204222466103,0.6004021016439083,0.7506982459386358,0.4420211624652545,0.5379744643703022,0.615715056071442,22.8347238004572,31.32575874608395,39.8167936917107
112,62.494565720301054,82.96374549433389,110.14395723173281,64.40412298498137,74.59230882641064,85.73586645405732,62.494565720301054,82.96374549433389,110.14395723173281,64.40412298498137,74.59230882641064,85.73586645405732,2.414876971861389,29.916863689701465,66.8614135669036,2.414876971861389,29.916863689701465,66.8614135669036,0.6375312543283371,21.545427021778217,38.76641980701473,2.414876971861389,29.916863689701465,66.8614135669036,0.6375312543283371,21.545427021778217,42.453322789228096,0.39373142243400955,0.5920267828647643,0.7410853842393043,0.4445443784894356,0.5322884635671477,0.6097434212508522,0.39373142243400955,0.5920267828647643,0.7410853842393043,0.4445443784894356,0.5322884635671477,0.6097434212508522,22.5675526937722,31.0857414006092,39.6039301074462
113,60.029783760789655,81.71809215861384,109.61585470819837,63.74542083114229,74.09577460512212,85.19128270853165,60.029783760789655,81.71809215861384,109.61585470819837,63.74542083114229,74.09577460512212,85.19128270853165,-0.16447156954809827,28.578066063726162,66.13964507240813,-0.16447156954809827,28.578066063726162,66.13964507240813,0.1964239477274674,20.955748510234436,38.360331519664335,-0.16447156954809827,28.578066063726162,66.13964507240813,0.1964239477274674,20.955748510234436,41.715073072741404,0.3830954659108871,0.5879288826414124,0.7467949292622659,0.44507672403005877,0.533089366397395,0.612318672245578,0.3830954659108871,0.5879288826414124,0.7467949292622659,0.44507672403005877,0.533089366397395,0.612318672245578,22.3156523081083,30.850612739378853,39.3855731706494
114,57.8740104528874,77.96369743470588,104.14055095653305,61.5026910015009,71.73537553627429,82.64611535404866,57.8740104528874,77.96369743470588,104.14055095653305,61.5026910015009,71.73537553627429,82.64611535404866,-2.4016312554903507,24.74525176673116,60.54590180111017,-2.4016312554903507,24.74525176673116,60.54590180111017,-2.0176064620266416,18.51692986829957,35.80681044347599,-2.4016312554903507,24.74525176673116,60.54590180111017,-2.0176064620266416,18.51692986829957,39.05146619862578,0.35220829661809694,0.5354340309638902,0.6758240144378633,0.41095840934796635,0.49265956528374705,0.5668806694675488,0.35220829661809694,0.5354340309638902,0.6758240144378633,0.41095840934796635,0.49265956528374705,0.5668806694675488,22.0704489110314,30.6159590886701,39.1614692663088
115,59.379626725106995,79.76115515613158,106.93677905064071,61.21652894632618,71.46167790351589,82.36769838045375,59.379626725106995,79.76115515613158,106.93677905064071,61.21652894632618,71.46167790351589,82.36769838045375,-0.6744338714776887,26.763475015458596,63.59855269707199,-0.6744338714776887,26.763475015458596,63.59855269707199,-2.1014765011992083,18.463997762842908,35.76552717594432,-0.6744338714776887,26.763475015458596,63.59855269707199,-2.1014765011992083,18.463997762842908,39.029472026885024,0.3595791854958417,0.5508099532515098,0.6940959158018795,0.4113017274826677,0.49349590522178055,0.5682214751348446,0.3595791854958417,0.5508099532515098,0.6940959158018795,0.4113017274826677,0.49349590522178055,0.5682214751348446,21.8246789164923,30.3781810492074,38.9316831819225
116,58.88622802707584,79.23746874276563,106.1263685959051,60.63889111786024,70.86349939082714,81.48074084188782,58.88622802707584,79.23746874276563,106.1263685959051,60.63889111786024,70.86349939082714,81.48074084188782,-1.3814700707022283,26.04643954246982,62.63044882140694,-1.3814700707022283,26.04643954246982,62.63044882140694,-2.6398806863269826,17.672470190531335,34.9737473609805,-1.3814700707022283,26.04643954246982,62.63044882140694,-2.6398806863269826,17.672470190531335,37.98482106738965,0.3574700590831222,0.5464821692759055,0.6893515739018308,0.40854316269230395,0.4887288739030634,0.5631706026588146,0.3574700590831222,0.5464821692759055,0.6893515739018308,0.40854316269230395,0.4887288739030634,0.5631706026588146,21.5731041618762,30.1351627446911,38.697221327506
117,57.83438458298315,78.29935161635059,105.14170312629777,59.510960717245815,69.85089016508931,80.36267904708797,57.83438458298315,78.29935161635059,105.14170312629777,59.510960717245815,69.85089016508931,80.36267904708797,-2.563653525944787,24.99869059825032,61.59013162521592,-2.563653525944787,24.99869059825032,61.59013162521592,-3.710649252028034,16.55022914698904,33.9875356856602,-2.563653525944787,24.99869059825032,61.59013162521592,-3.710649252028034,16.55022914698904,36.81110754600611,0.3551905493641625,0.5460213102135739,0.6912701613786917,0.40666857313406846,0.48710587993632937,0.5631351122421417,0.3551905493641625,0.5460213102135739,0.6912701613786917,0.40666857313406846,0.48710587993632937,0.5631351122421417,21.3128405298262,29.887143971738247,38.4614474136503
118,57.83438458298315,78.5619679268066,106.34663324328663,59.434873760724074,70.0350711810915,80.55084182715584,57.83438458298315,78.5619679268066,106.34663324328663,59.434873760724074,70.0350711810915,80.55084182715584,-2.4774159823531505,25.332899854533004,62.89670817269896,-2.4774159823531505,25.332899854533004,62.89670817269896,-3.488910538932366,16.806003108817897,34.48893302224802,-2.4774159823531505,25.332899854533004,62.89670817269896,-3.488910538932366,16.806003108817897,37.10091675656816,0.35129770914171765,0.5490823161808739,0.6964785976104413,0.40873380736228543,0.48948645397774737,0.567434754473186,0.35129770914171765,0.5490823161808739,0.6964785976104413,0.40873380736228543,0.48948645397774737,0.567434754473186,21.0429648648721,29.6356617819309,38.2283586989897
119,58.08058493413235,78.83268168615464,108.42101277637704,59.599661068395015,70.19186088980663,80.71890184388778,58.08058493413235,78.83268168615464,108.42101277637704,59.599661068395015,70.19186088980663,80.71890184388778,-2.6967252557484684,25.210812034310294,64.59648895724172,-2.6967252557484684,25.210812034310294,64.59648895724172,-3.754395548827887,16.569991237962284,34.31763159741037,-2.6967252557484684,25.210812034310294,64.59648895724172,-3.754395548827887,16.569991237962284,36.894378024752456,0.34095913172452,0.551297342374877,0.6990208542729384,0.4099329729197353,0.4908698465815826,0.5689102217616563,0.34095913172452,0.551297342374877,0.6990208542729384,0.4099329729197353,0.4908698465815826,0.5689102217616563,20.7638117699717,29.38243828078975,38.0010647916078
120,60.237002429050975,81.09200336860171,111.80249293323493,61.669122041574504,72.33725852162078,82.93136282005537,60.237002429050975,81.09200336860171,111.80249293323493,61.669122041574504,72.33725852162078,82.93136282005537,-3.502187085308428,24.933906568174052,65.88849608152279,-3.502187085308428,24.933906568174052,65.88849608152279,-4.659042525956977,16.179161721193125,34.42839091517115,-3.502187085308428,24.933906568174052,65.88849608152279,-4.659042525956977,16.179161721193125,37.01736596834323,0.3537658350390386,0.5758230372780384,0.7271209560801405,0.4296613460693452,0.5136568117691157,0.5942986460392198,0.3537658350390386,0.5758230372780384,0.7271209560801405,0.4296613460693452,0.5136568117691157,0.5942986460392198,20.4759185291535,29.128502434429002,37.7810863397045
121,67.66039567977481,92.30067106942366,115.66935276438893,63.5005711533454,73.32271334286723,83.11633920776073,67.66039567977481,92.30067106942366,115.66935276438893,63.5005711533454,73.32271334286723,83.11633920776073,-2.5810691311498033,30.555205405395952,65.19452995244511,-2.5810691311498033,30.555205405395952,65.19452995244511,-9.487021038137854,11.577247678839527,29.895389015258267,-2.5810691311498033,30.555205405395952,65.19452995244511,-9.487021038137854,11.577247678839527,32.64151639581691,0.5224190452039804,0.713442475760935,0.9095787224054455,0.47637281766114586,0.5667514388654724,0.6513043062665244,0.5224190452039804,0.713442475760935,0.9095787224054455,0.47637281766114586,0.5667514388654724,0.6513043062665244,20.1785476433134,28.87337550184475,37.5682033603761
122,67.92225388302069,93.6935389125681,116.43437595142396,63.4097237373465,73.39915541844074,83.24694669519901,67.92225388302069,93.6935389125681,116.43437595142396,63.4097237373465,73.39915541844074,83.24694669519901,-2.5532079678238375,31.742056568157977,65.66816473217716,-2.5532079678238375,31.742056568157977,65.66816473217716,-9.58538932789098,11.447673074030618,29.961084261559257,-2.5532079678238375,31.742056568157977,65.66816473217716,-9.58538932789098,11.447673074030618,32.480735475952216,0.5543238328298102,0.7476792280794015,0.9595306994425216,0.4913409473572836,0.5857290107928487,0.6748473613790301,0.5543238328298102,0.7476792280794015,0.9595306994425216,0.4913409473572836,0.5857290107928487,0.6748473613790301,19.8693468799106,28.61499642641855,37.3606459729265
123,68.84118853145426,94.40947011150466,116.62656267672932,63.4179470249643,73.5068478716805,83.34491376732518,68.84118853145426,94.40947011150466,116.62656267672932,63.4179470249643,73.5068478716805,83.34491376732518,-3.011260936485513,31.266995366665064,64.91076121885057,-3.011260936485513,31.266995366665064,64.91076121885057,-10.900366055764607,10.36437312684091,29.1632486966573,-3.011260936485513,31.266995366665064,64.91076121885057,-10.900366055764607,10.36437312684091,31.629112309446427,0.5678418162267648,0.7598149252169097,0.9723717809129978,0.4955218194086678,0.5915889587409691,0.6827621897028595,0.5678418162267648,0.7598149252169097,0.9723717809129978,0.4955218194086678,0.5915889587409691,0.6827621897028595,19.5440066682449,28.34973966293935,37.1554726576338
124,70.51740938022812,94.46673510420482,117.29021658206955,63.31393815184983,73.41655441795591,83.25531839160263,70.51740938022812,94.46673510420482,117.29021658206955,63.31393815184983,73.41655441795591,83.25531839160263,-1.5648663228708557,31.132973191440442,65.37694487286159,-1.5648663228708557,31.132973191440442,65.37694487286159,-11.176461672011598,10.082792505191534,28.933922561632208,-1.5648663228708557,31.132973191440442,65.37694487286159,-11.176461672011598,10.082792505191534,31.342046682394667,0.5713558435614017,0.7710196226263775,0.9740944233365738,0.5013955395166896,0.5992120297099344,0.6921075185132799,0.5713558435614017,0.7710196226263775,0.9740944233365738,0.5013955395166896,0.5992120297099344,0.6921075185132799,19.196785567881,28.0729048303267,36.9490240927724
125,73.6779932640429,94.92447855636632,117.76651768913976,63.19437293445853,73.3262609642313,83.16572301588009,73.6779932640429,94.92447855636632,117.76651768913976,63.19437293445853,73.3262609642313,83.16572301588009,1.5390799283982304,31.544412983216276,65.87412854470216,1.5390799283982304,31.544412983216276,65.87412854470216,-11.380943089279995,9.946195391081247,28.836931183348632,1.5390799283982304,31.544412983216276,65.87412854470216,-11.380943089279995,9.946195391081247,31.27333387144249,0.577125318503396,0.7782244712603107,0.9611554062589834,0.5026016768773741,0.6011546393114984,0.6947667111868181,0.577125318503396,0.7782244712603107,0.9611554062589834,0.5026016768773741,0.6011546393114984,0.6947667111868181,18.8216882583779,27.77953180737505,36.7373753563722
126,73.6779932640429,94.92447855636632,121.25116259355232,63.0938164127194,73.23826999357667,83.07612764015755,73.6779932640429,94.92447855636632,121.25116259355232,63.0938164127194,73.23826999357667,83.07612764015755,1.4345771301221504,31.409877778875043,69.20575700744311,1.4345771301221504,31.409877778875043,69.20575700744311,-11.583383621877573,9.723669216085383,28.596938153372115,1.4345771301221504,31.409877778875043,69.20575700744311,-11.583383621877573,9.723669216085383,31.03072205404834,0.5980472083827667,0.8491519473459229,1.0504472083203042,0.5444177169744737,0.655156820781094,0.7593308320244053,0.5980472083827667,0.8491519473459229,1.0504472083203042,0.5444177169744737,0.655156820781094,0.7593308320244053,18.4136081321078,27.4651725049389,36.51673687777
127,74.09938755306774,95.12828093472858,122.479401325325,63.01745277635576,73.00580669893546,82.91966300201648,74.09938755306774,95.12828093472858,122.479401325325,63.01745277635576,73.00580669893546,82.91966300201648,1.7542818997378333,31.511990637828127,70.33230621980663,1.7542818997378333,31.511990637828127,70.33230621980663,-11.99353509242809,9.389516402035007,28.106685681044162,1.7542818997378333,31.511990637828127,70.33230621980663,-11.99353509242809,9.389516402035007,30.772567896498103,0.5974783911335175,0.8605026994921937,1.062494002104308,0.5475344562443077,0.6603892462446975,0.7647077607306706,0.5974783911335175,0.8605026994921937,1.062494002104308,0.5475344562443077,0.6603892462446975,0.7647077607306706,17.9690505401643,27.126413206258498,36.2837758723527
128,74.08021727119309,94.77779404276347,121.1807489368447,62.92191885811747,72.92002791789707,82.83485734830623,74.08021727119309,94.77779404276347,121.1807489368447,62.92191885811747,72.92002791789707,82.83485734830623,1.3866838315297159,30.89224517096038,68.89616207682076,1.3866838315297159,30.89224517096038,68.89616207682076,-12.481312396094339,9.034479046093978,27.84057267373386,1.3866838315297159,30.89224517096038,68.89616207682076,-12.481312396094339,9.034479046093978,30.550270488282294,0.6104542039555021,0.8698802566234446,1.0724429153186448,0.5536868252888487,0.6692674506603187,0.7757935486817539,0.6104542039555021,0.8698802566234446,1.0724429153186448,0.5536868252888487,0.6692674506603187,0.7757935486817539,17.486873070698,26.761359480468002,36.035845890238
129,74.75595066643217,94.90882617625444,122.13164504674563,62.73209289247583,72.61479437838456,82.40229541601661,74.75595066643217,94.90882617625444,122.13164504674563,62.73209289247583,72.61479437838456,82.40229541601661,1.9571902330859814,30.879873735070774,69.53269763959311,1.9571902330859814,30.879873735070774,69.53269763959311,-12.631664134462298,8.585841937200897,27.23835141527215,1.9571902330859814,30.879873735070774,69.53269763959311,-12.631664134462298,8.585841937200897,29.80334800886409,0.607165060561154,0.8743069995845749,1.0729396690065767,0.5545193230333272,0.6689327595361246,0.7748045163309516,0.607165060561154,0.8743069995845749,1.0729396690065767,0.5545193230333272,0.6689327595361246,0.7748045163309516,16.9688695714173,26.36999648974955,35.7711234080818
130,74.70504638032646,95.86281577349993,122.26847381560576,61.92173427824645,72.46934418369234,82.4736253404453,74.70504638032646,95.86281577349993,122.26847381560576,61.92173427824645,72.46934418369234,82.4736253404453,2.0876734419683487,31.932622738500818,69.93869825308883,2.0876734419683487,31.932622738500818,69.93869825308883,-13.065547480541909,8.539151148693229,27.773940957498127,2.0876734419683487,31.932622738500818,69.93869825308883,-13.065547480541909,8.539151148693229,30.143849777928367,0.6231731525751816,0.8845871850626842,1.0923020315799148,0.5519032720032713,0.668720740753709,0.7798361984173972,0.6231731525751816,0.8845871850626842,1.0923020315799148,0.5519032720032713,0.668720740753709,0.7798361984173972,16.4198149923122,25.9542365252644,35.4886580582166
131,74.70504638032646,95.86281577349993,122.61623009418511,61.81765819128992,72.39485208436955,82.75788955553259,74.70504638032646,95.86281577349993,122.61623009418511,61.81765819128992,72.39485208436955,82.75788955553259,2.8140663640643027,32.46235649215164,70.57110343263365,2.8140663640643027,32.46235649215164,70.57110343263365,-12.72397728793861,8.994392803021256,28.062107431014752,2.8140663640643027,32.46235649215164,70.57110343263365,-12.72397728793861,8.994392803021256,30.71276289398112,0.6244081668519267,0.889880612941893,1.0984326165620373,0.552564224275402,0.6720309102842493,0.7835930003336701,0.6244081668519267,0.889880612941893,1.0984326165620373,0.552564224275402,0.6720309102842493,0.7835930003336701,15.847030328263,25.517682837010852,35.1883353457587
132,74.05428770437669,94.84825182806334,122.61623009418511,61.71464817146271,72.32035998504675,82.69439749204052,74.05428770437669,94.84825182806334,122.61623009418511,61.71464817146271,72.32035998504675,82.69439749204052,1.993736710117247,31.27822156871777,70.46838898527707,1.993736710117247,31.27822156871777,70.46838898527707,-13.045896931730127,8.750329725701178,27.846562274199087,1.993736710117247,31.27822156871777,70.46838898527707,-13.045896931730127,8.750329725701178,30.546556383132483,0.5943353646232326,0.8621389073227069,1.0625184119969948,0.5409635822277548,0.6573679001244921,0.766304843146478,0.5943353646232326,0.8621389073227069,1.0625184119969948,0.5409635822277548,0.6573679001244921,0.766304843146478,15.2598314895345,25.06527753089285,34.8707235722512
133,74.05428770437669,94.84825182806334,122.61623009418511,61.63647227569723,72.24586788572394,82.63090542854846,74.05428770437669,94.84825182806334,122.61623009418511,61.63647227569723,72.24586788572394,82.63090542854846,2.0024465035098444,31.27482185416696,70.47397574719962,2.0024465035098444,31.27482185416696,70.47397574719962,-13.143775257907848,8.672437911827558,27.760244748824732,2.0024465035098444,31.27482185416696,70.47397574719962,-13.143775257907848,8.672437911827558,30.488651081562963,0.5714445044997529,0.8273118909626155,1.0187279240475877,0.5199213259710495,0.6301630701968203,0.7337751777882634,0.5714445044997529,0.8273118909626155,1.0187279240475877,0.5199213259710495,0.6301630701968203,0.7337751777882634,14.6689837172461,24.6029219992175,34.5368602811889
134,74.71558940404253,95.0928554801796,122.46455799124973,62.219598079597596,72.4159794385174,82.43337794642436,74.71558940404253,95.0928554801796,122.46455799124973,62.219598079597596,72.4159794385174,82.43337794642436,2.539861270968153,31.516031844197656,70.28768132368668,2.539861270968153,31.516031844197656,70.28768132368668,-12.57818967379039,8.839155802535458,27.6344416585477,2.539861270968153,31.516031844197656,70.28768132368668,-12.57818967379039,8.839155802535458,30.256501278861307,0.5389886106660707,0.7726070795227116,0.9467445113363667,0.49041431488376125,0.5883627965765656,0.6808433435245157,0.5389886106660707,0.7726070795227116,0.9467445113363667,0.49041431488376125,0.5883627965765656,0.6808433435245157,14.0860184510752,24.13704646528695,34.1880744794987
135,74.09874324633961,94.66771690695558,122.74254409637643,61.52457602612919,71.94145442680012,82.2473237463495,74.09874324633961,94.66771690695558,122.74254409637643,61.52457602612919,71.94145442680012,82.2473237463495,2.2802097375563903,31.33703847053245,70.7024692198346,2.2802097375563903,31.33703847053245,70.7024692198346,-12.98569688905367,8.610775990376993,27.515509463408016,2.2802097375563903,31.33703847053245,70.7024692198346,-12.98569688905367,8.610775990376993,30.207248869807657,0.5375236593781614,0.7799328284390676,0.9579534282529552,0.49146375298720585,0.5926994319326606,0.6880043772646383,0.5375236593781614,0.7799328284390676,0.9579534282529552,0.49146375298720585,0.5926994319326606,0.6880043772646383,13.5224154341387,23.67412385647765,33.8258322788166
136,75.50365019554988,96.79784697393406,125.65323874202201,61.472023965254955,71.90558642106124,82.21910505146413,75.50365019554988,96.79784697393406,125.65323874202201,61.472023965254955,71.90558642106124,82.21910505146413,7.2844294819223165,36.569999336197405,76.09040871798271,7.2844294819223165,36.569999336197405,76.09040871798271,-9.300797460775641,11.677738783324592,30.102674315021794,7.2844294819223165,36.569999336197405,76.09040871798271,-9.300797460775641,11.677738783324592,32.656275027424826,0.5636972162995495,0.8186694192621742,1.0070736645981149,0.5051014949776829,0.6081427068609089,0.7054878831971246,0.5636972162995495,0.8186694192621742,1.0070736645981149,0.5051014949776829,0.6081427068609089,0.7054878831971246,12.9887696160038,23.2201867582749,33.451603900546
137,74.88270437145059,96.3140017451467,125.33971490471194,60.800161644210654,71.385873186535,81.87736251926869,74.88270437145059,96.3140017451467,125.33971490471194,60.800161644210654,71.385873186535,81.87736251926869,7.50239570186659,36.789239725923814,76.27878123212119,7.50239570186659,36.789239725923814,76.27878123212119,-9.094206512053717,11.86111116731211,30.302369359997563,7.50239570186659,36.789239725923814,76.27878123212119,-9.094206512053717,11.86111116731211,32.81642884667794,0.5651004890713427,0.8242276163002658,1.0158177902991548,0.5057640547066338,0.6108998383198804,0.7103636008287938,0.5651004890713427,0.8242276163002658,1.0158177902991548,0.5057640547066338,0.6108998383198804,0.7103636008287938,12.494052425653,22.78040986679025,33.0667673079275
138,74.81397219611767,96.29624605556292,125.33971490471194,60.68051297193272,71.33224949121234,81.84914382438333,74.81397219611767,96.29624605556292,125.33971490471194,60.68051297193272,71.33224949121234,81.84914382438333,7.544667956569029,36.882450711358366,76.38540697903575,7.544667956569029,36.882450711358366,76.38540697903575,-9.05792760469157,11.918454147007786,30.425699561631497,7.544667956569029,36.882450711358366,76.38540697903575,-9.05792760469157,11.918454147007786,32.89483589870714,0.5708061886735365,0.8331591889497368,1.0274594151750776,0.5104034063434871,0.6171696360600288,0.7184260191561419,0.5708061886735365,0.8331591889497368,1.0274594151750776,0.5104034063434871,0.6171696360600288,0.7184260191561419,12.0448334039169,22.3586958977847,32.6725583916525
139,69.94856086997079,88.92077040279644,115.69367187546584,57.785711031540124,68.74879321805817,79.56963403811497,69.94856086997079,88.92077040279644,115.69367187546584,57.785711031540124,68.74879321805817,79.56963403811497,6.591743707546755,32.79425797591849,69.27384127595691,6.591743707546755,32.79425797591849,69.27384127595691,-7.9052418562455955,12.622280791180224,30.81566771324436,6.591743707546755,32.79425797591849,69.27384127595691,-7.9052418562455955,12.622280791180224,33.14980343860604,0.5566980218297974,0.8113271993087576,0.9925184603098995,0.5139869395116414,0.6272748830762482,0.7355256003203917,0.5566980218297974,0.8113271993087576,0.9925184603098995,0.5139869395116414,0.6272748830762482,0.7355256003203917,11.6446755558253,21.95737306766435,32.2700705795034
140,68.23258595075515,88.63095773403285,115.44633657750153,57.603450301443665,68.4231125435557,79.34382291508568,68.23258595075515,88.63095773403285,115.44633657750153,57.603450301443665,68.4231125435557,79.34382291508568,4.985456940960319,32.64388766659825,69.2377402871277,4.985456940960319,32.64388766659825,69.2377402871277,-8.263141672469644,12.43604247612111,30.515763660593386,4.985456940960319,32.64388766659825,69.2377402871277,-8.263141672469644,12.43604247612111,33.13522662471186,0.5751217741009215,0.841401882173882,1.0435469067685563,0.5296281483867646,0.6495623780926003,0.7616094501467775,0.5751217741009215,0.841401882173882,1.0435469067685563,0.5296281483867646,0.6495623780926003,0.7616094501467775,11.2939663600645,21.57713383142245,31.8603013027804
141,68.18164345356983,88.61387213714268,115.26287435201215,57.52533389121486,68.37015894092664,79.19207316316925,68.18164345356983,88.61387213714268,115.26287435201215,57.52533389121486,68.37015894092664,79.19207316316925,6.257235165883706,33.81551597651335,69.94990455632944,6.257235165883706,33.81551597651335,69.94990455632944,-6.735497806891914,13.571802780297318,31.5426799570659,6.257235165883706,33.81551597651335,69.94990455632944,-6.735497806891914,13.571802780297318,33.87910336748655,0.6460419190859601,0.9463518840785619,1.176135964787259,0.5929447613487993,0.7301591406406515,0.8586167166655044,0.6460419190859601,0.9463518840785619,1.176135964787259,0.5929447613487993,0.7301591406406515,0.8586167166655044,10.9906927159533,21.217507312430598,31.4443219089079
142,68.29938356399134,88.4394770728071,115.20625892551273,57.49311562126352,68.1971567772152,79.16717021024276,68.29938356399134,88.4394770728071,115.20625892551273,57.49311562126352,68.1971567772152,79.16717021024276,5.636972271432654,33.00194537885679,69.31340561427338,5.636972271432654,33.00194537885679,69.31340561427338,-7.755066732473622,12.759625083264893,30.688545837824954,5.636972271432654,33.00194537885679,69.31340561427338,-7.755066732473622,12.759625083264893,33.27431689900341,0.6587257810542841,0.9690213769360143,1.202646840356838,0.603861791585744,0.7472285561907469,0.878584119944596,0.6587257810542841,0.9690213769360143,1.202646840356838,0.603861791585744,0.7472285561907469,0.878584119944596,10.7313674690241,20.877545387001952,31.0237233049798
143,65.11200695655286,86.5509492727377,112.83214460624689,57.447346327893676,67.71672810734255,77.85705325512345,65.11200695655286,86.5509492727377,112.83214460624689,57.447346327893676,67.71672810734255,77.85705325512345,2.3639570479730168,31.045272208657096,67.0205426439875,2.3639570479730168,31.045272208657096,67.0205426439875,-7.6233492063401656,12.211051043261946,29.72280566721006,2.3639570479730168,31.045272208657096,67.0205426439875,-7.6233492063401656,12.211051043261946,32.04545129286406,0.6541594921069329,0.9652982024820099,1.2167972997336027,0.6157496363532456,0.7552411206259337,0.8850080665173414,0.6541594921069329,0.9652982024820099,1.2167972997336027,0.6157496363532456,0.7552411206259337,0.8850080665173414,10.5115753060407,20.556192307864798,30.6008093096889
144,64.92762628929958,86.29147235268509,112.76864188684196,57.294521120375386,67.67591076538844,77.82805667421488,64.92762628929958,86.29147235268509,112.76864188684196,57.294521120375386,67.67591076538844,77.82805667421488,1.9084436834248777,30.597280351765747,66.75464392077924,1.9084436834248777,30.597280351765747,66.75464392077924,-7.850621179213974,11.981718764469093,29.688099014437505,1.9084436834248777,30.597280351765747,66.75464392077924,-7.850621179213974,11.981718764469093,31.81405870815216,0.7335502465553057,1.0957335634186172,1.385525917316937,0.6926897221857256,0.8593522029323908,1.0135156945127133,0.7335502465553057,1.0957335634186172,1.385525917316937,0.6926897221857256,0.8593522029323908,1.0135156945127133,10.3266355986988,20.252648106402148,30.1786606141055
145,63.08157201436128,86.10523560888824,112.60366891588484,57.20818142313665,67.66564367014396,77.84791209726937,63.08157201436128,86.10523560888824,112.60366891588484,57.20818142313665,67.66564367014396,77.84791209726937,0.125740959463279,30.479414539436434,66.65178663811166,0.125740959463279,30.479414539436434,66.65178663811166,-7.816384618111869,12.039822600692162,29.82729483314567,0.125740959463279,30.479414539436434,66.65178663811166,-7.816384618111869,12.039822600692162,31.896029819496192,0.8554268186714016,1.2970938015949856,1.6723325629100514,0.8057944315600944,1.0193188180117907,1.212927692518065,0.8554268186714016,1.2970938015949856,1.6723325629100514,0.8057944315600944,1.0193188180117907,1.212927692518065,10.1722376311086,19.9666839548131,29.7611302785176
146,59.78540716214401,82.14103158921941,107.7444771747544,53.89191141269967,63.72036709527007,73.46013511162606,59.78540716214401,82.14103158921941,107.7444771747544,53.89191141269967,63.72036709527007,73.46013511162606,-2.9542536061303366,26.697798489066933,61.98098774578004,-2.9542536061303366,26.697798489066933,61.98098774578004,-11.142377692416517,8.277133995117595,25.402017345809867,-2.9542536061303366,26.697798489066933,61.98098774578004,-11.142377692416517,8.277133995117595,27.696645682651706,0.8312293772399855,1.2706028562246294,1.644968294794891,0.774759667054498,0.98566184115903,1.1740486649437483,0.8312293772399855,1.2706028562246294,1.644968294794891,0.774759667054498,0.98566184115903,1.1740486649437483,10.0448690191193,19.6988127963508,29.3527565735823
147,61.572295652887036,82.14784191568302,107.39019617412374,53.87859780323221,63.58906266277122,73.16799601639181,61.572295652887036,82.14784191568302,107.39019617412374,53.87859780323221,63.58906266277122,73.16799601639181,-0.5251843907334504,27.246678635555618,62.0546831805204,-0.5251843907334504,27.246678635555618,62.0546831805204,-10.456684257500825,8.68789938264382,25.594681005675916,-0.5251843907334504,27.246678635555618,62.0546831805204,-10.456684257500825,8.68789938264382,27.832483022788466,0.8708562839520736,1.3274608775412542,1.694037303666633,0.8057766533641724,1.0275619049248916,1.2247955555639378,0.8708562839520736,1.3274608775412542,1.694037303666633,0.8057766533641724,1.0275619049248916,1.2247955555639378,9.94171462380932,19.45014920586036,28.9585837879114
148,61.06888750045746,82.03250679817566,107.37601644375304,53.3031466685567,63.297186826224284,73.22343653918566,61.06888750045746,82.03250679817566,107.37601644375304,53.3031466685567,63.297186826224284,73.22343653918566,-0.1514009390981812,27.936327531400195,63.061515813075076,-0.1514009390981812,27.936327531400195,63.061515813075076,-10.50692078961005,9.201007559448819,26.319156889896576,-0.1514009390981812,27.936327531400195,63.061515813075076,-10.50692078961005,9.201007559448819,28.908935908507686,0.879779535946631,1.3501317500268946,1.7297449740172302,0.8076414139830519,1.0417765463601565,1.2466586631519674,0.879779535946631,1.3501317500268946,1.7297449740172302,0.8076414139830519,1.0417765463601565,1.2466586631519674,9.86010909005054,19.22199889419767,28.5838886983448
149,60.637554199714565,85.00682893458523,106.52401715941079,52.53699431219228,62.320353525733154,72.02929187532784,60.637554199714565,85.00682893458523,106.52401715941079,52.53699431219228,62.320353525733154,72.02929187532784,1.9362418045770937,33.10060258539559,63.833793269876224,1.9362418045770937,33.10060258539559,63.833793269876224,-8.510813632706245,10.414127176543516,26.992572436032226,1.9362418045770937,33.10060258539559,63.833793269876224,-8.510813632706245,10.414127176543516,29.339067985793278,1.0265725422766712,1.4639527212256507,1.9172496861542556,0.8345654053141105,1.0732555522327318,1.2834012753694544,1.0265725422766712,1.4639527212256507,1.9172496861542556,0.8345654053141105,1.0732555522327318,1.2834012753694544,9.79740370172897,19.015611814593985,28.233819927459
150,63.128808638622914,82.75328007670797,105.81563904532688,52.46658852881108,62.114051205710915,71.80657436484434,63.128808638622914,82.75328007670797,105.81563904532688,52.46658852881108,62.114051205710915,71.80657436484434,3.98064318602421,30.45127052707243,62.52290382664677,3.98064318602421,30.45127052707243,62.52290382664677,-8.88975583401347,9.81204165607538,26.305660235938383,3.98064318602421,30.45127052707243,62.52290382664677,-8.88975583401347,9.81204165607538,28.51383914616423,0.976962822743191,1.435714007761807,1.8165037591536763,0.8396258699160163,1.0776372043767928,1.2883466518967528,0.976962822743191,1.435714007761807,1.8165037591536763,0.8396258699160163,1.0776372043767928,1.2883466518967528,9.75100294093621,18.831986335449756,27.9129697299633
151,63.006971590958926,82.57006794096208,105.0600802268919,52.33143787167964,61.96230760143355,71.49663889738667,63.006971590958926,82.57006794096208,105.0600802268919,52.33143787167964,61.96230760143355,71.49663889738667,4.81977541292747,31.077210017852124,62.443206771518824,4.81977541292747,31.077210017852124,62.443206771518824,-7.940866085366402,10.469449678323599,26.794657662999015,4.81977541292747,31.077210017852124,62.443206771518824,-7.940866085366402,10.469449678323599,28.8797654420136,1.0091954103197995,1.473450979383545,1.8644158043190528,0.8615382679414736,1.105708461878407,1.3224651147088307,1.0091954103197995,1.473450979383545,1.8644158043190528,0.8615382679414736,1.105708461878407,1.3224651147088307,9.71839644953337,18.671654937967286,27.6249134264012
152,62.913347675839915,82.49294182686108,104.99887149231088,52.22450034709316,61.916650018801086,71.55254727992278,62.913347675839915,82.49294182686108,104.99887149231088,52.22450034709316,61.916650018801086,71.55254727992278,5.746492321831894,31.871421014752336,63.18577893926151,5.746492321831894,31.871421014752336,63.18577893926151,-7.14919631348873,11.295129206692337,27.532613420299533,5.746492321831894,31.871421014752336,63.18577893926151,-7.14919631348873,11.295129206692337,29.739454726873404,1.048339842909538,1.538159444911833,1.9486755899812207,0.8932752300847613,1.1544948927098189,1.3836499981291464,1.048339842909538,1.538159444911833,1.9486755899812207,0.8932752300847613,1.1544948927098189,1.3836499981291464,9.69718890575067,18.534480236440483,27.3717715671303
153,64.42833338912232,82.56030490915033,104.47825109655564,51.7124640201888,61.37589457870517,71.11592681295006,64.42833338912232,82.56030490915033,104.47825109655564,51.7124640201888,61.37589457870517,71.11592681295006,8.677128045801737,33.218501862016694,63.78312282410553,8.677128045801737,33.218501862016694,63.78312282410553,-6.352615477356892,12.034091531571534,28.106924386274848,8.677128045801737,33.218501862016694,63.78312282410553,-6.352615477356892,12.034091531571534,30.42079854049996,1.09719664309663,1.5991637911967336,2.002603511816596,0.9145352054649878,1.1888292850974564,1.4271951701805319,1.09719664309663,1.5991637911967336,2.002603511816596,0.9145352054649878,1.1888292850974564,1.4271951701805319,9.68512921215147,18.419502134449434,27.1538750567474
154,63.84213043502814,81.72888598130169,101.71673868503288,50.820690939464086,60.580843141633444,70.2986497844013,63.84213043502814,81.72888598130169,101.71673868503288,50.820690939464086,60.580843141633444,70.2986497844013,8.55623640997807,32.75468354164793,61.23545069254749,8.55623640997807,32.75468354164793,61.23545069254749,-6.604080387956543,11.606640701979686,27.678484489545355,8.55623640997807,32.75468354164793,61.23545069254749,-6.604080387956543,11.606640701979686,29.817361791915914,1.1250306299487887,1.5970468674263965,1.9982491774522149,0.9105640512879349,1.1837974371451803,1.4239884913743188,1.1250306299487887,1.5970468674263965,1.9982491774522149,0.9105640512879349,1.1837974371451803,1.4239884913743188,9.68013903101578,18.32489216503399,26.9696452990522
155,59.87951731044506,76.5956092193442,92.76396566738171,46.851101070694966,55.48693645841613,64.83308973465276,59.87951731044506,76.5956092193442,92.76396566738171,46.851101070694966,55.48693645841613,64.83308973465276,12.844464313586421,34.6891514456676,57.92276016949643,12.844464313586421,34.6891514456676,57.92276016949643,-2.8309268672884116,13.580478684739532,27.344909295642736,12.844464313586421,34.6891514456676,57.92276016949643,-2.8309268672884116,13.580478684739532,29.991884236767476,1.278358873365628,1.739629251696359,2.1699740029435097,0.9670380973623391,1.2602118937869886,1.5051944399780832,1.278358873365628,1.739629251696359,2.1699740029435097,0.9670380973623391,1.2602118937869886,1.5051944399780832,9.68033954532659,18.248090547557396,26.8158415497882
156,59.79961899003402,75.8789346860139,91.88635427114892,46.76422600609787,55.44921905767969,64.87135709224839,59.79961899003402,75.8789346860139,91.88635427114892,46.76422600609787,55.44921905767969,64.87135709224839,12.82405435270342,33.98381804449392,56.997521912078,12.82405435270342,33.98381804449392,56.997521912078,-2.8743199008580547,13.554102416159708,27.319543463552144,12.82405435270342,33.98381804449392,56.997521912078,-2.8743199008580547,13.554102416159708,29.98252473317747,1.2690604294343146,1.7250628835857174,2.1413905397251987,0.9670022990748364,1.2606053329033886,1.5059326489688796,1.2690604294343146,1.7250628835857174,2.1413905397251987,0.9670022990748364,1.2606053329033886,1.5059326489688796,9.68407466572641,18.186147632724854,26.6882205997233
157,60.030456825707915,75.84355348768355,91.84519031449426,46.71873954742015,55.45320793808951,64.92900736484275,60.030456825707915,75.84355348768355,91.84519031449426,46.71873954742015,55.45320793808951,64.92900736484275,13.083868042238912,33.97074043890497,56.96670097049737,13.083868042238912,33.97074043890497,56.96670097049737,-2.8897282422239954,13.58039488931093,27.388639014670716,13.083868042238912,33.97074043890497,56.96670097049737,-2.8897282422239954,13.58039488931093,30.050518020845857,1.2693216012822954,1.7251976433438034,2.136325839743824,0.966877469923942,1.261382665386079,1.5076902019813534,1.2693216012822954,1.7251976433438034,2.136325839743824,0.966877469923942,1.261382665386079,1.5076902019813534,9.68992895548975,18.135970086459025,26.5820112174283
158,59.56075370137666,75.57065351937263,91.56193606963589,46.6716764786489,55.455986521594006,65.00510245139367,59.56075370137666,75.57065351937263,91.56193606963589,46.6716764786489,55.455986521594006,65.00510245139367,12.680699447169992,33.75955422913884,56.72513390953459,12.680699447169992,33.75955422913884,56.72513390953459,-2.8785258285719237,13.644887231360222,27.498152238278216,12.680699447169992,33.75955422913884,56.72513390953459,-2.8785258285719237,13.644887231360222,30.16830029129237,1.2648141817748668,1.719689389155482,2.1345137685560482,0.9664386044907536,1.2619590693613254,1.50924028468602,1.2648141817748668,1.719689389155482,2.1345137685560482,0.9664386044907536,1.2619590693613254,1.50924028468602,9.69673918972632,18.09438556893371,26.4920319481411
159,58.14077260154551,74.23446861920796,90.13556395760884,45.38304276749571,54.38743792154567,64.01516804935923,58.14077260154551,74.23446861920796,90.13556395760884,45.38304276749571,54.38743792154567,64.01516804935923,13.679610993774517,34.50785319185032,57.036134667975865,13.679610993774517,34.50785319185032,57.036134667975865,-1.5940937713501953,14.660822494188032,28.399763828651345,13.679610993774517,34.50785319185032,57.036134667975865,-1.5940937713501953,14.660822494188032,30.91573875972626,1.3001146543766273,1.771952513049679,2.205165010155002,0.9900113066623483,1.2982103744523912,1.558442167539786,1.3001146543766273,1.771952513049679,2.205165010155002,0.9900113066623483,1.2982103744523912,1.558442167539786,9.70359905821016,18.05835217897738,26.4131052997446
160,58.23417183828872,73.51692805049385,90.5572949146613,45.46946526005287,54.49504365739851,64.17677216233417,58.23417183828872,73.51692805049385,90.5572949146613,45.46946526005287,54.49504365739851,64.17677216233417,13.225432849206868,33.396563504431555,57.22018006245686,13.225432849206868,33.396563504431555,57.22018006245686,-2.0902990874572964,14.37467911133622,28.28863195170142,13.225432849206868,33.396563504431555,57.22018006245686,-2.0902990874572964,14.37467911133622,30.839657310129738,1.2489109752286116,1.7392334825447289,2.15296889041535,0.9805712103025261,1.2892215041491737,1.5496471709340738,1.2489109752286116,1.7392334825447289,2.15296889041535,0.9805712103025261,1.2892215041491737,1.5496471709340738,9.70985678222717,18.025267514647535,26.3406782470679
161,58.990126381963115,74.77968563234721,91.02809821976659,46.0783747406307,54.99368322775844,64.45187730876475,58.990126381963115,74.77968563234721,91.02809821976659,46.0783747406307,54.99368322775844,64.45187730876475,13.267975168946087,34.006934872330056,57.14541399576281,13.267975168946087,34.006934872330056,57.14541399576281,-2.127328149278398,14.220932467741285,28.0856414078689,13.267975168946087,34.006934872330056,57.14541399576281,-2.127328149278398,14.220932467741285,30.56919308476097,1.2732370482589614,1.7448626815984623,2.164792894968505,0.9810908079463716,1.2831884057326848,1.53859895113562,1.2732370482589614,1.7448626815984623,2.164792894968505,0.9810908079463716,1.2831884057326848,1.53859895113562,9.71510545195068,17.99326404432304,26.2714226366954
162,59.27884977191209,74.96418234745116,91.11578063932527,46.05977008946791,55.05569845180767,64.56113083169197,59.27884977191209,74.96418234745116,91.11578063932527,46.05977008946791,55.05569845180767,64.56113083169197,13.833354893357225,34.41752275215922,57.34894455313045,13.833354893357225,34.41752275215922,57.34894455313045,-1.7762170324656807,14.509038856515737,28.40380250211843,13.833354893357225,34.41752275215922,57.34894455313045,-1.7762170324656807,14.509038856515737,30.794294745497155,1.287630756354274,1.7585838090708457,2.1783935783926553,0.9883674002712621,1.29155093622825,1.5495559277063202,1.287630756354274,1.7585838090708457,2.1783935783926553,0.9883674002712621,1.29155093622825,1.5495559277063202,9.71916594552579,17.961430046002945,26.2036941464801
163,59.27884977191209,74.99956354578148,91.9400110106813,46.04116543830512,55.11650337895156,64.68920578618184,59.27884977191209,74.99956354578148,91.9400110106813,46.04116543830512,55.11650337895156,64.68920578618184,12.996301269072688,33.796353430827736,57.772275939285954,12.996301269072688,33.796353430827736,57.772275939285954,-2.6948841867908655,13.913293263997815,28.067969592529913,12.996301269072688,33.796353430827736,57.772275939285954,-2.6948841867908655,13.913293263997815,30.521470714786496,1.2483989045396275,1.729301876358506,2.144525253348769,0.9688229315433124,1.2708483650489453,1.5276364545141956,1.2483989045396275,1.729301876358506,2.144525253348769,0.9688229315433124,1.2708483650489453,1.5276364545141956,9.72206248914074,17.92987072255817,26.1376789559756
164,59.27884977191209,75.07665102525809,92.36174675373942,46.022560787142325,55.219014587241716,64.82938384406708,59.27884977191209,75.07665102525809,92.36174675373942,46.022560787142325,55.219014587241716,64.82938384406708,13.141907360356598,34.00909098108538,58.32465621733924,13.141907360356598,34.00909098108538,58.32465621733924,-2.48938422152888,14.151454543069008,28.417290710551185,13.141907360356598,34.00909098108538,58.32465621733924,-2.48938422152888,14.151454543069008,30.792293307666895,1.2475361218857233,1.7373025773950648,2.1558395810511604,0.9733707071134037,1.2777892334509726,1.5380893426591062,1.2475361218857233,1.7373025773950648,2.1558395810511604,0.9733707071134037,1.2777892334509726,1.5380893426591062,9.72399129030183,17.899477403661717,26.0749635170216
165,58.17692038606065,73.8038813271002,91.32097673224185,43.571628587361765,52.573134703836196,62.20407952622124,58.17692038606065,73.8038813271002,91.32097673224185,43.571628587361765,52.573134703836196,62.20407952622124,12.098798110896062,32.793856537253944,57.33854593179001,12.098798110896062,32.793856537253944,57.33854593179001,-5.095428897789525,11.56310991398994,25.632713515782704,12.098798110896062,32.793856537253944,57.33854593179001,-5.095428897789525,11.56310991398994,28.221648725769406,1.217973845675534,1.710260975085197,2.124360274385424,0.919665913566379,1.2182798384731113,1.4712270678508617,1.217973845675534,1.710260975085197,2.124360274385424,0.919665913566379,1.2182798384731113,1.4712270678508617,9.72528325916134,17.87121757698237,26.0171518948034
166,58.59254983602901,74.45124633550266,92.63238347388132,43.706585609764794,52.75160699749731,62.40425960010451,58.59254983602901,74.45124633550266,92.63238347388132,43.706585609764794,52.75160699749731,62.40425960010451,12.728364182795325,33.61979187460298,58.78503668503372,12.728364182795325,33.61979187460298,58.78503668503372,-4.71660773806164,11.920152536597634,25.997905116664157,12.728364182795325,33.61979187460298,58.78503668503372,-4.71660773806164,11.920152536597634,28.556912811256908,1.2293834725403872,1.7407688439596003,2.1643841719110495,0.9309070467160248,1.2334025076791157,1.4898989751704983,1.2293834725403872,1.7407688439596003,2.1643841719110495,0.9309070467160248,1.2334025076791157,1.4898989751704983,9.72636255580831,17.845208527219803,25.9640544986313
167,58.63251356489463,74.51205634912506,92.69724106381254,43.72794468746763,52.83784073993327,62.529089116896515,58.63251356489463,74.51205634912506,92.69724106381254,43.72794468746763,52.83784073993327,62.529089116896515,12.765981775663668,33.687906733529296,58.85597948386363,12.765981775663668,33.687906733529296,58.85597948386363,-4.660445288272591,12.013691124337505,26.165969350438345,12.765981775663668,33.687906733529296,58.85597948386363,-4.660445288272591,12.013691124337505,28.6878275369476,1.235256666854264,1.7497208765051124,2.176300248486361,0.9354997087251173,1.2407585770943386,1.5002708004937115,1.235256666854264,1.7497208765051124,2.176300248486361,0.9354997087251173,1.2407585770943386,1.5002708004937115,9.7277034052944,17.82134044911885,25.9149774929433
168,63.131018375725105,79.89948637528677,98.67847089366903,45.09895391998715,54.23271896667926,63.581404667498234,63.131018375725105,79.89948637528677,98.67847089366903,45.09895391998715,54.23271896667926,63.581404667498234,15.27478303785302,37.3670527662183,63.4729834178255,15.27478303785302,37.3670527662183,63.4729834178255,-4.975346476433131,11.700285357610788,26.15785213310651,15.27478303785302,37.3670527662183,63.4729834178255,-4.975346476433131,11.700285357610788,28.375917191654707,1.2865376316227932,1.8056766122122168,2.2424891282103565,0.9326685106822079,1.2256243024498312,1.4793024438057873,1.2865376316227932,1.8056766122122168,2.2424891282103565,0.9326685106822079,1.2256243024498312,1.4793024438057873,9.7297881148003,17.7995613104729,25.8693345061455
169,63.131018375725105,79.89948637528677,98.67847089366903,45.057093454870866,54.199543611229025,63.60445942254146,63.131018375725105,79.89948637528677,98.67847089366903,45.057093454870866,54.199543611229025,63.60445942254146,17.44587372854521,39.19782152452436,64.66295050510004,17.44587372854521,39.19782152452436,64.66295050510004,-2.593181513039248,13.497878760466612,27.623808713242255,17.44587372854521,39.19782152452436,64.66295050510004,-2.593181513039248,13.497878760466612,29.588939033972473,1.3571842042593256,1.894149890822847,2.3503321017109786,0.9829143048158109,1.2848901071986285,1.5494989805493882,1.3571842042593256,1.894149890822847,2.3503321017109786,0.9829143048158109,1.2848901071986285,1.5494989805493882,9.73306940879693,17.779863460892663,25.8266575129884
170,63.131018375725105,79.89948637528677,98.67847089366903,45.015232989754594,54.166368255778785,63.627514177584686,63.131018375725105,79.89948637528677,98.67847089366903,45.015232989754594,54.166368255778785,63.627514177584686,17.45492491007355,39.20534495626741,64.66286335414446,17.45492491007355,39.20534495626741,64.66286335414446,-2.667452964541276,13.472226836759425,27.60531414941581,17.45492491007355,39.20534495626741,64.66286335414446,-2.667452964541276,13.472226836759425,29.611906638060127,1.357587452860888,1.894487783009939,2.3507372929081605,0.9815324091850499,1.2843326980676346,1.5490930584834595,1.357587452860888,1.894487783009939,2.3507372929081605,0.9815324091850499,1.2843326980676346,1.5490930584834595,9.73794003780134,17.76227310546012,25.7866061731189
